variant,effective_update,raw_action_loss,raw_direction_loss,raw_alignment_loss,weighted_direction_loss,weighted_alignment_loss,learning_rate,lambda_a,lambda_b,gradient_norm_before_clip,gradient_clip_scale,direction_supervised_samples_in_update
sa,1,17.09375,12.4765625,,3.7429687499999997,,2.996966941282153e-08,0.3,5e-05,21.55885124206543,0.04638466070255215,14
sa,2,16.5,13.84375,,4.153125,,5.993933882564306e-08,0.3,0.0001,22.957286834716797,0.04355915431991579,16
sa,3,16.875,13.84375,,4.153125,,8.99090082384646e-08,0.3,0.00015000000000000001,21.785398483276367,0.04590230473716849,16
sa,4,17.03125,12.8125,,3.84375,,1.1988049664068967e-07,0.3,0.0002,22.787498474121094,0.04388371111184768,15
sa,5,17.234375,13.421875,,4.0265625,,1.498501660535112e-07,0.3,0.00025,23.44573211669922,0.0426516858173838,15
sa,6,16.171875,13.21875,,3.9656249999999997,,1.7981983546633273e-07,0.3,0.00030000000000000003,21.07012939453125,0.047460553339532405,15
sa,7,15.1875,14.109375,,4.2328125,,2.0978950487915426e-07,0.3,0.00035000000000000005,22.95886993408203,0.0435561507544201,16
sa,8,15.875,12.109375,,3.6328125,,2.3976099328137934e-07,0.3,0.0004,19.342754364013672,0.051698945309487834,14
sa,9,17.203125,14.15625,,4.246875,,2.6973066269420087e-07,0.3,0.00045,25.184839248657227,0.03970642774911961,16
sa,10,17.0625,12.96875,,3.890625,,2.997003321070224e-07,0.3,0.0005,22.96161651611328,0.04355094073181875,15
sa,11,16.3125,12.9375,,3.8812499999999996,,3.2967000151984394e-07,0.3,0.00055,23.759862899780273,0.04208778494295301,15
sa,12,16.96875,13.5625,,4.06875,,3.5963967093266547e-07,0.3,0.0006000000000000001,21.974313735961914,0.04550767828364336,16
sa,13,14.296875,13.953125,,4.1859375,,3.8961115933489054e-07,0.3,0.00065,18.807756423950195,0.05316955289396341,16
sa,14,17.96875,13.21875,,3.9656249999999997,,4.195808287477121e-07,0.3,0.0007000000000000001,24.92820930480957,0.04011519591208917,15
sa,15,17.359375,14.3125,,4.29375,,4.495504981605336e-07,0.3,0.00075,20.718040466308594,0.04826711298427025,16
sa,16,15.8125,13.328125,,3.9984374999999996,,4.795201675733551e-07,0.3,0.0008,21.66666030883789,0.04615385969715403,16
sa,17,15.046875,13.28125,,3.984375,,5.094898369861767e-07,0.3,0.0008500000000000001,19.49296760559082,0.051300552087984175,16
sa,18,16.09375,13.828125,,4.1484375,,5.394613253884017e-07,0.3,0.0009,21.072763442993164,0.047454620876148386,16
sa,19,16.46875,14.015625,,4.2046874999999995,,5.694309948012233e-07,0.3,0.00095,21.748607635498047,0.04597995498193647,16
sa,20,17.59375,12.96875,,3.890625,,5.994006642140448e-07,0.3,0.001,23.7011775970459,0.04219199640631525,15
sa,21,17.0,13.8125,,4.14375,,6.293703336268663e-07,0.3,0.0010500000000000002,21.962677001953125,0.04553179013246294,16
sa,22,17.390625,12.015625,,3.6046875,,6.593418220290914e-07,0.3,0.0011,22.6508846282959,0.0441483860966199,14
sa,23,16.078125,13.5625,,4.06875,,6.89311491441913e-07,0.3,0.00115,21.532089233398438,0.046442311712553155,16
sa,24,16.203125,13.46875,,4.0406249999999995,,7.192811608547345e-07,0.3,0.0012000000000000001,21.420181274414062,0.046684945714930905,16
sa,25,16.875,12.140625,,3.6421875,,7.49250830267556e-07,0.3,0.0012500000000000002,23.48763084411621,0.04257560103174501,14
sa,26,19.3125,13.0,,3.9,,7.792204996803775e-07,0.3,0.0013,22.09825897216797,0.04525243374419076,15
sa,27,17.46875,14.0625,,4.21875,,8.091919880826026e-07,0.3,0.00135,27.54658317565918,0.03630214294176506,16
sa,28,16.53125,13.515625,,4.0546875,,8.391616574954242e-07,0.3,0.0014000000000000002,24.19906997680664,0.04132390215650602,15
sa,29,17.421875,12.984375,,3.8953124999999997,,8.691295079188421e-07,0.3,0.0014500000000000001,23.22089958190918,0.04306465373887043,15
sa,30,16.71875,13.359375,,4.0078125,,8.990991773316637e-07,0.3,0.0015,23.36307716369629,0.042802580884075174,15
sa,31,17.21875,13.828125,,4.1484375,,9.290688467444852e-07,0.3,0.0015500000000000002,23.361005783081055,0.04280637611605913,16
sa,32,15.875,13.078125,,3.9234375,,9.590403351467103e-07,0.3,0.0016,21.599931716918945,0.046296442651099355,15
sa,33,15.890625,13.3125,,3.99375,,9.890100045595318e-07,0.3,0.0016500000000000002,21.97235679626465,0.04551173136647783,16
sa,34,17.015625,12.953125,,3.8859375,,1.0189796739723533e-06,0.3,0.0017000000000000001,22.010313034057617,0.04543324751686411,15
sa,35,16.046875,13.625,,4.0874999999999995,,1.0489493433851749e-06,0.3,0.0017500000000000003,22.31083106994629,0.04482127971230286,16
sa,36,15.328125,13.96875,,4.190625,,1.0789208317874e-06,0.3,0.0018,17.942617416381836,0.05573322870313154,16
sa,37,16.3125,13.84375,,4.153125,,1.1088905012002215e-06,0.3,0.00185,21.68283462524414,0.0461194312129169,16
sa,38,16.765625,12.484375,,3.7453125,,1.138860170613043e-06,0.3,0.0019,19.888607025146484,0.05028004217367429,14
sa,39,15.953125,13.171875,,3.9515624999999996,,1.1688298400258645e-06,0.3,0.0019500000000000001,23.16030502319336,0.04317732426229157,15
sa,40,15.921875,12.828125,,3.8484374999999997,,1.198799509438686e-06,0.3,0.002,20.870370864868164,0.047914816965870764,15
sa,41,15.75,12.3125,,3.6937499999999996,,1.2287709978409111e-06,0.3,0.00205,18.11697006225586,0.05519686771925281,14
sa,42,15.796875,11.140625,,3.3421875,,1.2587406672537327e-06,0.3,0.0021000000000000003,21.5794620513916,0.046340358143242624,13
sa,43,15.46875,11.859375,,3.5578125,,1.2887103366665542e-06,0.3,0.00215,19.57234764099121,0.051092491219891116,14
sa,44,16.828125,13.453125,,4.0359375,,1.3186800060793757e-06,0.3,0.0022,26.348651885986328,0.03795260586109361,16
sa,45,16.65625,13.96875,,4.190625,,1.3486514944816008e-06,0.3,0.00225,23.89602279663086,0.04184796811212415,16
sa,46,15.46875,12.375,,3.7125,,1.3786211638944224e-06,0.3,0.0023,20.27254867553711,0.04932778882443628,14
sa,47,14.890625,13.53125,,4.059375,,1.4085908333072439e-06,0.3,0.00235,23.1992130279541,0.04310491044653286,16
sa,48,15.84375,13.875,,4.1625,,1.4385605027200654e-06,0.3,0.0024000000000000002,26.42471694946289,0.03784335710813833,16
sa,49,15.734375,12.8125,,3.84375,,1.468530172132887e-06,0.3,0.0024500000000000004,19.551166534423828,0.05114784318568897,15
sa,50,15.25,12.578125,,3.7734375,,1.498501660535112e-06,0.3,0.0025000000000000005,20.060436248779297,0.049849364570067674,15
sa,51,15.484375,12.59375,,3.7781249999999997,,1.5284713299479336e-06,0.3,0.00255,20.40959358215332,0.04899656604992007,15
sa,52,15.84375,13.53125,,4.059375,,1.558440999360755e-06,0.3,0.0026,22.2432918548584,0.04495737440866151,16
sa,53,15.6875,13.015625,,3.9046874999999996,,1.5884106687735766e-06,0.3,0.00265,22.852550506591797,0.04375879181238659,15
sa,54,16.9375,13.6875,,4.10625,,1.6183803381863981e-06,0.3,0.0027,26.647342681884766,0.03752719405975943,16
sa,55,14.109375,13.03125,,3.909375,,1.6483518265886232e-06,0.3,0.0027500000000000003,18.40084457397461,0.0543453315949616,15
sa,56,15.453125,13.625,,4.0874999999999995,,1.6783214960014448e-06,0.3,0.0028000000000000004,24.704668045043945,0.04047818000131405,16
sa,57,16.640625,13.375,,4.0125,,1.7082911654142663e-06,0.3,0.00285,22.62493896484375,0.04419901426270681,16
sa,58,14.265625,13.0,,3.9,,1.7382608348270878e-06,0.3,0.0029000000000000002,22.276996612548828,0.0448893545836736,15
sa,59,13.953125,11.921875,,3.5765625,,1.768232323229313e-06,0.3,0.00295,18.63212013244629,0.05367075742811378,14
sa,60,14.25,12.875,,3.8625,,1.7982019926421344e-06,0.3,0.003,17.238283157348633,0.05801041732939064,16
sa,61,15.21875,13.171875,,3.9515624999999996,,1.828171662054956e-06,0.3,0.00305,22.102800369262695,0.04524313586031624,16
sa,62,14.609375,13.375,,4.0125,,1.8581413314677775e-06,0.3,0.0031000000000000003,22.043851852416992,0.04536412269030719,16
sa,63,15.109375,11.140625,,3.3421875,,1.888111000880599e-06,0.3,0.00315,21.213787078857422,0.04713915512976197,13
sa,64,15.171875,13.625,,4.0874999999999995,,1.918082489282824e-06,0.3,0.0032,25.15259552001953,0.039757328391977556,16
sa,65,14.609375,13.1875,,3.95625,,1.9480521586956456e-06,0.3,0.0032500000000000003,20.900650024414062,0.04784540188137208,16
sa,66,14.171875,12.484375,,3.7453125,,1.978021828108467e-06,0.3,0.0033000000000000004,19.236724853515625,0.05198390098183705,15
sa,67,15.15625,13.125,,3.9375,,2.0079914975212887e-06,0.3,0.0033500000000000005,21.564754486083984,0.046371963132959056,15
sa,68,14.15625,12.515625,,3.7546874999999997,,2.0379629859235138e-06,0.3,0.0034000000000000002,18.613975524902344,0.05372307482956392,15
sa,69,13.9375,13.375,,4.0125,,2.0679326553363353e-06,0.3,0.0034500000000000004,21.16574478149414,0.047246152229631466,16
sa,70,13.375,11.11328125,,3.333984375,,2.097902324749157e-06,0.3,0.0035000000000000005,19.09041976928711,0.052382294998500334,13
sa,71,14.640625,11.46875,,3.440625,,2.1278719941619784e-06,0.3,0.0035499999999999998,22.621723175048828,0.044205297371111583,14
sa,72,13.328125,13.71875,,4.115625,,2.1578416635748e-06,0.3,0.0036,17.684083938598633,0.0565480238316062,16
sa,73,13.125,11.609375,,3.4828125,,2.187813151977025e-06,0.3,0.00365,17.5545654296875,0.05696523813166258,14
sa,74,12.953125,13.328125,,3.9984374999999996,,2.2177828213898465e-06,0.3,0.0037,18.809476852416992,0.05316468968521585,16
sa,75,14.03125,13.203125,,3.9609375,,2.247752490802668e-06,0.3,0.00375,21.933452606201172,0.045592457236635575,16
sa,76,13.53125,11.5625,,3.46875,,2.2777221602154896e-06,0.3,0.0038,20.070405960083008,0.04982460255108184,14
sa,77,14.078125,12.609375,,3.7828125,,2.307691829628311e-06,0.3,0.00385,19.807714462280273,0.05048538042611098,15
sa,78,13.1875,13.765625,,4.1296875,,2.337663318030536e-06,0.3,0.0039000000000000003,21.339630126953125,0.04686116835441047,16
sa,79,14.375,12.578125,,3.7734375,,2.3676329874433577e-06,0.3,0.00395,21.801300048828125,0.045868824233431554,15
sa,80,13.859375,13.171875,,3.9515624999999996,,2.3976026568561792e-06,0.3,0.004,22.3636531829834,0.0447154135246966,16
sa,81,13.328125,13.5,,4.05,,2.4275723262690008e-06,0.3,0.004050000000000001,20.52960205078125,0.048710150227288265,16
sa,82,14.25,12.390625,,3.7171874999999996,,2.4575419956818223e-06,0.3,0.0041,21.700828552246094,0.0460811898307218,15
sa,83,13.171875,13.34375,,4.003125,,2.4875134840840474e-06,0.3,0.00415,19.73444175720215,0.050672829376338796,16
sa,84,14.3125,13.53125,,4.059375,,2.517483153496869e-06,0.3,0.004200000000000001,21.559593200683594,0.04638306440625665,16
sa,85,13.265625,13.0625,,3.9187499999999997,,2.547451003920287e-06,0.3,0.00425,20.850799560546875,0.04795979152243944,16
sa,86,14.125,13.125,,3.9375,,2.5774206733331084e-06,0.3,0.0043,21.962230682373047,0.04553271543598725,16
sa,87,12.765625,13.390625,,4.0171874999999995,,2.6073921617353335e-06,0.3,0.00435,22.5222225189209,0.04440059142297795,16
sa,88,13.609375,13.265625,,3.9796875,,2.637361831148155e-06,0.3,0.0044,21.775650024414062,0.04592285414574704,16
sa,89,13.0625,13.59375,,4.078125,,2.6673315005609766e-06,0.3,0.00445,20.162702560424805,0.04959652591229472,16
sa,90,13.890625,13.4375,,4.03125,,2.697301169973798e-06,0.3,0.0045,20.09387969970703,0.04976639727840015,16
sa,91,13.5,13.140625,,3.9421874999999997,,2.727272658376023e-06,0.3,0.00455,21.789356231689453,0.04589396719053339,16
sa,92,13.421875,10.5625,,3.1687499999999997,,2.7572423277888447e-06,0.3,0.0046,21.793617248535156,0.04588499415200174,13
sa,93,14.21875,12.9375,,3.8812499999999996,,2.7872119972016662e-06,0.3,0.0046500000000000005,22.919544219970703,0.04363088508228975,16
sa,94,11.5625,11.9375,,3.58125,,2.8171816666144878e-06,0.3,0.0047,16.964345932006836,0.058947159177725084,14
sa,95,12.328125,13.1875,,3.95625,,2.8471513360273093e-06,0.3,0.004750000000000001,18.457298278808594,0.05417911033859877,16
sa,96,13.046875,13.421875,,4.0265625,,2.8771228244295344e-06,0.3,0.0048000000000000004,22.612375259399414,0.044223571762295265,16
sa,97,12.953125,13.171875,,3.9515624999999996,,2.907092493842356e-06,0.3,0.00485,21.76740074157715,0.04594025772171939,16
sa,98,11.875,11.484375,,3.4453125,,2.9370621632551774e-06,0.3,0.004900000000000001,18.550151824951172,0.053907914578625406,14
sa,99,12.0,11.296875,,3.3890625,,2.967031832667999e-06,0.3,0.00495,20.28672981262207,0.04929330696649868,14
sa,100,12.0,12.359375,,3.7078124999999997,,2.9970015020808205e-06,0.3,0.005000000000000001,18.333431243896484,0.05454516324285544,15
sa,101,12.21875,12.234375,,3.6703124999999996,,3.0269729904830456e-06,0.3,0.005050000000000001,22.91921615600586,0.04363150961155167,15
sa,102,11.734375,10.4296875,,3.12890625,,3.056942659895867e-06,0.3,0.0051,17.910614013671875,0.055832815069135025,13
sa,103,12.875,12.171875,,3.6515625,,3.0869123293086886e-06,0.3,0.00515,20.359609603881836,0.0491168553550917,15
sa,104,11.421875,11.515625,,3.4546875,,3.11688199872151e-06,0.3,0.0052,17.848495483398438,0.05602713130247521,14
sa,105,12.859375,13.390625,,4.0171874999999995,,3.1468516681343317e-06,0.3,0.00525,20.387958526611328,0.049048559653226326,16
sa,106,11.578125,13.0625,,3.9187499999999997,,3.1768231565365568e-06,0.3,0.0053,17.868976593017578,0.0559629139808016,16
sa,107,10.84375,12.1875,,3.65625,,3.2067928259493783e-06,0.3,0.005350000000000001,16.6595458984375,0.06002564572265983,15
sa,108,11.546875,12.21875,,3.665625,,3.2367624953622e-06,0.3,0.0054,21.34227180480957,0.046855368029501236,15
sa,109,12.140625,13.0,,3.9,,3.2667321647750214e-06,0.3,0.00545,21.133045196533203,0.0473192571491801,16
sa,110,11.109375,12.734375,,3.8203125,,3.2967036531772465e-06,0.3,0.0055000000000000005,17.389724731445312,0.05750522308106064,16
sa,111,11.28125,11.703125,,3.5109375,,3.326673322590068e-06,0.3,0.00555,18.50733757019043,0.05403262334235959,14
sa,112,11.546875,11.125,,3.3375,,3.3566429920028895e-06,0.3,0.005600000000000001,19.301223754882812,0.05181018637468625,14
sa,113,11.515625,12.265625,,3.6796875,,3.386612661415711e-06,0.3,0.0056500000000000005,18.124544143676758,0.05517380145248383,15
sa,114,10.9375,12.390625,,3.7171874999999996,,3.416584149817936e-06,0.3,0.0057,19.169742584228516,0.052165541378877356,15
sa,115,11.8125,12.921875,,3.8765625,,3.4465538192307577e-06,0.3,0.005750000000000001,20.76631736755371,0.0481549030721474,16
sa,116,11.328125,11.515625,,3.4546875,,3.476523488643579e-06,0.3,0.0058000000000000005,20.17089080810547,0.049576392511041706,14
sa,117,9.828125,12.6875,,3.80625,,3.5064931580564007e-06,0.3,0.005850000000000001,17.56035614013672,0.05694645325070351,16
sa,118,11.015625,13.046875,,3.9140625,,3.5364628274692222e-06,0.3,0.0059,19.461389541625977,0.05138379239884693,16
sa,119,10.75,10.5,,3.15,,3.5664343158714473e-06,0.3,0.00595,18.32550621032715,0.05456875179996176,13
sa,120,10.671875,12.296875,,3.6890625,,3.596403985284269e-06,0.3,0.006,18.997182846069336,0.052639383855112375,15
sa,121,11.21875,12.828125,,3.8484374999999997,,3.6263736546970904e-06,0.3,0.00605,19.66775131225586,0.050844653469705764,16
sa,122,10.078125,11.359375,,3.4078125,,3.656343324109912e-06,0.3,0.0061,17.561731338500977,0.05694199397115691,14
sa,123,10.84375,11.46875,,3.440625,,3.6863129935227334e-06,0.3,0.00615,20.3492488861084,0.0491418629550823,14
sa,124,10.578125,11.796875,,3.5390625,,3.7162844819249585e-06,0.3,0.006200000000000001,18.1218204498291,0.05518209402684102,15
sa,125,10.953125,12.296875,,3.6890625,,3.74625415133778e-06,0.3,0.00625,21.789888381958008,0.04589284637309103,15
sa,126,10.28125,12.1875,,3.65625,,3.7762238207506016e-06,0.3,0.0063,19.867042541503906,0.05033461814514751,15
sa,127,10.015625,12.109375,,3.6328125,,3.806193490163423e-06,0.3,0.006350000000000001,18.153778076171875,0.05508495233356252,15
sa,128,9.875,11.171875,,3.3515625,,3.836163159576245e-06,0.3,0.0064,18.1318416595459,0.05515159567222056,14
sa,129,9.6875,12.515625,,3.7546874999999997,,3.86613464797847e-06,0.3,0.006450000000000001,16.820188522338867,0.05945236574916515,16
sa,130,9.484375,12.8125,,3.84375,,3.896104317391291e-06,0.3,0.006500000000000001,19.34193229675293,0.05170114260858401,16
sa,131,9.703125,12.4375,,3.7312499999999997,,3.926073986804113e-06,0.3,0.00655,16.851865768432617,0.0593406103360512,16
sa,132,9.75,12.453125,,3.7359375,,3.956045475206338e-06,0.3,0.006600000000000001,19.672672271728516,0.05083193509186316,16
sa,133,9.484375,12.703125,,3.8109374999999996,,3.986013325629756e-06,0.3,0.0066500000000000005,16.160890579223633,0.06187777802824774,16
sa,134,9.140625,11.6875,,3.50625,,4.015984814031981e-06,0.3,0.006700000000000001,16.528682708740234,0.06050088912840029,15
sa,135,9.34375,11.125,,3.3375,,4.0459544834448025e-06,0.3,0.006750000000000001,17.594148635864258,0.05683707809320085,14
sa,136,9.203125,11.765625,,3.5296875,,4.075924152857624e-06,0.3,0.0068000000000000005,17.64014434814453,0.056688878518456366,15
sa,137,9.359375,12.375,,3.7125,,4.105895641259849e-06,0.3,0.006850000000000001,17.600271224975586,0.05681730623451726,16
sa,138,8.890625,11.890625,,3.5671874999999997,,4.135865310672671e-06,0.3,0.006900000000000001,17.05788803100586,0.05862390456440536,15
sa,139,9.4375,11.421875,,3.4265624999999997,,4.165834980085492e-06,0.3,0.006950000000000001,17.833349227905273,0.05607471637661981,14
sa,140,8.515625,11.515625,,3.4546875,,4.19580283050891e-06,0.3,0.007000000000000001,16.37845230102539,0.06105583003941062,15
sa,141,9.515625,11.921875,,3.5765625,,4.225772499921732e-06,0.3,0.00705,17.984506607055664,0.055603415865058035,15
sa,142,8.25,10.65625,,3.196875,,4.255743988323957e-06,0.3,0.0070999999999999995,15.669425964355469,0.06381854716789129,14
sa,143,8.84375,11.53125,,3.459375,,4.285713657736778e-06,0.3,0.00715,14.561790466308594,0.06867287386902632,15
sa,144,8.390625,11.390625,,3.4171875,,4.3156833271496e-06,0.3,0.0072,15.447226524353027,0.06473654014353122,15
sa,145,7.9453125,12.671875,,3.8015624999999997,,4.345652996562421e-06,0.3,0.0072499999999999995,16.690494537353516,0.05991434212820888,16
sa,146,8.640625,10.96875,,3.290625,,4.375622665975243e-06,0.3,0.0073,17.677309036254883,0.05656969609735692,14
sa,147,8.1484375,11.90625,,3.571875,,4.405594154377468e-06,0.3,0.00735,15.360116958618164,0.06510367093519596,15
sa,148,8.2734375,11.90625,,3.571875,,4.4355638237902895e-06,0.3,0.0074,14.756099700927734,0.06776858521341712,15
sa,149,7.8671875,12.390625,,3.7171874999999996,,4.465533493203111e-06,0.3,0.00745,14.821611404418945,0.06746904723880819,16
sa,150,8.1796875,10.765625,,3.2296875,,4.4955031626159325e-06,0.3,0.0075,15.181612014770508,0.06586915796735412,14
sa,151,7.7109375,12.296875,,3.6890625,,4.525472832028754e-06,0.3,0.00755,15.142740249633789,0.0660382456222997,16
sa,152,7.5390625,12.21875,,3.665625,,4.555444320430979e-06,0.3,0.0076,14.50886058807373,0.06892339987207535,16
sa,153,8.109375,12.40625,,3.721875,,4.585413989843801e-06,0.3,0.0076500000000000005,14.706727981567383,0.06799609003806598,16
sa,154,7.1328125,12.40625,,3.721875,,4.615383659256622e-06,0.3,0.0077,13.483101844787598,0.07416690992262939,16
sa,155,7.1796875,11.734375,,3.5203124999999997,,4.645355147658847e-06,0.3,0.00775,14.516645431518555,0.06888643831093368,15
sa,156,8.125,10.921875,,3.2765625,,4.675322998082265e-06,0.3,0.0078000000000000005,15.648785591125488,0.06390272230243256,14
sa,157,7.4921875,11.78125,,3.534375,,4.70529448648449e-06,0.3,0.007850000000000001,14.369465827941895,0.06959200933241842,15
sa,158,7.203125,12.328125,,3.6984375,,4.735264155897312e-06,0.3,0.0079,13.200566291809082,0.07575432582922578,16
sa,159,6.9140625,12.21875,,3.665625,,4.765233825310133e-06,0.3,0.00795,13.09965705871582,0.0763378762907883,16
sa,160,7.0546875,11.40625,,3.421875,,4.7952053137123585e-06,0.3,0.008,14.115707397460938,0.07084306665210947,15
sa,161,6.90625,12.390625,,3.7171874999999996,,4.82517498312518e-06,0.3,0.00805,13.85444164276123,0.07217901852598205,16
sa,162,7.0703125,10.546875,,3.1640625,,4.8551446525380015e-06,0.3,0.008100000000000001,12.003257751464844,0.08331071619935536,14
sa,163,7.0703125,11.40625,,3.421875,,4.885114321950823e-06,0.3,0.008150000000000001,12.496466636657715,0.08002261991934213,15
sa,164,6.734375,11.546875,,3.4640625,,4.915083991363645e-06,0.3,0.0082,12.559789657592773,0.07961916777766016,15
sa,165,6.7421875,11.546875,,3.4640625,,4.94505547976587e-06,0.3,0.00825,11.885597229003906,0.08413544399432815,15
sa,166,6.828125,10.9375,,3.28125,,4.975025149178691e-06,0.3,0.0083,10.996258735656738,0.09094002096889331,15
sa,167,6.7265625,11.859375,,3.5578125,,5.004994818591513e-06,0.3,0.008350000000000002,10.969352722167969,0.09116308184521223,16
sa,168,6.390625,12.0,,3.5999999999999996,,5.034964488004334e-06,0.3,0.008400000000000001,11.302700996398926,0.08847442751237983,16
sa,169,6.6796875,11.265625,,3.3796874999999997,,5.064934157417156e-06,0.3,0.008450000000000001,12.140494346618652,0.0823689687956173,15
sa,170,6.46875,11.1875,,3.3562499999999997,,5.094905645819381e-06,0.3,0.0085,11.33700942993164,0.08820668326867835,15
sa,171,6.4765625,11.171875,,3.3515625,,5.124875315232202e-06,0.3,0.00855,10.951793670654297,0.09130924395330182,15
sa,172,6.3828125,10.078125,,3.0234375,,5.154844984645024e-06,0.3,0.0086,10.434935569763184,0.09583192855523252,14
sa,173,6.5390625,9.546875,,2.8640624999999997,,5.1848146540578455e-06,0.3,0.00865,12.135029792785645,0.08240606055986006,13
sa,174,5.8359375,11.015625,,3.3046875,,5.214784323470667e-06,0.3,0.0087,8.278701782226562,0.12079188576968518,15
sa,175,6.4375,11.0,,3.3,,5.244755811872892e-06,0.3,0.008749999999999999,10.143370628356934,0.09858655831863104,15
sa,176,6.21875,11.015625,,3.3046875,,5.274725481285714e-06,0.3,0.0088,9.53646469116211,0.1048606619313284,15
sa,177,6.2890625,9.5,,2.85,,5.304695150698535e-06,0.3,0.00885,8.495942115783691,0.11770325013658088,13
sa,178,5.90625,11.34375,,3.4031249999999997,,5.334664820111357e-06,0.3,0.0089,7.865934371948242,0.12713047842939465,15
sa,179,5.75,10.9375,,3.28125,,5.364634489524178e-06,0.3,0.00895,8.24242115020752,0.12132357492735286,15
sa,180,6.0390625,11.65625,,3.4968749999999997,,5.394605977926403e-06,0.3,0.009,8.1218843460083,0.12312413688720826,16
sa,181,6.234375,10.8125,,3.24375,,5.424575647339225e-06,0.3,0.00905,7.482682704925537,0.1336419088493144,15
sa,182,6.0078125,11.0625,,3.31875,,5.454545316752046e-06,0.3,0.0091,7.565505504608154,0.1321788741533397,15
sa,183,5.8828125,10.859375,,3.2578125,,5.4845168051542714e-06,0.3,0.00915,8.124285697937012,0.12308774422518506,15
sa,184,6.3359375,11.703125,,3.5109375,,5.514486474567093e-06,0.3,0.0092,9.141023635864258,0.10939693844314766,16
sa,185,6.1015625,10.234375,,3.0703125,,5.5444561439799145e-06,0.3,0.00925,7.774222373962402,0.12863022845207286,14
sa,186,5.5390625,10.828125,,3.2484375,,5.574425813392736e-06,0.3,0.009300000000000001,6.478684902191162,0.1543523130229391,15
sa,187,5.59375,9.125,,2.7375,,5.6043954828055575e-06,0.3,0.00935,7.460470199584961,0.13403980891923298,13
sa,188,5.953125,10.03125,,3.009375,,5.634366971207783e-06,0.3,0.0094,6.6458587646484375,0.1504696436402376,14
sa,189,5.265625,11.59375,,3.478125,,5.664336640620604e-06,0.3,0.00945,6.460244655609131,0.15479289923358341,16
sa,190,5.828125,10.25,,3.0749999999999997,,5.694306310033426e-06,0.3,0.009500000000000001,9.986623764038086,0.10013394152296076,14
sa,191,5.8203125,9.921875,,2.9765625,,5.724275979446247e-06,0.3,0.009550000000000001,5.947211742401123,0.16814602259247302,14
sa,192,5.28125,11.609375,,3.4828125,,5.754245648859069e-06,0.3,0.009600000000000001,5.813604831695557,0.17201031527771501,16
sa,193,5.578125,11.171875,,3.3515625,,5.784217137261294e-06,0.3,0.00965,5.360808849334717,0.18653901456010716,16
sa,194,5.5234375,10.734375,,3.2203125,,5.814186806674115e-06,0.3,0.0097,5.142908096313477,0.19444251798254317,15
sa,195,5.421875,9.765625,,2.9296875,,5.844156476086937e-06,0.3,0.009750000000000002,5.081394195556641,0.19679638333795024,14
sa,196,5.2578125,10.515625,,3.1546875,,5.874124326510355e-06,0.3,0.009800000000000001,5.293971538543701,0.18889410204027773,15
sa,197,5.6015625,10.703125,,3.2109375,,5.904093995923176e-06,0.3,0.009850000000000001,5.741245269775391,0.17417824061000656,15
sa,198,5.234375,11.015625,,3.3046875,,5.9340654843254015e-06,0.3,0.0099,5.283180236816406,0.1892799327631098,16
sa,199,5.265625,9.96875,,2.990625,,5.964035153738223e-06,0.3,0.00995,5.142965793609619,0.19444033659382837,15
sa,200,5.3984375,10.8125,,3.24375,,5.9940048231510445e-06,0.3,0.010000000000000002,5.180688858032227,0.19302452384292165,16
sa,201,5.6484375,9.59375,,2.878125,,6.023974492563866e-06,0.3,0.010050000000000002,4.923154354095459,0.20312180526457047,14
sa,202,5.2109375,9.625,,2.8874999999999997,,6.053944161976688e-06,0.3,0.010100000000000001,5.109442234039307,0.19571607901503618,14
sa,203,5.3125,9.9140625,,2.97421875,,6.083915650378913e-06,0.3,0.010150000000000001,5.568723678588867,0.1795743616880993,15
sa,204,5.421875,10.640625,,3.1921874999999997,,6.113885319791734e-06,0.3,0.0102,5.415159225463867,0.184666776795347,16
sa,205,5.328125,10.203125,,3.0609375,,6.143854989204556e-06,0.3,0.01025,5.5012898445129395,0.18177555232749887,15
sa,206,5.296875,10.90625,,3.271875,,6.173826477606781e-06,0.3,0.0103,8.983203887939453,0.11131885822413162,16
sa,207,5.1953125,10.5,,3.15,,6.203796147019602e-06,0.3,0.01035,4.827543258666992,0.20714469998889776,16
sa,208,4.9296875,9.4375,,2.83125,,6.233765816432424e-06,0.3,0.0104,4.890690803527832,0.2044700922983444,14
sa,209,5.0390625,10.765625,,3.2296875,,6.263735485845245e-06,0.3,0.010450000000000001,4.688720703125,0.21327779224160376,16
sa,210,5.3125,8.4140625,,2.5242187499999997,,6.293705155258067e-06,0.3,0.0105,5.399140357971191,0.18521467005828407,13
sa,211,5.3203125,9.984375,,2.9953125,,6.323676643660292e-06,0.3,0.01055,4.736544609069824,0.21112437072484003,15
sa,212,4.8671875,10.5,,3.15,,6.3536463130731136e-06,0.3,0.0106,4.348989963531494,0.22993844740629701,16
sa,213,5.1484375,9.609375,,2.8828125,,6.383615982485935e-06,0.3,0.01065,4.210653305053711,0.23749283722784298,15
sa,214,5.4296875,9.71875,,2.915625,,6.413585651898757e-06,0.3,0.010700000000000001,5.173342704772949,0.1932986189137239,15
sa,215,5.1875,10.515625,,3.1546875,,6.443555321311578e-06,0.3,0.010750000000000001,4.6675519943237305,0.21424506919603956,16
sa,216,4.8125,10.0,,3.0,,6.473526809713803e-06,0.3,0.0108,5.19268274307251,0.19257868224938005,16
sa,217,5.1484375,8.765625,,2.6296874999999997,,6.503496479126625e-06,0.3,0.01085,4.304494380950928,0.23231532242797,14
sa,218,4.8515625,8.5234375,,2.55703125,,6.533466148539446e-06,0.3,0.0109,3.9455018043518066,0.253453185320311,14
sa,219,4.7734375,9.984375,,2.9953125,,6.563435817952268e-06,0.3,0.010950000000000001,4.211521148681641,0.23744389846244424,16
sa,220,4.90625,9.65625,,2.896875,,6.593405487365089e-06,0.3,0.011000000000000001,5.751102447509766,0.1738797055220258,15
sa,221,4.9609375,10.15625,,3.046875,,6.6233769757673144e-06,0.3,0.01105,4.674860000610352,0.21391014915300985,16
sa,222,5.0078125,8.5859375,,2.57578125,,6.653346645180136e-06,0.3,0.0111,4.224463939666748,0.236716424682959,14
sa,223,4.890625,9.90625,,2.971875,,6.6833163145929575e-06,0.3,0.01115,4.163792133331299,0.24016568742588415,16
sa,224,4.6953125,10.046875,,3.0140625,,6.713285984005779e-06,0.3,0.011200000000000002,4.6075119972229,0.21703687382750886,16
sa,225,5.1953125,8.5,,2.55,,6.7432556534186006e-06,0.3,0.011250000000000001,3.645876169204712,0.2742824916673277,14
sa,226,4.859375,9.34375,,2.803125,,6.773227141820826e-06,0.3,0.011300000000000001,10.231582641601562,0.09773659022544617,15
sa,227,4.71875,9.625,,2.8874999999999997,,6.803196811233647e-06,0.3,0.01135,4.025976657867432,0.24838693439660978,16
sa,228,4.71875,9.015625,,2.7046875,,6.833166480646469e-06,0.3,0.0114,4.664214134216309,0.21439838978748393,15
sa,229,4.6796875,9.78125,,2.9343749999999997,,6.863137969048694e-06,0.3,0.011450000000000002,3.7560222148895264,0.2662391069029959,16
sa,230,4.828125,8.828125,,2.6484375,,6.893107638461515e-06,0.3,0.011500000000000002,3.6638312339782715,0.27293833589441213,15
sa,231,4.828125,9.0625,,2.71875,,6.923077307874337e-06,0.3,0.011550000000000001,4.751661777496338,0.21045268935932188,15
sa,232,4.5546875,9.34375,,2.803125,,6.953046977287158e-06,0.3,0.011600000000000001,3.856922149658203,0.25927409504198035,16
sa,233,4.6328125,8.84375,,2.6531249999999997,,6.98301664669998e-06,0.3,0.01165,4.0326762199401855,0.24797428443556832,15
sa,234,4.9609375,8.671875,,2.6015625,,7.012988135102205e-06,0.3,0.011700000000000002,4.473158836364746,0.22355566537688198,15
sa,235,4.78125,9.359375,,2.8078125,,7.0429578045150265e-06,0.3,0.01175,4.076132774353027,0.24533057566033828,16
sa,236,4.8125,8.859375,,2.6578125,,7.072927473927848e-06,0.3,0.0118,3.7183520793914795,0.26893634025201113,15
sa,237,4.5078125,9.078125,,2.7234374999999997,,7.1028971433406696e-06,0.3,0.01185,4.3904948234558105,0.2277647600579308,16
sa,238,4.625,9.15625,,2.7468749999999997,,7.132866812753491e-06,0.3,0.0119,4.275180816650391,0.233908235203839,16
sa,239,4.5703125,8.1484375,,2.44453125,,7.162838301155716e-06,0.3,0.01195,3.8697173595428467,0.2584168059545662,14
sa,240,4.8671875,9.203125,,2.7609375,,7.192807970568538e-06,0.3,0.012,3.7978689670562744,0.26330555600371314,16
sa,241,4.53125,9.25,,2.775,,7.222777639981359e-06,0.3,0.01205,4.689470291137695,0.21324370086954825,16
sa,242,4.859375,8.96875,,2.690625,,7.252747309394181e-06,0.3,0.0121,3.3462579250335693,0.2988412795436168,16
sa,243,4.515625,9.03125,,2.709375,,7.282716978807002e-06,0.3,0.012150000000000001,3.8400301933288574,0.26041461906660607,16
sa,244,4.578125,8.9375,,2.68125,,7.312688467209227e-06,0.3,0.0122,3.3601973056793213,0.297601571880861,16
sa,245,4.65625,8.984375,,2.6953125,,7.342658136622049e-06,0.3,0.01225,3.211031913757324,0.3114263659964283,16
sa,246,4.6171875,8.84375,,2.6531249999999997,,7.3726278060348704e-06,0.3,0.0123,3.846527576446533,0.2599747382868919,16
sa,247,4.609375,8.90625,,2.671875,,7.402597475447692e-06,0.3,0.01235,3.861830234527588,0.25894457789968817,16
sa,248,4.1953125,8.25,,2.475,,7.4325671448605135e-06,0.3,0.012400000000000001,3.1622486114501953,0.31623067091534074,15
sa,249,4.703125,8.265625,,2.4796875,,7.462538633262739e-06,0.3,0.012450000000000001,3.2287213802337646,0.30972012825944073,15
sa,250,4.421875,8.734375,,2.6203125,,7.49250830267556e-06,0.3,0.0125,3.3335752487182617,0.2999782291953642,16
sa,251,4.6171875,8.828125,,2.6484375,,7.522477972088382e-06,0.3,0.01255,3.8619792461395264,0.2589345867147293,16
sa,252,4.5703125,8.15625,,2.446875,,7.552447641501203e-06,0.3,0.0126,3.580704927444458,0.27927461778139256,15
sa,253,4.5703125,8.171875,,2.4515625,,7.582415491924621e-06,0.3,0.012650000000000002,4.250951766967773,0.2352414364638405,15
sa,254,4.59375,8.21875,,2.4656249999999997,,7.612386980326846e-06,0.3,0.012700000000000001,3.2824530601501465,0.3046502057075137,15
sa,255,4.59375,8.71875,,2.615625,,7.642356649739668e-06,0.3,0.012750000000000001,3.2129757404327393,0.3112379553371029,16
sa,256,4.5703125,8.1484375,,2.44453125,,7.67232631915249e-06,0.3,0.0128,3.3753442764282227,0.2962660748367264,15
sa,257,4.4609375,8.59375,,2.578125,,7.702297807554714e-06,0.3,0.01285,3.6050076484680176,0.2773919218798217,16
sa,258,4.3984375,7.9921875,,2.39765625,,7.732265657978132e-06,0.3,0.012900000000000002,2.9127304553985596,0.343320473800301,15
sa,259,4.3203125,8.65625,,2.596875,,7.762237146380357e-06,0.3,0.012950000000000001,3.4179036617279053,0.29257700010609855,16
sa,260,4.21875,8.375,,2.5124999999999997,,7.792206815793179e-06,0.3,0.013000000000000001,3.5836381912231445,0.2790460271489311,16
sa,261,4.5078125,8.0,,2.4,,7.822176485206e-06,0.3,0.01305,3.6895856857299805,0.27103314170684484,15
sa,262,4.546875,7.3984375,,2.2195312499999997,,7.852147973608226e-06,0.3,0.0131,3.3602232933044434,0.2975992702605785,14
sa,263,4.4375,8.34375,,2.503125,,7.882117643021047e-06,0.3,0.013150000000000002,3.2620973587036133,0.3065512429700777,16
sa,264,4.265625,6.796875,,2.0390625,,7.912087312433869e-06,0.3,0.013200000000000002,3.009418249130249,0.332290136237796,13
sa,265,4.34375,8.28125,,2.484375,,7.94205698184669e-06,0.3,0.013250000000000001,3.3215386867523193,0.3010652875995143,16
sa,266,4.3984375,8.25,,2.475,,7.972026651259512e-06,0.3,0.013300000000000001,3.400965929031372,0.29403411291591786,16
sa,267,4.1875,7.8203125,,2.34609375,,8.001998139661737e-06,0.3,0.01335,3.174407720565796,0.31501939512097815,15
sa,268,4.3671875,7.1640625,,2.1492187499999997,,8.031967809074558e-06,0.3,0.013400000000000002,2.9689571857452393,0.33681859906948763,14
sa,269,4.3984375,7.6875,,2.30625,,8.06193747848738e-06,0.3,0.013450000000000002,3.4233806133270264,0.2921089159958016,15
sa,270,4.19140625,7.5625,,2.26875,,8.091908966889605e-06,0.3,0.013500000000000002,3.1541378498077393,0.31704384767487415,15
sa,271,4.1484375,8.046875,,2.4140625,,8.121876817313023e-06,0.3,0.013550000000000001,3.3337323665618896,0.2999640913080583,16
sa,272,4.203125,8.015625,,2.4046875,,8.151848305715248e-06,0.3,0.013600000000000001,2.8658621311187744,0.3489351386242786,16
sa,273,4.390625,8.171875,,2.4515625,,8.18181797512807e-06,0.3,0.013650000000000002,3.065281867980957,0.32623427243207526,16
sa,274,4.359375,7.625,,2.2875,,8.211787644540891e-06,0.3,0.013700000000000002,3.387930154800415,0.2951654710422773,15
sa,275,4.5859375,7.2109375,,2.16328125,,8.241759132943116e-06,0.3,0.013750000000000002,3.6608328819274902,0.2731618820779066,14
sa,276,4.4140625,7.96875,,2.390625,,8.271726983366534e-06,0.3,0.013800000000000002,3.0327117443084717,0.329737899382199,16
sa,277,4.3359375,6.84375,,2.053125,,8.30169847176876e-06,0.3,0.013850000000000001,2.642210006713867,0.37847105167984213,14
sa,278,4.3125,7.9921875,,2.39765625,,8.33166814118158e-06,0.3,0.013900000000000003,3.001852512359619,0.3331276256520497,16
sa,279,4.12109375,6.8515625,,2.0554687499999997,,8.361637810594402e-06,0.3,0.013950000000000002,3.126991033554077,0.31979624798073675,14
sa,280,4.25,7.8828125,,2.36484375,,8.391609298996627e-06,0.3,0.014000000000000002,3.2413558959960938,0.30851286686391227,16
sa,281,4.05078125,7.8125,,2.34375,,8.421577149420045e-06,0.3,0.014050000000000002,3.051114320755005,0.3277491089722747,16
sa,282,4.20703125,7.3828125,,2.21484375,,8.45154863782227e-06,0.3,0.0141,3.1987195014953613,0.31262509874107824,15
sa,283,4.265625,7.8046875,,2.34140625,,8.481518307235092e-06,0.3,0.01415,3.5221590995788574,0.28391676006900696,16
sa,284,4.1953125,6.2890625,,1.88671875,,8.511487976647913e-06,0.3,0.014199999999999999,2.673959255218506,0.3739772765977632,13
sa,285,4.3828125,7.796875,,2.3390625,,8.541459465050139e-06,0.3,0.014249999999999999,2.9850709438323975,0.33500041332891917,16
sa,286,4.28125,7.7890625,,2.3367187499999997,,8.57142913446296e-06,0.3,0.0143,3.0117650032043457,0.33203121722181417,16
sa,287,4.14453125,7.4140625,,2.22421875,,8.601398803875782e-06,0.3,0.01435,3.2668111324310303,0.30610891155370834,15
sa,288,4.25390625,7.0703125,,2.12109375,,8.631368473288603e-06,0.3,0.0144,2.735243082046509,0.36559821924558167,15
sa,289,4.15625,7.1328125,,2.13984375,,8.661338142701425e-06,0.3,0.01445,3.107044219970703,0.3218492976612445,15
sa,290,4.16796875,7.65625,,2.296875,,8.69130963110365e-06,0.3,0.014499999999999999,3.138033390045166,0.3186709240163971,16
sa,291,4.15625,7.0078125,,2.1023437499999997,,8.721279300516471e-06,0.3,0.01455,3.1421594619750977,0.3182524668469309,15
sa,292,4.234375,7.4453125,,2.23359375,,8.751248969929293e-06,0.3,0.0146,3.38507080078125,0.29541479598276266,16
sa,293,4.13671875,7.453125,,2.2359375,,8.781220458331518e-06,0.3,0.01465,2.9405977725982666,0.34006691065280087,16
sa,294,4.203125,7.3125,,2.19375,,8.811188308754936e-06,0.3,0.0147,3.072953462600708,0.325419832148606,16
sa,295,3.921875,6.5234375,,1.95703125,,8.841159797157161e-06,0.3,0.01475,2.82895565032959,0.35348733723821163,14
sa,296,4.2890625,7.28125,,2.1843749999999997,,8.871129466569982e-06,0.3,0.0148,3.042433261871338,0.32868428456008947,16
sa,297,4.21484375,7.375,,2.2125,,8.901099135982804e-06,0.3,0.01485,3.2032089233398438,0.31218694251055734,16
sa,298,4.03125,7.578125,,2.2734375,,8.931070624385029e-06,0.3,0.0149,3.3606913089752197,0.29755782607267534,16
sa,299,4.18359375,6.890625,,2.0671874999999997,,8.961038474808447e-06,0.3,0.01495,2.929194450378418,0.34139078744697593,15
sa,300,3.9296875,7.1640625,,2.1492187499999997,,8.991009963210672e-06,0.3,0.015,3.0036516189575195,0.3329280911569468,16
sa,301,4.1796875,5.95703125,,1.787109375,,9.020979632623494e-06,0.3,0.015050000000000001,2.6635377407073975,0.3754405220984082,13
sa,302,4.03125,6.6796875,,2.00390625,,9.050949302036315e-06,0.3,0.0151,3.197861909866333,0.312708937466846,15
sa,303,4.171875,7.3203125,,2.1960937499999997,,9.08092079043854e-06,0.3,0.01515,2.739654779434204,0.36500949225672913,16
sa,304,3.84375,6.4375,,1.93125,,9.110888640861958e-06,0.3,0.0152,3.370020866394043,0.2967340677240406,14
sa,305,4.09375,6.828125,,2.0484375,,9.140860129264183e-06,0.3,0.01525,2.885637044906616,0.34654392927380845,15
sa,306,4.3125,6.3359375,,1.9007812499999999,,9.170829798677005e-06,0.3,0.015300000000000001,3.2420265674591064,0.3084490454326339,14
sa,307,4.171875,6.1484375,,1.84453125,,9.200797649100423e-06,0.3,0.01535,2.8955039978027344,0.34536301823753457,14
sa,308,3.875,6.5859375,,1.9757812499999998,,9.230769137502648e-06,0.3,0.0154,3.4310142993927,0.291459000965692,15
sa,309,3.91015625,6.375,,1.9124999999999999,,9.26073880691547e-06,0.3,0.01545,3.324828863143921,0.3007673601144124,15
sa,310,4.0234375,6.9921875,,2.09765625,,9.290708476328291e-06,0.3,0.0155,3.5810816287994385,0.2792452403089318,16
sa,311,3.69921875,6.734375,,2.0203124999999997,,9.320678145741113e-06,0.3,0.015550000000000001,2.769909381866455,0.3610226408656616,16
sa,312,4.07421875,6.8046875,,2.04140625,,9.350647815153934e-06,0.3,0.015600000000000001,3.1406023502349854,0.3184102565309417,15
sa,313,3.8046875,6.890625,,2.0671874999999997,,9.380619303556159e-06,0.3,0.01565,3.1322546005249023,0.3192588494665856,16
sa,314,3.99609375,6.15625,,1.8468749999999998,,9.41058897296898e-06,0.3,0.015700000000000002,2.850675344467163,0.3507940677779693,14
sa,315,3.94921875,6.9140625,,2.07421875,,9.440558642381802e-06,0.3,0.01575,3.031510591506958,0.3298685489674974,16
sa,316,3.98828125,6.7578125,,2.02734375,,9.470530130784027e-06,0.3,0.0158,2.813584804534912,0.35541846771002195,16
sa,317,3.953125,5.8125,,1.74375,,9.500497981207445e-06,0.3,0.01585,2.597646713256836,0.3849638193279316,14
sa,318,3.98828125,6.3515625,,1.9054687499999998,,9.53046946960967e-06,0.3,0.0159,2.6453311443328857,0.3780245063618247,15
sa,319,3.90625,5.78125,,1.734375,,9.560439139022492e-06,0.3,0.015950000000000002,2.779506206512451,0.35977613493251986,14
sa,320,3.90234375,6.609375,,1.9828124999999999,,9.590408808435313e-06,0.3,0.016,2.740978956222534,0.3648331548587096,16
sa,321,4.01953125,6.890625,,2.0671874999999997,,9.620380296837538e-06,0.3,0.016050000000000002,3.31925892829895,0.301272067531194,16
sa,322,3.7109375,6.125,,1.8375,,9.650348147260956e-06,0.3,0.0161,2.94590163230896,0.33945464744395176,15
sa,323,3.953125,6.1640625,,1.84921875,,9.680319635663182e-06,0.3,0.01615,2.939453125,0.3401993355481728,15
sa,324,4.1640625,6.3671875,,1.91015625,,9.710289305076003e-06,0.3,0.016200000000000003,3.054873466491699,0.3273458003969073,15
sa,325,3.921875,5.5625,,1.66875,,9.740258974488825e-06,0.3,0.01625,2.856529951095581,0.35007509710040474,14
sa,326,3.9609375,6.2578125,,1.8773437499999999,,9.77023046289105e-06,0.3,0.016300000000000002,2.8594706058502197,0.3497150829087349,16
sa,327,3.8984375,5.8203125,,1.74609375,,9.800198313314468e-06,0.3,0.01635,2.6681129932403564,0.3747967205787357,15
sa,328,3.96875,6.296875,,1.8890624999999999,,9.830169801716693e-06,0.3,0.0164,3.2191805839538574,0.3106380564621142,16
sa,329,3.8359375,6.2890625,,1.88671875,,9.860139471129514e-06,0.3,0.016450000000000003,3.148494005203247,0.31761216579970786,16
sa,330,4.015625,6.3515625,,1.9054687499999998,,9.890109140542336e-06,0.3,0.0165,2.734494686126709,0.3656982787618636,16
sa,331,4.0,5.390625,,1.6171875,,9.920080628944561e-06,0.3,0.016550000000000002,2.7741363048553467,0.36047255437657505,14
sa,332,3.96484375,4.5703125,,1.37109375,,9.950050298357382e-06,0.3,0.0166,2.2153122425079346,0.45140363548386714,12
sa,333,3.90625,5.4453125,,1.63359375,,9.980019967770204e-06,0.3,0.01665,2.876526355743408,0.3476415218665919,14
sa,334,4.046875,5.40625,,1.621875,,1.0009989637183025e-05,0.3,0.016700000000000003,2.586207866668701,0.38666652162345394,14
sa,335,3.75390625,5.15625,,1.546875,,1.0039959306595847e-05,0.3,0.01675,2.703096866607666,0.3699460468299756,14
sa,336,4.05859375,5.859375,,1.7578125,,1.0069930794998072e-05,0.3,0.016800000000000002,2.8423492908477783,0.3518216438844971,16
sa,337,4.04296875,5.953125,,1.7859375,,1.0099900464410894e-05,0.3,0.01685,3.2530744075775146,0.3074015146012832,16
sa,338,4.03125,6.0390625,,1.8117187499999998,,1.0129870133823715e-05,0.3,0.016900000000000002,2.721388816833496,0.36745943608438936,16
sa,339,3.87109375,5.8984375,,1.76953125,,1.015984162222594e-05,0.3,0.016950000000000003,2.6876964569091797,0.3720658251527364,16
sa,340,3.73046875,5.3515625,,1.60546875,,1.0189809472649358e-05,0.3,0.017,2.931196689605713,0.34115759053157024,15
sa,341,4.0703125,5.875,,1.7625,,1.0219780961051583e-05,0.3,0.017050000000000003,2.9102261066436768,0.34361591276950165,16
sa,342,3.65234375,5.2578125,,1.57734375,,1.0249750630464405e-05,0.3,0.0171,2.5756947994232178,0.38824475641443723,15
sa,343,3.73046875,5.7734375,,1.73203125,,1.0279720299877226e-05,0.3,0.017150000000000002,2.9424967765808105,0.3398474411115593,16
sa,344,3.92578125,5.03125,,1.509375,,1.0309691788279451e-05,0.3,0.0172,2.7533957958221436,0.3631878865789462,14
sa,345,3.78515625,5.5625,,1.66875,,1.033965963870287e-05,0.3,0.017249999999999998,2.5632057189941406,0.3901364578698047,16
sa,346,3.859375,5.4453125,,1.63359375,,1.0369631127105094e-05,0.3,0.0173,3.07357120513916,0.3253544275557864,16
sa,347,4.10546875,5.3125,,1.59375,,1.0399600796517916e-05,0.3,0.01735,2.7252190113067627,0.3669429854448625,15
sa,348,3.9453125,5.3828125,,1.61484375,,1.0429570465930738e-05,0.3,0.0174,3.1503169536590576,0.31742837775053434,16
sa,349,3.61328125,5.4375,,1.6312499999999999,,1.0459541954332963e-05,0.3,0.01745,2.8783669471740723,0.34741922011777604,16
sa,350,3.94921875,5.01953125,,1.505859375,,1.048950980475638e-05,0.3,0.017499999999999998,2.657351493835449,0.37631453811052473,15
sa,351,3.7890625,5.2734375,,1.58203125,,1.0519481293158606e-05,0.3,0.01755,2.701988458633423,0.370097805860269,15
sa,352,3.93359375,4.65625,,1.3968749999999999,,1.0549450962571427e-05,0.3,0.0176,2.887038469314575,0.3463757101364204,14
sa,353,3.875,5.7421875,,1.72265625,,1.0579420631984249e-05,0.3,0.01765,2.896691083908081,0.34522148583785,16
sa,354,4.02734375,5.28125,,1.5843749999999999,,1.0609392120386474e-05,0.3,0.0177,3.124840497970581,0.32001633384150235,16
sa,355,3.89453125,5.265625,,1.5796875,,1.0639359970809892e-05,0.3,0.01775,2.8305087089538574,0.353293383919527,16
sa,356,3.63671875,5.34375,,1.603125,,1.0669331459212117e-05,0.3,0.0178,3.2175633907318115,0.3107941875770029,16
sa,357,3.9453125,4.734375,,1.4203124999999999,,1.0699301128624938e-05,0.3,0.01785,2.6103482246398926,0.38309065072647686,15
sa,358,3.6953125,5.1640625,,1.5492187499999999,,1.072927079803776e-05,0.3,0.0179,3.1032464504241943,0.3222431785471973,16
sa,359,3.953125,4.8984375,,1.46953125,,1.0759242286439985e-05,0.3,0.01795,2.839052438735962,0.3522301970742155,15
sa,360,3.78125,4.55078125,,1.365234375,,1.0789211955852807e-05,0.3,0.018,2.482384204864502,0.40283852839556067,14
sa,361,3.8046875,4.54296875,,1.362890625,,1.0819181625265628e-05,0.3,0.01805,2.7781176567077637,0.35995595707960765,14
sa,362,3.71875,5.1328125,,1.53984375,,1.084915129467845e-05,0.3,0.0181,3.0548291206359863,0.3273505523581658,16
sa,363,3.69921875,5.2109375,,1.56328125,,1.0879119145101868e-05,0.3,0.01815,2.870965003967285,0.3483149389205843,16
sa,364,3.71875,4.609375,,1.3828125,,1.0909090633504093e-05,0.3,0.0182,2.5822865962982178,0.38725368494478063,14
sa,365,3.8046875,4.9609375,,1.48828125,,1.0939060302916914e-05,0.3,0.01825,3.22525954246521,0.3100525668813789,15
sa,366,3.80859375,4.95703125,,1.487109375,,1.0969029972329736e-05,0.3,0.0183,3.0612990856170654,0.32665870665767704,15
sa,367,3.69921875,4.6328125,,1.38984375,,1.099900146073196e-05,0.3,0.01835,2.892211437225342,0.34575618750728515,16
sa,368,3.8515625,4.2109375,,1.26328125,,1.1028969311155379e-05,0.3,0.0184,2.628910541534424,0.3803857089090324,14
sa,369,3.58984375,4.9453125,,1.48359375,,1.1058940799557604e-05,0.3,0.01845,3.2315971851348877,0.3094445076880025,16
sa,370,3.58203125,4.3984375,,1.31953125,,1.1088910468970425e-05,0.3,0.0185,2.83939528465271,0.35218766665040485,14
sa,371,3.828125,4.921875,,1.4765625,,1.1118880138383247e-05,0.3,0.01855,3.2366762161254883,0.3089589236692526,16
sa,372,3.75,4.953125,,1.4859375,,1.1148851626785472e-05,0.3,0.018600000000000002,2.901088237762451,0.3446982366766201,16
sa,373,3.6328125,5.015625,,1.5046875,,1.117881947720889e-05,0.3,0.01865,3.168518304824829,0.315604930694975,16
sa,374,3.72265625,3.95703125,,1.187109375,,1.1208790965611115e-05,0.3,0.0187,2.5909476280212402,0.3859591715343627,13
sa,375,3.828125,4.7109375,,1.41328125,,1.1238760635023937e-05,0.3,0.018750000000000003,3.150812864303589,0.3173784172742439,16
sa,376,3.8203125,4.25,,1.275,,1.1268730304436758e-05,0.3,0.0188,3.217578887939453,0.31079269066201604,14
sa,377,3.76171875,4.09375,,1.228125,,1.1298701792838983e-05,0.3,0.018850000000000002,2.8662595748901367,0.3488867542774209,14
sa,378,3.8515625,4.58203125,,1.374609375,,1.1328669643262401e-05,0.3,0.0189,2.9620234966278076,0.3376070450279938,16
sa,379,3.6015625,4.4453125,,1.33359375,,1.1358641131664626e-05,0.3,0.01895,3.114509105682373,0.32107788613477345,15
sa,380,3.5625,4.25,,1.275,,1.1388610801077448e-05,0.3,0.019000000000000003,3.2573742866516113,0.30699573091673815,15
sa,381,3.60546875,4.44140625,,1.3324218749999999,,1.141858047049027e-05,0.3,0.01905,3.216900587081909,0.3108582229788806,15
sa,382,3.97265625,3.8359375,,1.1507812499999999,,1.1448551958892494e-05,0.3,0.019100000000000002,2.7467894554138184,0.36406139466897897,14
sa,383,3.65625,4.40625,,1.321875,,1.1478521628305316e-05,0.3,0.01915,3.1836159229278564,0.31410824176313834,16
sa,384,3.765625,3.74609375,,1.123828125,,1.1508491297718138e-05,0.3,0.019200000000000002,2.684520959854126,0.37250593865891773,14
sa,385,3.578125,3.7421875,,1.12265625,,1.1538460967130959e-05,0.3,0.019250000000000003,2.7634329795837402,0.36186873623786286,14
sa,386,3.6875,3.65234375,,1.095703125,,1.156843063654378e-05,0.3,0.0193,2.746584415435791,0.3640885728397805,14
sa,387,3.9140625,4.17578125,,1.252734375,,1.1598402124946006e-05,0.3,0.019350000000000003,3.1527655124664307,0.3171818506786738,15
sa,388,3.83203125,4.1953125,,1.25859375,,1.1628371794358827e-05,0.3,0.0194,3.08756947517395,0.3238793517168261,14
sa,389,3.625,3.515625,,1.0546875,,1.1658341463771649e-05,0.3,0.019450000000000002,2.954026460647583,0.33852100288254683,13
sa,390,3.76953125,4.39453125,,1.318359375,,1.1688312952173874e-05,0.3,0.019500000000000003,3.3963680267333984,0.294432167576902,16
sa,391,3.84375,3.90625,,1.171875,,1.1718280802597292e-05,0.3,0.01955,3.124272346496582,0.3200745290727791,15
sa,392,3.6015625,4.3125,,1.29375,,1.1748252290999517e-05,0.3,0.019600000000000003,3.5185797214508057,0.28420558269678,16
sa,393,3.55859375,4.28125,,1.284375,,1.1778221960412338e-05,0.3,0.01965,3.48030424118042,0.2873312017287398,16
sa,394,3.49609375,4.09375,,1.228125,,1.180819162982516e-05,0.3,0.019700000000000002,3.663360595703125,0.27297340075474213,16
sa,395,3.7265625,3.80859375,,1.142578125,,1.1838163118227385e-05,0.3,0.019750000000000004,3.0503525733947754,0.3278309559104794,14
sa,396,3.609375,3.87890625,,1.163671875,,1.1868130968650803e-05,0.3,0.0198,3.612194776535034,0.27683999946404914,16
sa,397,3.49609375,3.02734375,,0.908203125,,1.1898102457053028e-05,0.3,0.019850000000000003,3.2337052822113037,0.30924277654522997,13
sa,398,3.609375,3.46875,,1.040625,,1.192807212646585e-05,0.3,0.0199,3.1462295055389404,0.3178407672547406,14
sa,399,3.40234375,3.94140625,,1.182421875,,1.1958041795878671e-05,0.3,0.019950000000000002,3.882498264312744,0.25756611643379934,16
sa,400,3.53125,3.1328125,,0.93984375,,1.1988013284280896e-05,0.3,0.020000000000000004,3.1253859996795654,0.3199604785145023,13
sa,401,3.45703125,3.9375,,1.18125,,1.2017981134704314e-05,0.3,0.020050000000000002,3.650942087173462,0.2739019069935985,16
sa,402,3.7734375,4.01953125,,1.205859375,,1.204795262310654e-05,0.3,0.020100000000000003,3.448399543762207,0.2899895987426675,16
sa,403,3.76171875,3.8203125,,1.14609375,,1.207792229251936e-05,0.3,0.02015,3.837797164916992,0.26056614172876147,16
sa,404,3.84765625,3.640625,,1.0921874999999999,,1.2107891961932182e-05,0.3,0.020200000000000003,3.4573190212249756,0.2892414595994344,15
sa,405,3.7421875,3.71875,,1.1156249999999999,,1.2137863450334407e-05,0.3,0.020250000000000004,3.543860673904419,0.28217813622403454,16
sa,406,3.72265625,3.41015625,,1.023046875,,1.2167833119747229e-05,0.3,0.020300000000000002,3.8799729347229004,0.2577337566070981,16
sa,407,3.7109375,2.67578125,,0.802734375,,1.219780278916005e-05,0.3,0.02035,3.4480602741241455,0.2900181320797861,13
sa,408,3.48046875,3.140625,,0.9421875,,1.2227772458572872e-05,0.3,0.0204,3.66239070892334,0.27304569050033917,14
sa,409,3.43359375,3.8359375,,1.1507812499999999,,1.2257742127985694e-05,0.3,0.02045,3.8307459354400635,0.2610457641548403,16
sa,410,3.6875,3.2265625,,0.9679687499999999,,1.2287713616387919e-05,0.3,0.0205,3.7770464420318604,0.2647571363888368,15
sa,411,3.765625,3.4453125,,1.0335937499999999,,1.231768328580074e-05,0.3,0.02055,4.039861679077148,0.24753322748130238,16
sa,412,3.70703125,3.484375,,1.0453124999999999,,1.2347652955213562e-05,0.3,0.0206,3.683472156524658,0.2714829805971701,15
sa,413,3.46484375,2.765625,,0.8296875,,1.2377624443615787e-05,0.3,0.02065,3.839214563369751,0.2604699433944325,15
sa,414,3.68359375,2.84375,,0.853125,,1.2407592294039205e-05,0.3,0.0207,3.568021059036255,0.28026740410273987,15
sa,415,3.71484375,3.19140625,,0.957421875,,1.243756378244143e-05,0.3,0.02075,3.4520535469055176,0.2896826443774077,15
sa,416,3.41015625,2.95703125,,0.887109375,,1.2467533451854251e-05,0.3,0.0208,3.516510248184204,0.28437283824677123,15
sa,417,3.62890625,2.74609375,,0.823828125,,1.2497503121267073e-05,0.3,0.02085,3.333249568939209,0.3000075389849207,14
sa,418,3.6875,3.1015625,,0.93046875,,1.2527472790679894e-05,0.3,0.020900000000000002,3.4623279571533203,0.28882301514331027,16
sa,419,3.703125,3.05078125,,0.9152343749999999,,1.2557440641103312e-05,0.3,0.02095,3.7504005432128906,0.2666381866357455,16
sa,420,3.61328125,2.75390625,,0.826171875,,1.2587412129505537e-05,0.3,0.021,3.3408048152923584,0.2993290704750402,16
sa,421,3.48046875,2.83203125,,0.849609375,,1.2617381798918359e-05,0.3,0.02105,3.762436866760254,0.2657851906658241,16
sa,422,3.640625,2.625,,0.7875,,1.264735146833118e-05,0.3,0.0211,3.2662389278411865,0.3061625380421719,15
sa,423,3.578125,2.45703125,,0.737109375,,1.2677322956733406e-05,0.3,0.021150000000000002,3.372866153717041,0.2964837483687154,15
sa,424,3.48046875,2.228515625,,0.6685546875,,1.2707290807156824e-05,0.3,0.0212,2.9710917472839355,0.3365766139380124,15
sa,425,3.51953125,2.5703125,,0.77109375,,1.2737262295559049e-05,0.3,0.02125,3.0154688358306885,0.33162339073702424,15
sa,426,3.3515625,2.66015625,,0.7980468749999999,,1.276723196497187e-05,0.3,0.0213,3.286559581756592,0.3042695484819182,15
sa,427,3.34765625,2.53125,,0.759375,,1.2797201634384692e-05,0.3,0.02135,3.0036466121673584,0.3329286461160703,16
sa,428,3.61328125,2.890625,,0.8671875,,1.2827173122786917e-05,0.3,0.021400000000000002,3.4055280685424805,0.29364021669273344,16
sa,429,3.6015625,2.41796875,,0.725390625,,1.2857142792199738e-05,0.3,0.02145,2.940452814102173,0.3400836752775223,15
sa,430,3.5625,2.4453125,,0.7335937499999999,,1.288711246161256e-05,0.3,0.021500000000000002,3.0044267177581787,0.33284220050678176,14
sa,431,3.5625,2.78125,,0.834375,,1.2917082131025381e-05,0.3,0.02155,3.2000532150268555,0.3124948033064531,16
sa,432,3.46875,2.552734375,,0.7658203124999999,,1.2947051800438203e-05,0.3,0.0216,3.222019672393799,0.3103643371789379,15
sa,433,3.43359375,2.671875,,0.8015625,,1.2977023288840428e-05,0.3,0.021650000000000003,2.973005533218384,0.3363599525216707,16
sa,434,3.40625,2.41796875,,0.725390625,,1.300699295825325e-05,0.3,0.0217,3.102766275405884,0.3222930479574026,15
sa,435,3.59375,1.921875,,0.5765625,,1.3036962627666071e-05,0.3,0.021750000000000002,3.285369634628296,0.30437975363863107,15
sa,436,3.44921875,2.15625,,0.646875,,1.3066934116068296e-05,0.3,0.0218,2.9763195514678955,0.335985428549434,15
sa,437,3.63671875,2.5234375,,0.7570312499999999,,1.3096901966491714e-05,0.3,0.02185,3.4537835121154785,0.28953754527234093,15
sa,438,3.37890625,1.72265625,,0.5167968749999999,,1.312687345489394e-05,0.3,0.021900000000000003,2.647770404815674,0.3776762510001752,14
sa,439,3.28515625,2.357421875,,0.7072265624999999,,1.315684312430676e-05,0.3,0.02195,3.0930638313293457,0.32330402944520453,16
sa,440,3.375,2.24609375,,0.673828125,,1.3186812793719582e-05,0.3,0.022000000000000002,2.5847930908203125,0.38687816195092,16
sa,441,3.2890625,1.591796875,,0.4775390625,,1.3216784282121807e-05,0.3,0.02205,3.12079119682312,0.3204315626812754,15
sa,442,3.58984375,1.7109375,,0.51328125,,1.3246752132545225e-05,0.3,0.0221,2.6502814292907715,0.3773184194508751,14
sa,443,3.34765625,2.03515625,,0.6105468749999999,,1.327672362094745e-05,0.3,0.022150000000000003,2.9626686573028564,0.3375335265842304,15
sa,444,3.3515625,1.650390625,,0.4951171875,,1.3306693290360272e-05,0.3,0.0222,2.8456554412841797,0.35141288909831003,15
sa,445,3.5234375,1.55078125,,0.465234375,,1.3336662959773093e-05,0.3,0.022250000000000002,2.7021141052246094,0.37008059654715303,14
sa,446,3.484375,1.908203125,,0.5724609374999999,,1.3366634448175319e-05,0.3,0.0223,2.8951029777526855,0.345410856775895,16
sa,447,3.390625,1.30078125,,0.39023437499999997,,1.3396602298598737e-05,0.3,0.022350000000000002,2.7210443019866943,0.3675059605864844,15
sa,448,3.375,1.76171875,,0.5285156249999999,,1.3426573787000962e-05,0.3,0.022400000000000003,2.940742015838623,0.3400502303888177,15
sa,449,3.3515625,1.943359375,,0.5830078125,,1.3456543456413783e-05,0.3,0.02245,2.930654287338257,0.34122073160264904,16
sa,450,3.328125,1.697265625,,0.5091796875,,1.3486513125826605e-05,0.3,0.022500000000000003,2.764969825744629,0.3616675996566045,16
sa,451,3.45703125,1.962890625,,0.5888671875,,1.351648461422883e-05,0.3,0.02255,2.98997163772583,0.33445133304361346,16
sa,452,3.53125,1.61962890625,,0.48588867187499996,,1.3546454283641651e-05,0.3,0.022600000000000002,2.281876564025879,0.43823579932637363,13
sa,453,3.67578125,1.5791015625,,0.47373046874999997,,1.3576423953054473e-05,0.3,0.022650000000000003,2.6514599323272705,0.37715071150340496,14
sa,454,3.46875,1.71875,,0.515625,,1.3606393622467294e-05,0.3,0.0227,4.53085470199585,0.22070890941603097,16
sa,455,3.3515625,1.451171875,,0.4353515625,,1.3636363291880116e-05,0.3,0.022750000000000003,2.7316954135894775,0.36607302374388406,13
sa,456,3.515625,1.34765625,,0.404296875,,1.3666334780282341e-05,0.3,0.0228,2.6956868171691895,0.3709629744935007,15
sa,457,3.44921875,1.703125,,0.5109374999999999,,1.3696304449695162e-05,0.3,0.022850000000000002,2.8343095779418945,0.352819610032204,16
sa,458,3.11328125,1.642578125,,0.49277343749999997,,1.3726274119107984e-05,0.3,0.022900000000000004,2.602233648300171,0.3842852468890406,15
sa,459,3.67578125,1.892578125,,0.5677734375,,1.3756245607510209e-05,0.3,0.02295,3.078375816345215,0.32484662681220144,16
sa,460,3.29296875,1.28125,,0.38437499999999997,,1.3786213457933627e-05,0.3,0.023000000000000003,2.498476505279541,0.4002439077921669,14
sa,461,3.40625,1.345703125,,0.4037109375,,1.3816184946335852e-05,0.3,0.02305,2.4566197395324707,0.4070634066427855,14
sa,462,3.44921875,1.474609375,,0.4423828125,,1.3846154615748674e-05,0.3,0.023100000000000002,2.911485195159912,0.3434673140919322,16
sa,463,3.50390625,1.40234375,,0.420703125,,1.3876124285161495e-05,0.3,0.023150000000000004,2.4122936725616455,0.4145432255510115,15
sa,464,3.25,1.00390625,,0.301171875,,1.390609577356372e-05,0.3,0.023200000000000002,2.4415879249572754,0.40956952226797183,15
sa,465,3.37890625,1.123046875,,0.3369140625,,1.3936063623987138e-05,0.3,0.023250000000000003,2.3676490783691406,0.4223598881844473,13
sa,466,3.26171875,1.5341796875,,0.46025390624999996,,1.3966035112389363e-05,0.3,0.0233,2.674133539199829,0.373952903002453,15
sa,467,3.3203125,1.2490234375,,0.37470703125,,1.3996004781802185e-05,0.3,0.023350000000000003,2.778667688369751,0.3598847045242397,15
sa,468,3.125,1.1201171875,,0.33603515624999997,,1.4025974451215006e-05,0.3,0.023400000000000004,3.0188710689544678,0.3312496549732852,15
sa,469,3.43359375,0.9677734375,,0.29033203125,,1.4055945939617231e-05,0.3,0.02345,2.460689067840576,0.4063902315287517,16
sa,470,3.28515625,0.896484375,,0.2689453125,,1.408591379004065e-05,0.3,0.0235,2.6452114582061768,0.3780416105856958,15
sa,471,3.17578125,1.125,,0.33749999999999997,,1.4115885278442875e-05,0.3,0.02355,2.9964053630828857,0.3337332165802622,16
sa,472,2.9375,1.119140625,,0.3357421875,,1.4145854947855696e-05,0.3,0.0236,2.936842441558838,0.34050175312408415,16
sa,473,3.3828125,0.84033203125,,0.252099609375,,1.4175824617268518e-05,0.3,0.02365,2.383861541748047,0.41948745029323986,14
sa,474,3.52734375,0.8193359375,,0.24580078125,,1.4205794286681339e-05,0.3,0.0237,2.4383859634399414,0.41010734764452744,15
sa,475,3.265625,1.220703125,,0.3662109375,,1.423576395609416e-05,0.3,0.02375,4.475890636444092,0.2234192211618598,15
sa,476,3.47265625,0.861328125,,0.25839843749999997,,1.4265733625506982e-05,0.3,0.0238,2.513732671737671,0.3978147761069314,14
sa,477,3.27734375,0.84765625,,0.254296875,,1.4295703294919804e-05,0.3,0.02385,2.5753049850463867,0.3883035235851834,16
sa,478,3.21875,1.0732421875,,0.32197265625,,1.4325672964332625e-05,0.3,0.0239,2.85780930519104,0.3499183791527166,16
sa,479,3.3984375,0.8271484375,,0.24814453125,,1.435564445273485e-05,0.3,0.02395,2.636444330215454,0.3792987352470585,15
sa,480,3.02734375,0.8271484375,,0.24814453125,,1.4385614122147672e-05,0.3,0.024,2.5750138759613037,0.38834742186648613,16
sa,481,3.20703125,0.83984375,,0.251953125,,1.4415583791560493e-05,0.3,0.024050000000000002,2.3974063396453857,0.4171174420719667,16
sa,482,3.33203125,0.7158203125,,0.21474609375,,1.4445555279962718e-05,0.3,0.0241,2.344695568084717,0.4264946006687162,15
sa,483,3.18359375,0.552978515625,,0.1658935546875,,1.4475523130386136e-05,0.3,0.02415,2.248089075088501,0.4448222319485418,14
sa,484,3.38671875,0.666015625,,0.1998046875,,1.4505494618788362e-05,0.3,0.0242,2.6563117504119873,0.37646183654644544,15
sa,485,3.2265625,0.68017578125,,0.204052734375,,1.4535464288201183e-05,0.3,0.02425,2.5231378078460693,0.3963318994667483,15
sa,486,3.1328125,0.7490234375,,0.22470703125,,1.4565433957614005e-05,0.3,0.024300000000000002,2.486682891845703,0.40214214819235156,15
sa,487,3.0390625,0.6220703125,,0.18662109375,,1.459540544601623e-05,0.3,0.02435,2.359555959701538,0.42380855426988506,16
sa,488,3.3203125,0.6435546875,,0.19306640625,,1.4625373296439648e-05,0.3,0.0244,2.606051206588745,0.3837223142322574,16
sa,489,2.9765625,0.7119140625,,0.21357421875,,1.4655344784841873e-05,0.3,0.02445,2.6047375202178955,0.3839158426666908,16
sa,490,3.109375,0.65869140625,,0.197607421875,,1.4685314454254694e-05,0.3,0.0245,2.275696277618408,0.4394259505695256,15
sa,491,3.203125,0.4677734375,,0.14033203125,,1.4715284123667516e-05,0.3,0.024550000000000002,2.0806941986083984,0.4806088278944671,14
sa,492,3.1484375,0.4814453125,,0.14443359375,,1.4745255612069741e-05,0.3,0.0246,2.5555851459503174,0.391299817024152,14
sa,493,3.046875,0.4931640625,,0.14794921875,,1.4775223462493159e-05,0.3,0.024650000000000002,2.4186434745788574,0.41345490168786597,14
sa,494,3.1875,0.5244140625,,0.15732421875,,1.4805194950895384e-05,0.3,0.0247,2.725693464279175,0.3668791128221954,14
sa,495,3.296875,0.46435546875,,0.139306640625,,1.4835164620308205e-05,0.3,0.02475,2.3111109733581543,0.4326923334827805,15
sa,496,3.171875,0.370361328125,,0.11110839843749999,,1.4865134289721027e-05,0.3,0.024800000000000003,2.046827793121338,0.48856088595271435,16
sa,497,3.11328125,0.4736328125,,0.14208984375,,1.4895105778123252e-05,0.3,0.02485,2.4004688262939453,0.41658528910949777,15
sa,498,3.4375,0.4541015625,,0.13623046875,,1.492507362854667e-05,0.3,0.024900000000000002,2.4934003353118896,0.4010587412850869,15
sa,499,3.359375,0.55078125,,0.165234375,,1.4955045116948895e-05,0.3,0.02495,2.3340377807617188,0.42844207931957623,16
sa,500,3.1875,0.346923828125,,0.1040771484375,,1.4985014786361717e-05,0.3,0.025,2.2710225582122803,0.44033028046501976,14
sa,501,3.28515625,0.408935546875,,0.1226806640625,,1.5014984455774538e-05,0.3,0.025050000000000003,2.140929937362671,0.4670867470011006,16
sa,502,3.55078125,0.5625,,0.16874999999999998,,1.5044955944176763e-05,0.3,0.0251,2.6490209102630615,0.37749796391780643,15
sa,503,3.3515625,0.442138671875,,0.1326416015625,,1.5074925613589585e-05,0.3,0.025150000000000002,1.9987692832946777,0.500307868625861,15
sa,504,3.15234375,0.58544921875,,0.175634765625,,1.5104895283002406e-05,0.3,0.0252,2.2608227729797363,0.4423168467477937,16
sa,505,3.31640625,0.3267822265625,,0.09803466796875,,1.5134864952415228e-05,0.3,0.02525,2.0298140048980713,0.4926559761568971,16
sa,506,3.15625,0.23388671875,,0.070166015625,,1.516483462182805e-05,0.3,0.025300000000000003,1.8265737295150757,0.5474731098128095,15
sa,507,3.45703125,0.4423828125,,0.13271484375,,1.5194806110230274e-05,0.3,0.02535,2.439401388168335,0.40993663644295397,14
sa,508,3.1171875,0.402099609375,,0.12062988281249999,,1.5224775779643096e-05,0.3,0.025400000000000002,2.020111322402954,0.4950222242259819,16
sa,509,3.375,0.336669921875,,0.1010009765625,,1.5254745449055918e-05,0.3,0.02545,2.315068483352661,0.43195266455003917,16
sa,510,3.05859375,0.491455078125,,0.1474365234375,,1.528471511846874e-05,0.3,0.025500000000000002,2.8572046756744385,0.3499924273937259,16
sa,511,3.20703125,0.27392578125,,0.08217773437499999,,1.5314686606870964e-05,0.3,0.025550000000000003,2.11368989944458,0.4731062963695728,15
sa,512,3.21875,0.32763671875,,0.09829101562499999,,1.5344656276283786e-05,0.3,0.0256,1.9398536682128906,0.5155028012609115,16
sa,513,2.97265625,0.468017578125,,0.1404052734375,,1.5374625945696607e-05,0.3,0.025650000000000003,2.2799630165100098,0.43860360574213275,16
sa,514,2.984375,0.318115234375,,0.0954345703125,,1.540459561510943e-05,0.3,0.0257,2.284644365310669,0.43770488535707774,16
sa,515,3.05859375,0.263427734375,,0.0790283203125,,1.543456528452225e-05,0.3,0.025750000000000002,1.9504512548446655,0.5127018670762117,15
sa,516,2.95703125,0.239990234375,,0.0719970703125,,1.5464534953935072e-05,0.3,0.025800000000000003,2.441960334777832,0.4095070610927754,14
sa,517,3.28515625,0.414306640625,,0.12429199218749999,,1.5494504623347893e-05,0.3,0.02585,2.357983350753784,0.42409120474931544,16
sa,518,3.1953125,0.219970703125,,0.0659912109375,,1.5524474292760715e-05,0.3,0.025900000000000003,2.223951578140259,0.4496500777396569,14
sa,519,2.99609375,0.1514892578125,,0.04544677734375,,1.5554443962173536e-05,0.3,0.02595,2.057260274887085,0.4860833664106435,14
sa,520,3.10546875,0.214599609375,,0.0643798828125,,1.5584417269565165e-05,0.3,0.026000000000000002,2.063938856124878,0.4845104771550923,13
sa,521,3.22265625,0.200439453125,,0.060131835937499996,,1.5614386938977987e-05,0.3,0.026050000000000004,2.5192348957061768,0.3969459146919629,15
sa,522,2.9453125,0.23095703125,,0.069287109375,,1.5644356608390808e-05,0.3,0.0261,2.400822877883911,0.4165238548882046,16
sa,523,2.984375,0.2039794921875,,0.061193847656249994,,1.567432627780363e-05,0.3,0.026150000000000003,2.2566702365875244,0.44313076132566576,15
sa,524,3.1953125,0.30712890625,,0.092138671875,,1.570429594721645e-05,0.3,0.0262,2.5449259281158447,0.3929387448774816,16
sa,525,3.08984375,0.154052734375,,0.046215820312499996,,1.5734265616629273e-05,0.3,0.026250000000000002,2.3409183025360107,0.4271827850278499,15
sa,526,3.1015625,0.40771484375,,0.122314453125,,1.5764235286042094e-05,0.3,0.026300000000000004,2.2618186473846436,0.4421220954899752,15
sa,527,3.25390625,0.310302734375,,0.0930908203125,,1.5794204955454916e-05,0.3,0.026350000000000002,2.5435571670532227,0.3931501964858632,16
sa,528,3.1875,0.12841796875,,0.038525390624999996,,1.5824174624867737e-05,0.3,0.026400000000000003,1.8360261917114258,0.5446545395236787,15
sa,529,3.140625,0.1416015625,,0.04248046875,,1.585414429428056e-05,0.3,0.02645,2.3831310272216797,0.41961603813527104,16
sa,530,3.1796875,0.2115478515625,,0.06346435546875,,1.5884117601672187e-05,0.3,0.026500000000000003,2.0290582180023193,0.49283948145388157,15
sa,531,3.26171875,0.1624755859375,,0.04874267578125,,1.591408727108501e-05,0.3,0.026550000000000004,2.137563705444336,0.4678223144662394,13
sa,532,3.171875,0.220947265625,,0.0662841796875,,1.594405694049783e-05,0.3,0.026600000000000002,2.2011682987213135,0.45430419862984245,14
sa,533,3.05078125,0.230224609375,,0.0690673828125,,1.5974026609910652e-05,0.3,0.026650000000000004,2.4894940853118896,0.40168804011226145,15
sa,534,2.90625,0.0728759765625,,0.02186279296875,,1.6003996279323474e-05,0.3,0.0267,2.1488044261932373,0.4653750652271191,14
sa,535,2.8671875,0.20794677734375,,0.062384033203124994,,1.6033965948736295e-05,0.3,0.026750000000000003,2.3923072814941406,0.41800650264937517,15
sa,536,3.3828125,0.29736328125,,0.089208984375,,1.6063935618149117e-05,0.3,0.026800000000000004,2.356376886367798,0.4243803297279134,14
sa,537,3.25390625,0.17535400390625,,0.052606201171875,,1.6093905287561938e-05,0.3,0.026850000000000002,2.269468069076538,0.44063188798549907,14
sa,538,2.98828125,0.245849609375,,0.07375488281249999,,1.612387495697476e-05,0.3,0.026900000000000004,2.944549798965454,0.33961048998096166,16
sa,539,2.984375,0.357666015625,,0.1072998046875,,1.615384826436639e-05,0.3,0.02695,2.666431188583374,0.37503311702983855,16
sa,540,3.03125,0.18994140625,,0.056982421874999994,,1.618381793377921e-05,0.3,0.027000000000000003,2.3098762035369873,0.43292363394573036,16
sa,541,3.01171875,0.1558837890625,,0.046765136718749996,,1.621378760319203e-05,0.3,0.027050000000000005,2.262834072113037,0.4419236975100869,15
sa,542,2.92578125,0.22802734375,,0.068408203125,,1.6243757272604853e-05,0.3,0.027100000000000003,2.160506248474121,0.4628544817707701,14
sa,543,3.0625,0.2200927734375,,0.06602783203125,,1.6273726942017674e-05,0.3,0.027150000000000004,2.292452573776245,0.43621404056038937,16
sa,544,3.26953125,0.11529541015625,,0.034588623046874996,,1.6303696611430496e-05,0.3,0.027200000000000002,2.8493735790252686,0.35095433163316064,14
sa,545,3.12109375,0.153411865234375,,0.0460235595703125,,1.6333666280843318e-05,0.3,0.027250000000000003,2.4629857540130615,0.40601128056492075,13
sa,546,2.73046875,0.1993408203125,,0.05980224609375,,1.636363595025614e-05,0.3,0.027300000000000005,2.356243133544922,0.42440441980005666,16
sa,547,3.15625,0.202880859375,,0.060864257812499996,,1.639360561966896e-05,0.3,0.027350000000000003,2.3768999576568604,0.4207160662267824,15
sa,548,3.02734375,0.1292724609375,,0.03878173828125,,1.6423577108071186e-05,0.3,0.027400000000000004,2.050219774246216,0.4877525875818168,15
sa,549,3.22265625,0.24658203125,,0.073974609375,,1.6453546777484007e-05,0.3,0.027450000000000002,2.4961485862731934,0.40061717699787364,16
sa,550,2.97265625,0.1331787109375,,0.03995361328125,,1.648351644689683e-05,0.3,0.027500000000000004,1.9381425380706787,0.5159579238147514,16
sa,551,2.7890625,0.1856689453125,,0.05570068359375,,1.651348611630965e-05,0.3,0.027550000000000005,2.831578254699707,0.353159937692081,16
sa,552,2.83203125,0.1630859375,,0.04892578125,,1.6543455785722472e-05,0.3,0.027600000000000003,2.669375419616699,0.3746194681539369,16
sa,553,3.08984375,0.331298828125,,0.09938964843749999,,1.6573427274124697e-05,0.3,0.027650000000000004,2.2060556411743164,0.45329772347341385,16
sa,554,2.8671875,0.1748046875,,0.052441406249999996,,1.660339694353752e-05,0.3,0.027700000000000002,2.7017860412597656,0.37012553352808375,16
sa,555,3.0078125,0.1597900390625,,0.04793701171875,,1.663336661295034e-05,0.3,0.027750000000000004,2.4631803035736084,0.40597921254452596,13
sa,556,2.62109375,0.288330078125,,0.0864990234375,,1.666333628236316e-05,0.3,0.027800000000000005,3.227168321609497,0.3098691795230769,16
sa,557,2.9453125,0.25927734375,,0.07778320312499999,,1.6693307770765387e-05,0.3,0.027850000000000003,2.8635175228118896,0.3492208418609674,16
sa,558,3.01953125,0.106689453125,,0.0320068359375,,1.6723277440178208e-05,0.3,0.027900000000000005,2.30043363571167,0.434700651423329,15
sa,559,2.97265625,0.181884765625,,0.0545654296875,,1.675324710959103e-05,0.3,0.027950000000000003,2.47322940826416,0.40432965767694456,15
sa,560,3.046875,0.15338134765625,,0.046014404296875,,1.678321677900385e-05,0.3,0.028000000000000004,2.321216583251953,0.43080857133935807,16
sa,561,3.015625,0.203125,,0.0609375,,1.6813186448416673e-05,0.3,0.028050000000000005,2.4800937175750732,0.4032105693883843,16
sa,562,2.97265625,0.136993408203125,,0.0410980224609375,,1.6843157936818898e-05,0.3,0.028100000000000003,2.0465638637542725,0.4886238918367164,14
sa,563,2.9765625,0.1666259765625,,0.04998779296875,,1.687312760623172e-05,0.3,0.028149999999999998,2.294854164123535,0.4357575377265536,15
sa,564,2.93359375,0.15869140625,,0.047607421875,,1.690309727564454e-05,0.3,0.0282,2.470646858215332,0.40475230066766743,16
sa,565,2.69140625,0.108154296875,,0.0324462890625,,1.6933066945057362e-05,0.3,0.028249999999999997,2.0368595123291016,0.4909518766252677,16
sa,566,2.9453125,0.12548828125,,0.037646484375,,1.6963036614470184e-05,0.3,0.0283,2.1495070457458496,0.46522294587455687,15
sa,567,3.0625,0.097900390625,,0.0293701171875,,1.699300810287241e-05,0.3,0.02835,2.463977098464966,0.40584792797911573,15
sa,568,3.0703125,0.1689453125,,0.05068359375,,1.702297777228523e-05,0.3,0.028399999999999998,2.285644292831421,0.4375133974854921,15
sa,569,2.97265625,0.298828125,,0.0896484375,,1.7052947441698052e-05,0.3,0.02845,2.4173595905303955,0.4136744917542817,16
sa,570,3.10546875,0.1265869140625,,0.037976074218749996,,1.7082917111110874e-05,0.3,0.028499999999999998,2.5983307361602783,0.3848624757746448,16
sa,571,3.08203125,0.16925048828125,,0.050775146484375,,1.71128885995131e-05,0.3,0.02855,2.4132347106933594,0.4143815748915217,15
sa,572,2.98828125,0.1334228515625,,0.04002685546875,,1.714285826892592e-05,0.3,0.0286,2.562312602996826,0.3902724432726988,16
sa,573,2.953125,0.222412109375,,0.0667236328125,,1.717282793833874e-05,0.3,0.02865,3.1584362983703613,0.31661236939176635,16
sa,574,2.88671875,0.042724609375,,0.0128173828125,,1.7202797607751563e-05,0.3,0.0287,2.057286500930786,0.48607716987768407,14
sa,575,2.84765625,0.179443359375,,0.0538330078125,,1.7232767277164385e-05,0.3,0.028749999999999998,2.4754936695098877,0.40395982923195506,14
sa,576,2.80078125,0.1243896484375,,0.03731689453125,,1.7262736946577206e-05,0.3,0.0288,3.3179666996002197,0.3013894021662392,15
sa,577,2.87890625,0.1131591796875,,0.033947753906249996,,1.7292706615990028e-05,0.3,0.02885,2.470064640045166,0.40484770470691595,15
sa,578,2.72265625,0.1124267578125,,0.03372802734375,,1.732267628540285e-05,0.3,0.0289,2.7034873962402344,0.36989260663493734,15
sa,579,2.84765625,0.1658935546875,,0.04976806640625,,1.735264595481567e-05,0.3,0.02895,2.673689603805542,0.37401499357916124,16
sa,580,3.03515625,0.1251220703125,,0.03753662109375,,1.73826192622073e-05,0.3,0.028999999999999998,2.4945905208587646,0.4008673935214623,14
sa,581,2.71484375,0.1363525390625,,0.040905761718749996,,1.741258893162012e-05,0.3,0.02905,2.499774694442749,0.400036052138259,14
sa,582,2.94140625,0.14306640625,,0.042919921874999996,,1.7442558601032943e-05,0.3,0.0291,2.6594350337982178,0.3760197136952788,16
sa,583,2.89453125,0.1796875,,0.053906249999999996,,1.7472528270445764e-05,0.3,0.02915,2.49251389503479,0.40120137423989854,15
sa,584,2.48046875,0.0550537109375,,0.016516113281249998,,1.7502497939858586e-05,0.3,0.0292,2.573843479156494,0.3885240140273496,15
sa,585,3.16015625,0.13543701171875,,0.040631103515624996,,1.7532467609271407e-05,0.3,0.029249999999999998,2.943087577819824,0.33977921946202444,14
sa,586,2.75,0.119110107421875,,0.035733032226562496,,1.756243727868423e-05,0.3,0.0293,2.508392095565796,0.3986617569748157,15
sa,587,2.8515625,0.2640380859375,,0.07921142578125,,1.759240694809705e-05,0.3,0.02935,2.826111078262329,0.3538431336587318,16
sa,588,2.8125,0.1181640625,,0.03544921875,,1.7622376617509872e-05,0.3,0.0294,2.8726766109466553,0.3481074048465422,16
sa,589,2.9375,0.0728759765625,,0.02186279296875,,1.7652346286922693e-05,0.3,0.02945,2.559804916381836,0.39065476966637486,15
sa,590,2.60546875,0.12408447265625,,0.037225341796875,,1.7682319594314322e-05,0.3,0.0295,2.664729118347168,0.375272665846149,16
sa,591,2.7109375,0.126708984375,,0.0380126953125,,1.7712289263727143e-05,0.3,0.02955,2.327716588973999,0.4296055648427439,14
sa,592,2.5234375,0.13037109375,,0.039111328125,,1.7742258933139965e-05,0.3,0.0296,2.50040340423584,0.3999354657356239,15
sa,593,2.77734375,0.1326904296875,,0.039807128906249996,,1.7772228602552786e-05,0.3,0.02965,3.4079031944274902,0.29343556519890956,16
sa,594,2.65234375,0.07763671875,,0.023291015624999998,,1.7802198271965608e-05,0.3,0.0297,3.343944549560547,0.2990480210359402,14
sa,595,2.73046875,0.135009765625,,0.0405029296875,,1.783216794137843e-05,0.3,0.02975,2.411285400390625,0.4147165656284409,16
sa,596,3.20703125,0.184326171875,,0.0552978515625,,1.786213761079125e-05,0.3,0.0298,4.205287933349609,0.23779584557566236,15
sa,597,2.921875,0.1046142578125,,0.031384277343749996,,1.7892107280204073e-05,0.3,0.02985,2.9827733039855957,0.3352584652222129,15
sa,598,2.98828125,0.04815673828125,,0.014447021484375,,1.7922076949616894e-05,0.3,0.0299,3.1443493366241455,0.3180308206700804,16
sa,599,2.75390625,0.1201171875,,0.03603515625,,1.795204843801912e-05,0.3,0.02995,2.545947551727295,0.3927810686129615,15
sa,600,2.953125,0.156982421875,,0.0470947265625,,1.798201810743194e-05,0.3,0.03,2.769547700881958,0.36106978756190106,15
sa,601,2.68359375,0.1981201171875,,0.05943603515625,,1.8011987776844762e-05,0.3,0.03005,3.0081849098205566,0.33242637337066216,16
sa,602,2.74609375,0.172607421875,,0.0517822265625,,1.8041957446257584e-05,0.3,0.030100000000000002,2.6018412113189697,0.3843432088205963,16
sa,603,2.66796875,0.12530517578125,,0.037591552734375,,1.807192893465981e-05,0.3,0.03015,2.577225685119629,0.38801413697441955,16
sa,604,2.94140625,0.147216796875,,0.0441650390625,,1.810189860407263e-05,0.3,0.0302,2.299722194671631,0.434835130224408,15
sa,605,2.69140625,0.10540771484375,,0.031622314453125,,1.8131868273485452e-05,0.3,0.03025,3.019318103790283,0.331200610742093,16
sa,606,2.6796875,0.0838623046875,,0.02515869140625,,1.8161837942898273e-05,0.3,0.0303,2.7187771797180176,0.36781241488267774,16
sa,607,3.0625,0.0659637451171875,,0.019789123535156248,,1.8191807612311095e-05,0.3,0.030350000000000002,2.710495710372925,0.36893620461122756,14
sa,608,2.8828125,0.11572265625,,0.034716796875,,1.822177910071332e-05,0.3,0.0304,2.3615081310272217,0.42345820743162743,16
sa,609,2.70703125,0.053466796875,,0.0160400390625,,1.825174877012614e-05,0.3,0.03045,2.3613393306732178,0.42348847834372877,14
sa,610,2.83203125,0.07635498046875,,0.022906494140625,,1.8281718439538963e-05,0.3,0.0305,2.762172222137451,0.3620339064977528,15
sa,611,2.58203125,0.1485595703125,,0.044567871093749996,,1.8311688108951785e-05,0.3,0.03055,2.8431499004364014,0.35172257356058073,16
sa,612,2.84375,0.104705810546875,,0.0314117431640625,,1.8341657778364606e-05,0.3,0.030600000000000002,2.479094982147217,0.4033730079732043,14
sa,613,2.6171875,0.1058349609375,,0.031750488281249996,,1.837162926676683e-05,0.3,0.03065,2.6847586631774902,0.3724729577058039,15
sa,614,2.91015625,0.09344482421875,,0.028033447265625,,1.8401598936179653e-05,0.3,0.0307,3.128429651260376,0.31964918872224657,15
sa,615,3.0078125,0.13409423828125,,0.040228271484375,,1.8431568605592474e-05,0.3,0.03075,2.9481217861175537,0.3391990129813877,15
sa,616,2.75390625,0.099609375,,0.029882812499999998,,1.8461538275005296e-05,0.3,0.0308,2.6649091243743896,0.3752473173863888,15
sa,617,2.82421875,0.15484619140625,,0.046453857421875,,1.849150976340752e-05,0.3,0.030850000000000002,3.0991876125335693,0.32266520295701145,16
sa,618,2.73828125,0.06903076171875,,0.020709228515625,,1.8521479432820342e-05,0.3,0.0309,2.6654460430145264,0.37517172880717364,15
sa,619,2.76171875,0.0836181640625,,0.02508544921875,,1.8551449102233164e-05,0.3,0.030950000000000002,2.6044914722442627,0.3839521114416668,13
sa,620,2.73828125,0.1578369140625,,0.04735107421875,,1.8581418771645986e-05,0.3,0.031,3.2780110836029053,0.3050630319714742,15
sa,621,2.47265625,0.11346435546875,,0.034039306640624996,,1.8611388441058807e-05,0.3,0.03105,3.3895108699798584,0.29502781916316506,16
sa,622,2.453125,0.1007537841796875,,0.030226135253906248,,1.8641359929461032e-05,0.3,0.031100000000000003,3.2194230556488037,0.31061466067511656,15
sa,623,2.78125,0.095245361328125,,0.0285736083984375,,1.8671329598873854e-05,0.3,0.03115,3.3558101654052734,0.29799063436570533,14
sa,624,2.69921875,0.12060546875,,0.036181640625,,1.8701299268286675e-05,0.3,0.031200000000000002,2.722243070602417,0.3673441254379631,15
sa,625,3.05078125,0.1124267578125,,0.03372802734375,,1.8731268937699497e-05,0.3,0.03125,3.5262486934661865,0.2835874854354169,14
sa,626,2.6328125,0.1182861328125,,0.03548583984375,,1.8761238607112318e-05,0.3,0.0313,3.9139795303344727,0.25549443788597026,16
sa,627,2.79296875,0.07244873046875,,0.021734619140624998,,1.879120827652514e-05,0.3,0.03135,3.1008338928222656,0.3224938950502236,16
sa,628,2.74609375,0.144287109375,,0.043286132812499996,,1.882117794593796e-05,0.3,0.031400000000000004,3.166740655899048,0.3157820954289977,16
sa,629,2.8515625,0.1474609375,,0.04423828125,,1.8851147615350783e-05,0.3,0.03145,3.1095809936523438,0.32158673533229143,15
sa,630,2.55859375,0.13128662109375,,0.039385986328125,,1.8881117284763604e-05,0.3,0.0315,3.2465643882751465,0.30801791691286484,16
sa,631,2.9140625,0.1407470703125,,0.04222412109375,,1.8911090592155233e-05,0.3,0.03155,3.1419713497161865,0.3182715208686832,15
sa,632,2.53125,0.053253173828125,,0.0159759521484375,,1.8941060261568055e-05,0.3,0.0316,2.600226640701294,0.3845818608066776,16
sa,633,2.81640625,0.130126953125,,0.0390380859375,,1.8971029930980876e-05,0.3,0.031650000000000005,2.6381328105926514,0.3790559732189343,15
sa,634,2.953125,0.055084228515625,,0.0165252685546875,,1.9000999600393698e-05,0.3,0.0317,2.889338970184326,0.34609992469530315,14
sa,635,2.5703125,0.10015869140625,,0.030047607421874997,,1.903096926980652e-05,0.3,0.03175,2.902829885482788,0.34449142369694313,16
sa,636,2.52734375,0.158447265625,,0.0475341796875,,1.906093893921934e-05,0.3,0.0318,3.14567494392395,0.3178968004725208,16
sa,637,2.81640625,0.13134765625,,0.039404296875,,1.9090908608632162e-05,0.3,0.03185,3.083495855331421,0.324307230143015,16
sa,638,2.72265625,0.060943603515625,,0.0182830810546875,,1.9120878278044984e-05,0.3,0.031900000000000005,2.9806277751922607,0.3354997924675437,14
sa,639,3.015625,0.1258544921875,,0.03775634765625,,1.9150847947457805e-05,0.3,0.03195,2.971703290939331,0.3365073501950823,12
sa,640,2.93359375,0.13153076171875,,0.039459228515625,,1.9180821254849434e-05,0.3,0.032,3.0242550373077393,0.3306599435774513,16
sa,641,2.64453125,0.13397216796875,,0.040191650390625,,1.9210790924262255e-05,0.3,0.03205,3.4669785499572754,0.28843558896905297,15
sa,642,2.74609375,0.07659912109375,,0.022979736328125,,1.9240760593675077e-05,0.3,0.032100000000000004,2.727499008178711,0.36663624697988456,14
sa,643,2.7109375,0.0955810546875,,0.028674316406249997,,1.92707302630879e-05,0.3,0.032150000000000005,3.0532994270324707,0.327514553976093,16
sa,644,2.53515625,0.1190185546875,,0.03570556640625,,1.930069993250072e-05,0.3,0.0322,3.1984856128692627,0.3126479593894221,16
sa,645,2.86328125,0.0830078125,,0.02490234375,,1.933066960191354e-05,0.3,0.03225,3.144312620162964,0.31803453434861445,14
sa,646,2.9921875,0.08642578125,,0.025927734375,,1.9360639271326363e-05,0.3,0.0323,2.7798404693603516,0.3597328735307255,15
sa,647,2.48828125,0.0877685546875,,0.02633056640625,,1.9390608940739185e-05,0.3,0.032350000000000004,3.46209454536438,0.2888424873719766,16
sa,648,2.69140625,0.056732177734375,,0.017019653320312498,,1.9420578610152006e-05,0.3,0.032400000000000005,3.025538444519043,0.33051968049243075,14
sa,649,2.796875,0.094970703125,,0.028491210937499997,,1.9450548279564828e-05,0.3,0.03245,3.1982710361480713,0.31266893540216606,14
sa,650,2.65234375,0.04766845703125,,0.014300537109374999,,1.9480521586956456e-05,0.3,0.0325,3.5917694568634033,0.2784143058205282,15
sa,651,2.59375,0.1087646484375,,0.03262939453125,,1.9510491256369278e-05,0.3,0.03255,2.9213297367095947,0.34230986917838935,16
sa,652,2.671875,0.181884765625,,0.0545654296875,,1.95404609257821e-05,0.3,0.032600000000000004,3.7052688598632812,0.26988594831331575,15
sa,653,2.81640625,0.073760986328125,,0.0221282958984375,,1.957043059519492e-05,0.3,0.032650000000000005,3.1094467639923096,0.32160061769833,15
sa,654,2.5859375,0.14080810546875,,0.042242431640625,,1.9600400264607742e-05,0.3,0.0327,3.243751287460327,0.30828504141664426,16
sa,655,2.65234375,0.083221435546875,,0.0249664306640625,,1.9630369934020564e-05,0.3,0.03275,3.2719664573669434,0.30562660498810007,16
sa,656,2.52734375,0.068115234375,,0.0204345703125,,1.9660339603433385e-05,0.3,0.0328,3.405426025390625,0.2936490155839733,15
sa,657,2.828125,0.093414306640625,,0.0280242919921875,,1.9690309272846207e-05,0.3,0.032850000000000004,4.01096773147583,0.24931639119222018,15
sa,658,2.59375,0.06463623046875,,0.019390869140625,,1.972027894225903e-05,0.3,0.032900000000000006,2.966907024383545,0.33705134396915487,15
sa,659,2.66796875,0.19873046875,,0.059619140625,,1.9750250430661254e-05,0.3,0.03295,3.572951316833496,0.27988066763983876,16
sa,660,2.54296875,0.1131591796875,,0.033947753906249996,,1.9780220100074075e-05,0.3,0.033,3.6719157695770264,0.2723374017141988,15
sa,661,2.34375,0.09063720703125,,0.027191162109375,,1.9810189769486897e-05,0.3,0.03305,3.2379753589630127,0.3088349629443313,16
sa,662,2.62890625,0.14862060546875,,0.044586181640625,,1.9840159438899718e-05,0.3,0.033100000000000004,3.1520471572875977,0.3172541367878902,15
sa,663,2.51953125,0.06781005859375,,0.020343017578125,,1.9870130927301943e-05,0.3,0.033150000000000006,3.193007469177246,0.31318435977779707,15
sa,664,2.7265625,0.0736083984375,,0.02208251953125,,1.9900100596714765e-05,0.3,0.0332,3.5146076679229736,0.28452677922681757,16
sa,665,2.62109375,0.06103515625,,0.018310546875,,1.9930070266127586e-05,0.3,0.03325,2.903163194656372,0.3444518729917156,16
sa,666,2.75,0.05096435546875,,0.015289306640625,,1.9960039935540408e-05,0.3,0.0333,2.943650484085083,0.3397142444072501,15
sa,667,2.5859375,0.0714111328125,,0.02142333984375,,1.999000960495323e-05,0.3,0.033350000000000005,3.589224338531494,0.27861172935463346,16
sa,668,2.69921875,0.13079833984375,,0.039239501953125,,2.0019981093355455e-05,0.3,0.033400000000000006,3.403266191482544,0.2938353757054708,16
sa,669,2.59375,0.12725830078125,,0.038177490234375,,2.0049950762768276e-05,0.3,0.03345,3.4014651775360107,0.29399095619270477,16
sa,670,2.5078125,0.06439208984375,,0.019317626953125,,2.0079920432181098e-05,0.3,0.0335,3.3673107624053955,0.29697288743426303,16
sa,671,2.61328125,0.040863037109375,,0.0122589111328125,,2.010989010159392e-05,0.3,0.03355,3.0652623176574707,0.32623635316282434,16
sa,672,2.52734375,0.0697021484375,,0.020910644531249998,,2.013985977100674e-05,0.3,0.033600000000000005,3.077916145324707,0.3248951409930319,16
sa,673,2.734375,0.09271240234375,,0.027813720703125,,2.0169831259408966e-05,0.3,0.033650000000000006,3.3011021614074707,0.30292912824413654,15
sa,674,2.5546875,0.05828857421875,,0.017486572265625,,2.0199800928821787e-05,0.3,0.0337,3.3284425735473633,0.30044081515705023,13
sa,675,2.53515625,0.048980712890625,,0.0146942138671875,,2.022977059823461e-05,0.3,0.03375,3.303647518157959,0.30269573085617135,16
sa,676,2.7109375,0.07916259765625,,0.023748779296874998,,2.025974026764743e-05,0.3,0.033800000000000004,3.491140842437744,0.2864393174414969,16
sa,677,2.8984375,0.0540771484375,,0.01622314453125,,2.0289711756049655e-05,0.3,0.033850000000000005,3.387037992477417,0.2952432190666274,16
sa,678,2.4921875,0.05792236328125,,0.017376708984375,,2.0319681425462477e-05,0.3,0.033900000000000007,3.4785850048065186,0.28747321069292675,16
sa,679,2.55078125,0.0701904296875,,0.02105712890625,,2.03496510948753e-05,0.3,0.03395,4.188053131103516,0.23877443019365627,16
sa,680,2.5078125,0.06353759765625,,0.019061279296875,,2.037962076428812e-05,0.3,0.034,3.71724009513855,0.26901679052364996,15
sa,681,2.546875,0.07757568359375,,0.023272705078125,,2.040959043370094e-05,0.3,0.034050000000000004,3.5505237579345703,0.2816485871317547,16
sa,682,2.126953125,0.031890869140625,,0.0095672607421875,,2.0439561922103167e-05,0.3,0.034100000000000005,3.724454402923584,0.2684957021396289,15
sa,683,2.4921875,0.144439697265625,,0.043331909179687496,,2.0469531591515988e-05,0.3,0.03415000000000001,2.9503660202026367,0.33894099686360885,15
sa,684,2.53515625,0.13330078125,,0.039990234374999996,,2.049950126092881e-05,0.3,0.0342,4.340168476104736,0.2304058023336208,16
sa,685,2.7421875,0.069091796875,,0.020727539062499998,,2.052947093034163e-05,0.3,0.03425,6.0672688484191895,0.1648188048005401,16
sa,686,2.66015625,0.0546417236328125,,0.01639251708984375,,2.0559440599754453e-05,0.3,0.034300000000000004,3.4542906284332275,0.28949503894337136,15
sa,687,2.57421875,0.0970458984375,,0.02911376953125,,2.0589410269167274e-05,0.3,0.034350000000000006,3.3770933151245117,0.2961126349459877,16
sa,688,2.7421875,0.11090087890625,,0.033270263671875,,2.0619379938580096e-05,0.3,0.0344,3.5932347774505615,0.27830076850962426,15
sa,689,2.7265625,0.034332275390625,,0.0102996826171875,,2.0649349607992917e-05,0.3,0.03445,3.5961191654205322,0.2780775480456192,14
sa,690,2.6328125,0.0489501953125,,0.01468505859375,,2.067931927740574e-05,0.3,0.034499999999999996,3.8388054370880127,0.2604977033580962,14
sa,691,2.5234375,0.06280517578125,,0.018841552734375,,2.0709292584797367e-05,0.3,0.03455,3.24114990234375,0.3085324746247858,14
sa,692,2.53125,0.08099365234375,,0.024298095703124998,,2.073926225421019e-05,0.3,0.0346,3.4284729957580566,0.2916750405318254,15
sa,693,2.33203125,0.065155029296875,,0.0195465087890625,,2.076923192362301e-05,0.3,0.03465,3.322225570678711,0.30100304110166304,16
sa,694,2.640625,0.07989501953125,,0.023968505859375,,2.0799201593035832e-05,0.3,0.0347,3.7164647579193115,0.26907291341028533,16
sa,695,2.4921875,0.20538330078125,,0.061614990234375,,2.0829171262448654e-05,0.3,0.034749999999999996,6.972249507904053,0.14342573352636842,16
sa,696,2.34765625,0.133270263671875,,0.0399810791015625,,2.0859140931861475e-05,0.3,0.0348,3.936175584793091,0.2540537073252961,16
sa,697,2.59765625,0.07598876953125,,0.022796630859375,,2.0889110601274297e-05,0.3,0.03485,3.75425124168396,0.2663646984775192,16
sa,698,2.51953125,0.11053466796875,,0.033160400390625,,2.0919080270687118e-05,0.3,0.0349,4.486822128295898,0.22287489260908175,16
sa,699,2.5859375,0.0841522216796875,,0.02524566650390625,,2.094904994009994e-05,0.3,0.03495,3.3115808963775635,0.30197057879330963,14
sa,700,2.63671875,0.07403564453125,,0.022210693359375,,2.097902324749157e-05,0.3,0.034999999999999996,4.105297088623047,0.2435877302939381,16
sa,701,2.640625,0.0623779296875,,0.018713378906249998,,2.100899291690439e-05,0.3,0.03505,3.511603832244873,0.28477016422456947,16
sa,702,2.6328125,0.0364990234375,,0.01094970703125,,2.103896258631721e-05,0.3,0.0351,3.204660177230835,0.31204556636145603,15
sa,703,2.46875,0.0782470703125,,0.023474121093749998,,2.1068932255730033e-05,0.3,0.03515,3.9501283168792725,0.25315633310616903,15
sa,704,2.59375,0.065887451171875,,0.019766235351562498,,2.1098901925142854e-05,0.3,0.0352,3.2332303524017334,0.30928820127436085,15
sa,705,2.42578125,0.072784423828125,,0.0218353271484375,,2.1128871594555676e-05,0.3,0.03525,4.002864837646484,0.24982107579429483,16
sa,706,2.54296875,0.069305419921875,,0.0207916259765625,,2.1158841263968498e-05,0.3,0.0353,5.903081893920898,0.16940303691700742,16
sa,707,2.65234375,0.09600830078125,,0.028802490234375,,2.118881093338132e-05,0.3,0.03535,4.3117241859436035,0.23192578116662488,16
sa,708,2.46875,0.071563720703125,,0.0214691162109375,,2.121878060279414e-05,0.3,0.0354,3.5825653076171875,0.27912959405759263,16
sa,709,2.6171875,0.0609130859375,,0.01827392578125,,2.1248750272206962e-05,0.3,0.03545,3.681842803955078,0.2716031219273643,16
sa,710,2.193359375,0.0888671875,,0.02666015625,,2.1278721760609187e-05,0.3,0.0355,3.9700875282287598,0.25188361538370074,15
sa,711,2.546875,0.08404541015625,,0.025213623046874998,,2.130869143002201e-05,0.3,0.03555,3.741758108139038,0.267254047722863,15
sa,712,2.6875,0.05810546875,,0.017431640624999998,,2.133866109943483e-05,0.3,0.0356,3.289808511734009,0.30396905972892474,16
sa,713,2.53515625,0.036773681640625,,0.0110321044921875,,2.1368630768847652e-05,0.3,0.03565,3.4201314449310303,0.29238642318326624,16
sa,714,2.375,0.056915283203125,,0.0170745849609375,,2.1398602257249877e-05,0.3,0.0357,3.7634856700897217,0.26571112199190594,15
sa,715,2.5546875,0.053375244140625,,0.016012573242187498,,2.14285719266627e-05,0.3,0.03575,3.8938024044036865,0.25681837344110026,15
sa,716,2.53125,0.044036865234375,,0.0132110595703125,,2.145854159607552e-05,0.3,0.0358,3.5500407218933105,0.28168690962696313,15
sa,717,2.478515625,0.041046142578125,,0.0123138427734375,,2.148851126548834e-05,0.3,0.03585,3.6003482341766357,0.27775091045566325,16
sa,718,2.484375,0.0779571533203125,,0.02338714599609375,,2.1518480934901163e-05,0.3,0.0359,3.4693777561187744,0.2882361248314192,16
sa,719,2.51953125,0.07098388671875,,0.021295166015625,,2.1548452423303388e-05,0.3,0.03595,4.142624378204346,0.241392872899922,16
sa,720,2.51953125,0.042449951171875,,0.0127349853515625,,2.157842209271621e-05,0.3,0.036,3.6429333686828613,0.2745040599964528,15
sa,721,2.396484375,0.032684326171875,,0.0098052978515625,,2.160839176212903e-05,0.3,0.03605,3.940286636352539,0.2537886433880567,14
sa,722,2.515625,0.0753173828125,,0.02259521484375,,2.1638361431541853e-05,0.3,0.0361,3.687704563140869,0.271171397512464,15
sa,723,2.52734375,0.046600341796875,,0.013980102539062499,,2.1668332919944078e-05,0.3,0.03615,3.729198932647705,0.26815410442317356,16
sa,724,2.30859375,0.0570068359375,,0.01710205078125,,2.16983025893569e-05,0.3,0.0362,3.87283992767334,0.2582084513368368,15
sa,725,2.41015625,0.0482940673828125,,0.01448822021484375,,2.172827225876972e-05,0.3,0.03625,4.229818820953369,0.2364167455698747,16
sa,726,2.35546875,0.08441162109375,,0.025323486328125,,2.1758241928182542e-05,0.3,0.0363,4.042889595031738,0.24734783785065237,15
sa,727,2.47265625,0.0821533203125,,0.02464599609375,,2.1788211597595364e-05,0.3,0.03635,4.465268611907959,0.22395069298478582,14
sa,728,2.53515625,0.062744140625,,0.0188232421875,,2.181818308599759e-05,0.3,0.0364,4.839350700378418,0.20663929149044807,15
sa,729,2.310546875,0.037811279296875,,0.0113433837890625,,2.184815275541041e-05,0.3,0.03645,4.417798042297363,0.22635711058443395,15
sa,730,2.267578125,0.04290771484375,,0.012872314453125,,2.1878122424823232e-05,0.3,0.0365,4.2386603355407715,0.23592359869345825,15
sa,731,2.30859375,0.04656982421875,,0.013970947265625,,2.1908092094236054e-05,0.3,0.03655,5.051139831542969,0.1979751171716287,14
sa,732,2.060546875,0.0606689453125,,0.01820068359375,,2.1938061763648875e-05,0.3,0.0366,4.507965087890625,0.22182957953383836,15
sa,733,2.3984375,0.0673828125,,0.02021484375,,2.19680332520511e-05,0.3,0.03665,4.206968784332275,0.2377008366984398,16
sa,734,2.53125,0.12261962890625,,0.036785888671874996,,2.199800292146392e-05,0.3,0.0367,4.442694187164307,0.2250886416826008,14
sa,735,2.49609375,0.0499267578125,,0.014978027343749999,,2.2027972590876743e-05,0.3,0.03675,4.597112655639648,0.2175278429979782,13
sa,736,2.24609375,0.08599853515625,,0.025799560546875,,2.2057942260289565e-05,0.3,0.0368,4.617616653442383,0.21656193552890773,15
sa,737,2.21875,0.039764404296875,,0.0119293212890625,,2.2087911929702386e-05,0.3,0.03685,3.8327903747558594,0.26090652037386675,15
sa,738,2.3125,0.03509521484375,,0.010528564453125,,2.2117881599115208e-05,0.3,0.0369,3.9522221088409424,0.2530222169859951,16
sa,739,2.328125,0.24365234375,,0.073095703125,,2.214785126852803e-05,0.3,0.036950000000000004,5.115415096282959,0.1954875569583073,15
sa,740,2.51953125,0.0732421875,,0.02197265625,,2.217782093794085e-05,0.3,0.037,4.570399284362793,0.2187992640864901,16
sa,741,2.44921875,0.09503173828125,,0.028509521484374998,,2.2207790607353672e-05,0.3,0.03705,5.677331924438477,0.17613907612049762,16
sa,742,2.23046875,0.06072998046875,,0.018218994140625,,2.22377639147453e-05,0.3,0.0371,3.990321397781372,0.25060637986604345,15
sa,743,2.2265625,0.046142578125,,0.013842773437499999,,2.2267733584158123e-05,0.3,0.03715,3.643195152282715,0.27448433537067884,15
sa,744,2.40625,0.04754638671875,,0.014263916015625,,2.2297703253570944e-05,0.3,0.037200000000000004,4.055078029632568,0.2466043791740822,15
sa,745,2.296875,0.13092041015625,,0.039276123046875,,2.2327672922983766e-05,0.3,0.03725,5.264198303222656,0.18996244867671802,15
sa,746,2.38671875,0.0559539794921875,,0.01678619384765625,,2.2357642592396587e-05,0.3,0.0373,3.9750101566314697,0.2515716842463182,16
sa,747,2.375,0.0250701904296875,,0.00752105712890625,,2.238761226180941e-05,0.3,0.03735,3.639786958694458,0.2747413547409067,14
sa,748,2.3203125,0.066497802734375,,0.019949340820312498,,2.241758193122223e-05,0.3,0.0374,4.0160298347473145,0.2490021342341246,15
sa,749,2.53515625,0.040802001953125,,0.012240600585937499,,2.2447551600635052e-05,0.3,0.037450000000000004,3.89418625831604,0.25679305859202256,14
sa,750,2.6171875,0.020130157470703125,,0.006039047241210937,,2.2477521270047873e-05,0.3,0.037500000000000006,5.043570041656494,0.19827225392741113,13
sa,751,2.263671875,0.04632568359375,,0.013897705078125,,2.2507494577439502e-05,0.3,0.03755,4.354650020599365,0.22963957959183182,16
sa,752,2.08203125,0.04302978515625,,0.012908935546875,,2.2537464246852323e-05,0.3,0.0376,3.8016018867492676,0.26304700749585735,15
sa,753,2.16015625,0.0794677734375,,0.023840332031249998,,2.2567433916265145e-05,0.3,0.03765,4.25793981552124,0.234855362763643,15
sa,754,2.453125,0.080322265625,,0.0240966796875,,2.2597403585677966e-05,0.3,0.037700000000000004,4.744829177856445,0.21075574325560156,15
sa,755,2.58203125,0.0233917236328125,,0.00701751708984375,,2.2627373255090788e-05,0.3,0.037750000000000006,4.028796672821045,0.24821307234146908,14
sa,756,2.25,0.034637451171875,,0.0103912353515625,,2.265734292450361e-05,0.3,0.0378,5.060441970825195,0.19761119794778165,15
sa,757,2.19140625,0.05145263671875,,0.015435791015624999,,2.268731259391643e-05,0.3,0.03785,5.187307357788086,0.19277824332090646,16
sa,758,2.3359375,0.11151123046875,,0.033453369140625,,2.2717282263329253e-05,0.3,0.0379,4.081607818603516,0.24500149069739405,15
sa,759,2.33984375,0.04705810546875,,0.014117431640624999,,2.2747251932742074e-05,0.3,0.037950000000000005,4.862336158752441,0.20566245675958694,16
sa,760,2.6640625,0.03173828125,,0.009521484375,,2.27772234211443e-05,0.3,0.038000000000000006,4.585470676422119,0.2180801210095764,16
sa,761,2.40625,0.03668212890625,,0.011004638671874999,,2.280719309055712e-05,0.3,0.03805,4.4855194091796875,0.2229396216530652,13
sa,762,2.49609375,0.06390380859375,,0.019171142578124998,,2.2837162759969942e-05,0.3,0.0381,4.5650410652160645,0.21905607982798503,16
sa,763,2.296875,0.023223876953125,,0.0069671630859374995,,2.2867132429382764e-05,0.3,0.03815,4.309877395629883,0.2320251617862673,15
sa,764,2.59375,0.079315185546875,,0.023794555664062498,,2.2897102098795585e-05,0.3,0.038200000000000005,4.861109733581543,0.20571434400910452,15
sa,765,2.103515625,0.09515380859375,,0.028546142578125,,2.292707358719781e-05,0.3,0.038250000000000006,5.389291763305664,0.18555313831935194,16
sa,766,2.6171875,0.035552978515625,,0.0106658935546875,,2.2957043256610632e-05,0.3,0.0383,3.7284345626831055,0.2682090789546717,13
sa,767,2.54296875,0.063140869140625,,0.018942260742187498,,2.2987012926023453e-05,0.3,0.03835,4.091912269592285,0.24438451611760464,15
sa,768,2.29296875,0.049591064453125,,0.0148773193359375,,2.3016982595436275e-05,0.3,0.038400000000000004,5.044027328491211,0.1982542787489464,16
sa,769,2.41015625,0.05645751953125,,0.016937255859375,,2.3046952264849097e-05,0.3,0.038450000000000005,4.716621398925781,0.21201616907978912,15
sa,770,2.23828125,0.03857421875,,0.011572265625,,2.307692375325132e-05,0.3,0.038500000000000006,4.050424575805664,0.24688769813744563,15
sa,771,2.3984375,0.048828125,,0.0146484375,,2.3106893422664143e-05,0.3,0.03855,4.772855758666992,0.20951816911376542,14
sa,772,2.52734375,0.05517578125,,0.016552734375,,2.3136863092076965e-05,0.3,0.0386,4.281620979309082,0.23355640418255058,16
sa,773,2.59765625,0.056243896484375,,0.0168731689453125,,2.3166832761489786e-05,0.3,0.038650000000000004,4.657214164733887,0.21472063869691937,14
sa,774,2.765625,0.04692840576171875,,0.014078521728515625,,2.319680424989201e-05,0.3,0.038700000000000005,4.103381633758545,0.2437014368278578,15
sa,775,2.09375,0.0599822998046875,,0.01799468994140625,,2.3226773919304833e-05,0.3,0.03875000000000001,4.8730316162109375,0.20521106341139594,16
sa,776,2.35546875,0.1011962890625,,0.03035888671875,,2.3256743588717654e-05,0.3,0.0388,4.522373676300049,0.2211228154897062,15
sa,777,2.19140625,0.042022705078125,,0.012606811523437499,,2.3286713258130476e-05,0.3,0.03885,4.7153191566467285,0.21207472215118184,16
sa,778,2.28515625,0.0220947265625,,0.00662841796875,,2.3316682927543297e-05,0.3,0.038900000000000004,4.22318172454834,0.2367882949926688,14
sa,779,2.091796875,0.0633544921875,,0.01900634765625,,2.3346654415945522e-05,0.3,0.038950000000000005,10.930303573608398,0.09148876728497597,16
sa,780,2.33984375,0.0303802490234375,,0.00911407470703125,,2.3376624085358344e-05,0.3,0.03900000000000001,4.773905277252197,0.20947210761910803,15
sa,781,2.140625,0.03265380859375,,0.009796142578125,,2.3406593754771166e-05,0.3,0.03905,4.931611061096191,0.2027734928021111,15
sa,782,2.44921875,0.0682373046875,,0.02047119140625,,2.3436563424183987e-05,0.3,0.0391,4.976390361785889,0.20094886600518366,15
sa,783,2.13671875,0.064697265625,,0.0194091796875,,2.3466534912586212e-05,0.3,0.039150000000000004,5.577826976776123,0.17928128716857059,16
sa,784,2.45703125,0.032318115234375,,0.0096954345703125,,2.3496504581999034e-05,0.3,0.039200000000000006,4.665613651275635,0.21433407794633574,15
sa,785,2.4921875,0.0361328125,,0.01083984375,,2.3526474251411855e-05,0.3,0.03925000000000001,5.2338643074035645,0.19106341725089238,14
sa,786,2.27734375,0.02178955078125,,0.006536865234375,,2.3556443920824677e-05,0.3,0.0393,4.73913049697876,0.211009171542651,15
sa,787,2.5390625,0.03204345703125,,0.009613037109375,,2.3586413590237498e-05,0.3,0.03935,5.675762176513672,0.17618779097862913,15
sa,788,2.34765625,0.07049560546875,,0.021148681640625,,2.3616385078639723e-05,0.3,0.039400000000000004,4.47957181930542,0.223235621692757,14
sa,789,2.115234375,0.05792236328125,,0.017376708984375,,2.3646354748052545e-05,0.3,0.039450000000000006,4.5925211906433105,0.21774532081362527,16
sa,790,2.5078125,0.0628509521484375,,0.01885528564453125,,2.3676324417465366e-05,0.3,0.03950000000000001,4.882887840270996,0.20479684004875706,16
sa,791,2.31640625,0.063232421875,,0.0189697265625,,2.3706294086878188e-05,0.3,0.03955,5.635822296142578,0.17743639658128452,15
sa,792,2.4453125,0.0426788330078125,,0.01280364990234375,,2.373626375629101e-05,0.3,0.0396,5.497839450836182,0.18188963299899694,16
sa,793,2.39453125,0.027618408203125,,0.0082855224609375,,2.3766235244693235e-05,0.3,0.039650000000000005,4.31803035736084,0.23158707031675324,14
sa,794,2.31640625,0.0415496826171875,,0.01246490478515625,,2.3796204914106056e-05,0.3,0.039700000000000006,4.5566182136535645,0.21946100224143752,15
sa,795,2.111328125,0.037811279296875,,0.0113433837890625,,2.3826174583518878e-05,0.3,0.03975000000000001,5.509960651397705,0.1814894993390436,16
sa,796,2.16796875,0.02874755859375,,0.008624267578124999,,2.38561442529317e-05,0.3,0.0398,5.983539581298828,0.16712515834698183,16
sa,797,2.126953125,0.02142333984375,,0.006427001953125,,2.3886115741333924e-05,0.3,0.039850000000000003,4.51431131362915,0.22151773117217272,16
sa,798,2.55859375,0.0557861328125,,0.01673583984375,,2.3916085410746746e-05,0.3,0.039900000000000005,6.814789772033691,0.14673966966725327,16
sa,799,2.05078125,0.171142578125,,0.051342773437499996,,2.3946053261170164e-05,0.3,0.039950000000000006,5.958083629608154,0.16783920169072333,16
sa,800,2.0859375,0.057647705078125,,0.017294311523437498,,2.3976022930582985e-05,0.3,0.04000000000000001,5.345330715179443,0.18707916371951364,15
sa,801,2.109375,0.039459228515625,,0.0118377685546875,,2.4005992599995807e-05,0.3,0.04005,4.660280227661133,0.2145793710138913,15
sa,802,2.265625,0.0321044921875,,0.009631347656249999,,2.4035965907387435e-05,0.3,0.040100000000000004,4.523728847503662,0.22105657383771618,16
sa,803,2.29296875,0.073089599609375,,0.0219268798828125,,2.4065935576800257e-05,0.3,0.040150000000000005,4.809048175811768,0.20794135626042048,14
sa,804,2.234375,0.02947998046875,,0.008843994140625,,2.409590524621308e-05,0.3,0.04020000000000001,4.533248424530029,0.2205923669633596,15
sa,805,2.13671875,0.05633544921875,,0.016900634765625,,2.41258749156259e-05,0.3,0.04025000000000001,4.639175891876221,0.21555552609055534,15
sa,806,2.36328125,0.0289306640625,,0.00867919921875,,2.415584458503872e-05,0.3,0.0403,4.864090919494629,0.20558826233945035,13
sa,807,2.12890625,0.05511474609375,,0.016534423828125,,2.4185814254451543e-05,0.3,0.040350000000000004,6.20253849029541,0.16122431187885666,16
sa,808,2.2734375,0.03668212890625,,0.011004638671874999,,2.4215783923864365e-05,0.3,0.040400000000000005,4.988061904907227,0.20047866667737338,16
sa,809,2.28125,0.0308074951171875,,0.009242248535156249,,2.4245753593277186e-05,0.3,0.04045000000000001,5.213735580444336,0.19180105791149,16
sa,810,2.5703125,0.0552520751953125,,0.01657562255859375,,2.4275723262690008e-05,0.3,0.04050000000000001,5.307793140411377,0.18840221793619027,16
sa,811,2.310546875,0.041534423828125,,0.0124603271484375,,2.4305696570081636e-05,0.3,0.04055,4.182357311248779,0.23909960952174536,11
sa,812,2.171875,0.0511932373046875,,0.01535797119140625,,2.4335666239494458e-05,0.3,0.040600000000000004,5.435965061187744,0.18395997559658755,16
sa,813,2.06640625,0.03314208984375,,0.009942626953125,,2.4365634089917876e-05,0.3,0.04065,4.709299087524414,0.21234582501866117,16
sa,814,2.169921875,0.0338134765625,,0.01014404296875,,2.4395603759330697e-05,0.3,0.0407,5.227962493896484,0.19127910752371982,16
sa,815,2.234375,0.06268310546875,,0.018804931640624998,,2.442557342874352e-05,0.3,0.04075,6.522799491882324,0.15330840711024582,16
sa,816,2.255859375,0.03961181640625,,0.011883544921875,,2.4455544917145744e-05,0.3,0.0408,4.332647800445557,0.23080574421423383,16
sa,817,2.083984375,0.0409393310546875,,0.01228179931640625,,2.4485514586558565e-05,0.3,0.04085,4.313784122467041,0.23181503098214912,15
sa,818,2.166015625,0.0374755859375,,0.01124267578125,,2.4515484255971387e-05,0.3,0.0409,4.125805854797363,0.24237689198032186,13
sa,819,2.03125,0.0475616455078125,,0.014268493652343749,,2.454545392538421e-05,0.3,0.04095,5.062013626098633,0.19754984357296457,15
sa,820,2.087890625,0.028717041015625,,0.0086151123046875,,2.4575425413786434e-05,0.3,0.041,5.1384687423706055,0.19461050560729018,15
sa,821,2.28515625,0.0472869873046875,,0.014186096191406249,,2.4605395083199255e-05,0.3,0.04105,5.2945451736450195,0.18887363639425744,15
sa,822,2.263671875,0.03662109375,,0.010986328125,,2.4635364752612077e-05,0.3,0.0411,5.503100395202637,0.18171574715804867,16
sa,823,2.2421875,0.0246429443359375,,0.00739288330078125,,2.4665334422024898e-05,0.3,0.04115,4.603609561920166,0.21722085388642295,15
sa,824,2.388671875,0.02618408203125,,0.007855224609375,,2.469530409143772e-05,0.3,0.0412,4.625734329223633,0.21618189217707118,14
sa,825,2.130859375,0.029266357421875,,0.0087799072265625,,2.4725275579839945e-05,0.3,0.04125,5.8722686767578125,0.1702919357143785,16
sa,826,2.263671875,0.058807373046875,,0.0176422119140625,,2.4755245249252766e-05,0.3,0.0413,7.463733196258545,0.13398120936333638,15
sa,827,2.23046875,0.05584716796875,,0.016754150390625,,2.4785214918665588e-05,0.3,0.04135,5.13246488571167,0.19483815715601133,16
sa,828,2.43359375,0.061279296875,,0.0183837890625,,2.481518458807841e-05,0.3,0.0414,5.517099857330322,0.18125464933743132,15
sa,829,1.927734375,0.032501220703125,,0.0097503662109375,,2.4845156076480635e-05,0.3,0.04145,6.430473327636719,0.15550954790563026,15
sa,830,2.236328125,0.1175537109375,,0.03526611328125,,2.4875125745893456e-05,0.3,0.0415,6.3408308029174805,0.15770804033122757,15
sa,831,2.12890625,0.026947021484375,,0.0080841064453125,,2.4905095415306278e-05,0.3,0.041550000000000004,5.057611465454102,0.19772179156712155,14
sa,832,1.98046875,0.046905517578125,,0.014071655273437499,,2.49350650847191e-05,0.3,0.0416,6.186490058898926,0.1616425453656965,16
sa,833,2.20703125,0.04150390625,,0.012451171875,,2.496503475413192e-05,0.3,0.04165,6.576864242553711,0.1520481437840525,16
sa,834,2.044921875,0.0249481201171875,,0.00748443603515625,,2.4995006242534146e-05,0.3,0.0417,4.841063499450684,0.2065661811941674,16
sa,835,2.28515625,0.0354156494140625,,0.01062469482421875,,2.5024975911946967e-05,0.3,0.04175,5.360853672027588,0.18653745488669138,15
sa,836,2.1328125,0.034698486328125,,0.010409545898437499,,2.505494558135979e-05,0.3,0.041800000000000004,5.061977386474609,0.19755125786850766,14
sa,837,2.197265625,0.041290283203125,,0.0123870849609375,,2.508491525077261e-05,0.3,0.04185,5.662815093994141,0.1765906149859243,14
sa,838,2.203125,0.0421905517578125,,0.01265716552734375,,2.5114884920185432e-05,0.3,0.0419,7.001646995544434,0.14282353860975278,16
sa,839,1.859375,0.06829833984375,,0.020489501953125,,2.5144856408587657e-05,0.3,0.04195,14.85149097442627,0.06733330691995597,15
sa,840,2.1328125,0.0162811279296875,,0.0048843383789062495,,2.517482607800048e-05,0.3,0.042,5.489556312561035,0.18216408450202626,14
sa,841,2.220703125,0.02716064453125,,0.008148193359375,,2.52047957474133e-05,0.3,0.042050000000000004,4.793765068054199,0.2086042986678741,14
sa,842,2.19921875,0.03546142578125,,0.010638427734374999,,2.523476541682612e-05,0.3,0.0421,5.680894374847412,0.17602862049813411,14
sa,843,2.546875,0.053680419921875,,0.016104125976562498,,2.5264736905228347e-05,0.3,0.04215,6.352454662322998,0.15741946273636448,16
sa,844,2.23046875,0.0286865234375,,0.00860595703125,,2.5294706574641168e-05,0.3,0.0422,5.588505268096924,0.17893872368854974,16
sa,845,2.12890625,0.0236053466796875,,0.0070816040039062495,,2.532467624405399e-05,0.3,0.04225,12.651202201843262,0.07904387140807073,14
sa,846,2.044921875,0.0521240234375,,0.01563720703125,,2.535464591346681e-05,0.3,0.042300000000000004,6.403538227081299,0.1561636652328997,15
sa,847,2.12109375,0.060546875,,0.018164062499999998,,2.5384615582879633e-05,0.3,0.04235,5.417734622955322,0.18457899280686982,16
sa,848,2.23828125,0.047760009765625,,0.0143280029296875,,2.5414587071281858e-05,0.3,0.0424,5.110018253326416,0.19569401720806776,14
sa,849,2.14453125,0.0408172607421875,,0.01224517822265625,,2.544455674069468e-05,0.3,0.04245,5.307265758514404,0.18842093942548627,14
sa,850,2.32421875,0.02283477783203125,,0.006850433349609375,,2.54745264101075e-05,0.3,0.0425,4.848936080932617,0.20623080678095176,15
sa,851,2.064453125,0.0298309326171875,,0.00894927978515625,,2.5504496079520322e-05,0.3,0.042550000000000004,4.901937484741211,0.20400096963961858,14
sa,852,2.314453125,0.042236328125,,0.0126708984375,,2.5534465748933144e-05,0.3,0.0426,5.75043249130249,0.1738999634397059,16
sa,853,2.0390625,0.025970458984375,,0.0077911376953124995,,2.556443723733537e-05,0.3,0.04265,5.664295196533203,0.17654447116598793,16
sa,854,2.041015625,0.082916259765625,,0.0248748779296875,,2.559440690674819e-05,0.3,0.0427,7.857448577880859,0.1272677752947762,15
sa,855,2.31640625,0.032745361328125,,0.0098236083984375,,2.5624376576161012e-05,0.3,0.04275,6.004677772521973,0.16653682976563763,15
sa,856,2.189453125,0.04620361328125,,0.013861083984375,,2.5654346245573834e-05,0.3,0.042800000000000005,6.41743278503418,0.15582555104154067,16
sa,857,2.1171875,0.038543701171875,,0.0115631103515625,,2.5684315914986655e-05,0.3,0.04285,5.366551399230957,0.18633940599978285,15
sa,858,1.95703125,0.058685302734375,,0.0176055908203125,,2.5714285584399477e-05,0.3,0.0429,5.163946151733398,0.19365035393801053,15
sa,859,2.009765625,0.053009033203125,,0.0159027099609375,,2.5744255253812298e-05,0.3,0.04295,5.555105209350586,0.18001459239993475,16
sa,860,2.15234375,0.0977783203125,,0.029333496093749998,,2.577422492322512e-05,0.3,0.043000000000000003,5.571241855621338,0.17949319485942045,16
sa,861,2.013671875,0.025360107421875,,0.0076080322265624995,,2.580419459263794e-05,0.3,0.043050000000000005,5.508742809295654,0.18152962202420547,14
sa,862,1.935546875,0.017730712890625,,0.0053192138671874995,,2.583416790002957e-05,0.3,0.0431,5.996298313140869,0.16676955477823763,16
sa,863,1.927734375,0.022247314453125,,0.0066741943359375,,2.586413756944239e-05,0.3,0.04315,5.484408855438232,0.18233505676886572,16
sa,864,2.056640625,0.029205322265625,,0.008761596679687499,,2.5894107238855213e-05,0.3,0.0432,6.312710285186768,0.15841056453146163,15
sa,865,1.9375,0.0274810791015625,,0.00824432373046875,,2.5924076908268034e-05,0.3,0.043250000000000004,5.165972709655762,0.19357438689733916,14
sa,866,1.919921875,0.01910400390625,,0.0057312011718749995,,2.5954046577680856e-05,0.3,0.043300000000000005,6.302193641662598,0.15867490858884295,15
sa,867,1.845703125,0.035980224609375,,0.0107940673828125,,2.5984016247093678e-05,0.3,0.04335,5.526243686676025,0.18095474190018734,16
sa,868,1.873046875,0.0361480712890625,,0.010844421386718749,,2.60139859165065e-05,0.3,0.0434,5.341217517852783,0.1872232307816606,16
sa,869,2.111328125,0.018096923828125,,0.0054290771484375,,2.604395558591932e-05,0.3,0.04345,6.940696716308594,0.14407775485280813,15
sa,870,2.033203125,0.02374267578125,,0.007122802734374999,,2.6073925255332142e-05,0.3,0.043500000000000004,5.708683013916016,0.17517175109605967,15
sa,871,1.931640625,0.0377197265625,,0.01131591796875,,2.6103896743734367e-05,0.3,0.043550000000000005,6.138408184051514,0.16290868414357762,14
sa,872,1.7578125,0.0518798828125,,0.01556396484375,,2.613386641314719e-05,0.3,0.0436,5.372805118560791,0.18612251476336242,16
sa,873,1.82421875,0.1036224365234375,,0.03108673095703125,,2.616383608256001e-05,0.3,0.04365,5.887055397033691,0.1698642075805622,15
sa,874,1.833984375,0.031280517578125,,0.0093841552734375,,2.6193805751972832e-05,0.3,0.0437,7.642823219299316,0.13084170224882927,15
sa,875,2.052734375,0.05584716796875,,0.016754150390625,,2.6223775421385653e-05,0.3,0.043750000000000004,5.9909539222717285,0.16691832602524956,16
sa,876,2.32421875,0.12835693359375,,0.038507080078125,,2.625374690978788e-05,0.3,0.043800000000000006,15.555452346801758,0.06428614081451657,16
sa,877,2.353515625,0.035797119140625,,0.0107391357421875,,2.62837165792007e-05,0.3,0.04385,6.757323265075684,0.14798759224208874,15
sa,878,1.798828125,0.038818359375,,0.011645507812499999,,2.631368624861352e-05,0.3,0.0439,6.41334342956543,0.15592491045934218,15
sa,879,2.009765625,0.0371246337890625,,0.01113739013671875,,2.6343655918026343e-05,0.3,0.04395,5.400933265686035,0.18515318571946443,13
sa,880,1.8203125,0.0311279296875,,0.00933837890625,,2.6373627406428568e-05,0.3,0.044000000000000004,5.79967737197876,0.1724233842440128,16
sa,881,2.021484375,0.055511474609375,,0.016653442382812498,,2.640359707584139e-05,0.3,0.044050000000000006,6.722047328948975,0.14876420100367768,16
sa,882,1.904296875,0.03997802734375,,0.011993408203125,,2.643356674525421e-05,0.3,0.0441,5.314889907836914,0.18815065172384465,15
sa,883,2.03125,0.02960205078125,,0.008880615234375,,2.6463536414667033e-05,0.3,0.04415,6.452049255371094,0.15498951734869923,16
sa,884,2.1328125,0.1107177734375,,0.033215332031249996,,2.6493506084079854e-05,0.3,0.0442,9.582245826721191,0.10435966871267123,16
sa,885,2.18359375,0.0379638671875,,0.01138916015625,,2.652347757248208e-05,0.3,0.044250000000000005,6.520728588104248,0.15335709598836822,16
sa,886,2.02734375,0.0232696533203125,,0.00698089599609375,,2.65534472418949e-05,0.3,0.044300000000000006,7.248268127441406,0.1379639911793652,15
sa,887,1.955078125,0.025177001953125,,0.0075531005859375,,2.6583416911307722e-05,0.3,0.04435,5.470019340515137,0.18281471010408262,16
sa,888,2.09375,0.0391845703125,,0.01175537109375,,2.6613386580720544e-05,0.3,0.0444,5.848965644836426,0.17097040070372416,16
sa,889,1.931640625,0.030517578125,,0.0091552734375,,2.664335806912277e-05,0.3,0.04445,5.612346649169922,0.17817858776558326,16
sa,890,2.072265625,0.038177490234375,,0.0114532470703125,,2.667332773853559e-05,0.3,0.044500000000000005,6.2852654457092285,0.1591022700055845,15
sa,891,1.724609375,0.03961181640625,,0.011883544921875,,2.6703297407948412e-05,0.3,0.044550000000000006,5.644632339477539,0.17715945695987684,16
sa,892,1.91796875,0.0263671875,,0.00791015625,,2.6733267077361234e-05,0.3,0.0446,6.10688591003418,0.1637495795290538,15
sa,893,2.11328125,0.046905517578125,,0.014071655273437499,,2.6763236746774055e-05,0.3,0.04465,6.300704002380371,0.15871242318671144,14
sa,894,1.619140625,0.01709747314453125,,0.005129241943359375,,2.679320823517628e-05,0.3,0.044700000000000004,7.736021995544434,0.12926540288742078,14
sa,895,1.861328125,0.02069091796875,,0.006207275390625,,2.68231779045891e-05,0.3,0.044750000000000005,6.5817551612854,0.1519351564278946,15
sa,896,1.966796875,0.041534423828125,,0.0124603271484375,,2.6853147574001923e-05,0.3,0.044800000000000006,7.175900936126709,0.13935532400754735,16
sa,897,1.95703125,0.030426025390625,,0.009127807617187499,,2.6883117243414745e-05,0.3,0.04485,6.334794044494629,0.15785832861749763,16
sa,898,1.87890625,0.04921722412109375,,0.014765167236328125,,2.6913086912827566e-05,0.3,0.0449,8.01406478881836,0.12478062336047646,16
sa,899,1.91796875,0.01120758056640625,,0.003362274169921875,,2.694305840122979e-05,0.3,0.044950000000000004,5.452463150024414,0.18340334863070507,15
sa,900,2.07421875,0.0218658447265625,,0.00655975341796875,,2.6973028070642613e-05,0.3,0.045000000000000005,6.715724468231201,0.1489042626347328,14
sa,901,1.888671875,0.027374267578125,,0.008212280273437499,,2.7002997740055434e-05,0.3,0.04505000000000001,7.001593589782715,0.142824628018867,16
sa,902,1.931640625,0.03094482421875,,0.009283447265625,,2.7032967409468256e-05,0.3,0.0451,6.656201362609863,0.15023583956118555,15
sa,903,1.984375,0.0257415771484375,,0.0077224731445312495,,2.706293889787048e-05,0.3,0.04515,7.2166852951049805,0.1385677716441774,15
sa,904,1.98828125,0.018768310546875,,0.0056304931640625,,2.7092908567283303e-05,0.3,0.045200000000000004,7.407540798187256,0.13499756899681417,15
sa,905,1.87109375,0.033599853515625,,0.0100799560546875,,2.7122878236696124e-05,0.3,0.045250000000000005,7.91272497177124,0.12637871322047894,15
sa,906,1.822265625,0.023651123046875,,0.0070953369140625,,2.7152847906108946e-05,0.3,0.04530000000000001,7.590768814086914,0.13173896142696437,15
sa,907,1.93359375,0.04595947265625,,0.013787841796875,,2.7182817575521767e-05,0.3,0.04535,7.1313958168029785,0.14022500302728988,16
sa,908,1.814453125,0.035888671875,,0.0107666015625,,2.7212789063923992e-05,0.3,0.0454,6.316394329071045,0.15831817139685617,15
sa,909,1.8828125,0.02996826171875,,0.008990478515624999,,2.7242758733336814e-05,0.3,0.045450000000000004,7.360755443572998,0.1358556207533215,16
sa,910,2.001953125,0.027801513671875,,0.0083404541015625,,2.7272728402749635e-05,0.3,0.045500000000000006,7.820923805236816,0.12786213302965688,15
sa,911,1.9296875,0.05218505859375,,0.015655517578125,,2.7302698072162457e-05,0.3,0.04555000000000001,6.402365684509277,0.15619226537145967,16
sa,912,2.0859375,0.0499267578125,,0.014978027343749999,,2.7332669560564682e-05,0.3,0.0456,6.668917179107666,0.1499493805580301,15
sa,913,2.005859375,0.01873779296875,,0.005621337890625,,2.7362639229977503e-05,0.3,0.04565,6.4950456619262695,0.1539635057320636,14
sa,914,1.90625,0.0699462890625,,0.02098388671875,,2.7392608899390325e-05,0.3,0.045700000000000005,7.2801103591918945,0.13736055508243722,15
sa,915,1.888671875,0.0150604248046875,,0.0045181274414062495,,2.7422578568803146e-05,0.3,0.045750000000000006,6.617170333862305,0.15112199770386156,15
sa,916,2.140625,0.036773681640625,,0.0110321044921875,,2.7452548238215968e-05,0.3,0.04580000000000001,7.545363903045654,0.13253171256542765,15
sa,917,1.671875,0.036834716796875,,0.011050415039062499,,2.748251790762879e-05,0.3,0.04585,6.43825626373291,0.1553215589806608,16
sa,918,1.810546875,0.030487060546875,,0.0091461181640625,,2.751248757704161e-05,0.3,0.0459,5.594399929046631,0.17875018101725432,14
sa,919,1.85546875,0.035552978515625,,0.0106658935546875,,2.7542457246454433e-05,0.3,0.045950000000000005,6.104630947113037,0.16381006626992145,15
sa,920,1.806640625,0.034332275390625,,0.0102996826171875,,2.7572426915867254e-05,0.3,0.046000000000000006,6.079178333282471,0.1644959146082571,15
sa,921,1.736328125,0.024658203125,,0.007397460937499999,,2.7602396585280076e-05,0.3,0.04605000000000001,5.949734687805176,0.16807472139045826,15
sa,922,1.99609375,0.0782470703125,,0.023474121093749998,,2.76323680736823e-05,0.3,0.0461,7.226192474365234,0.13838546420504005,13
sa,923,1.583984375,0.040618896484375,,0.0121856689453125,,2.7662337743095122e-05,0.3,0.046150000000000004,5.754971504211426,0.17376280651749723,15
sa,924,1.71484375,0.0746917724609375,,0.02240753173828125,,2.7692307412507944e-05,0.3,0.046200000000000005,6.894908428192139,0.1450345585317951,16
sa,925,1.828125,0.02838134765625,,0.008514404296875,,2.7722277081920765e-05,0.3,0.046250000000000006,6.3644561767578125,0.15712261538572192,16
sa,926,1.8515625,0.045928955078125,,0.0137786865234375,,2.775224857032299e-05,0.3,0.04630000000000001,8.25233268737793,0.12117785817451536,16
sa,927,1.865234375,0.025970458984375,,0.0077911376953124995,,2.7782218239735812e-05,0.3,0.04635,7.240426063537598,0.13811341918619224,16
sa,928,1.88671875,0.022796630859375,,0.0068389892578125,,2.7812187909148633e-05,0.3,0.046400000000000004,6.223792552947998,0.16067373574756025,14
sa,929,1.798828125,0.053680419921875,,0.016104125976562498,,2.7842157578561455e-05,0.3,0.046450000000000005,9.985729217529297,0.10014291177098665,16
sa,930,1.806640625,0.03741455078125,,0.011224365234375,,2.7872127247974277e-05,0.3,0.04650000000000001,7.3955559730529785,0.13521633852054904,16
sa,931,1.904296875,0.0731201171875,,0.02193603515625,,2.79020987363765e-05,0.3,0.04655000000000001,7.85706901550293,0.127273923396483,15
sa,932,1.7578125,0.0331268310546875,,0.00993804931640625,,2.7932068405789323e-05,0.3,0.0466,7.020649433135986,0.14243696534400516,15
sa,933,1.80859375,0.03973388671875,,0.011920166015624999,,2.7962038075202145e-05,0.3,0.046650000000000004,10.663126945495605,0.09378112115812587,16
sa,934,2.138671875,0.02547454833984375,,0.0076423645019531245,,2.7992007744614966e-05,0.3,0.046700000000000005,6.558713912963867,0.15246891589880346,14
sa,935,1.826171875,0.02545166015625,,0.007635498046875,,2.8021977414027788e-05,0.3,0.04675000000000001,7.407064437866211,0.13500625090931095,16
sa,936,1.85546875,0.0217742919921875,,0.0065322875976562495,,2.8051948902430013e-05,0.3,0.04680000000000001,6.199897766113281,0.16129298219491456,14
sa,937,1.970703125,0.030364990234375,,0.0091094970703125,,2.8081918571842834e-05,0.3,0.04685,6.2145233154296875,0.16091338776011294,15
sa,938,1.865234375,0.02496337890625,,0.007489013671874999,,2.8111888241255656e-05,0.3,0.0469,9.80025577545166,0.10203815317809023,15
sa,939,1.720703125,0.0216217041015625,,0.0064865112304687495,,2.8141857910668477e-05,0.3,0.04695,5.864560127258301,0.17051577241949142,14
sa,940,1.580078125,0.0195465087890625,,0.00586395263671875,,2.8171829399070702e-05,0.3,0.047,7.562087059020996,0.1322386256856268,15
sa,941,1.634765625,0.022216796875,,0.0066650390625,,2.8201799068483524e-05,0.3,0.04705,7.362206935882568,0.1358288362048223,16
sa,942,1.587890625,0.022674560546875,,0.0068023681640625,,2.8231768737896346e-05,0.3,0.0471,6.588704586029053,0.15177490308496136,16
sa,943,1.69921875,0.05218505859375,,0.015655517578125,,2.8261738407309167e-05,0.3,0.04715,8.874479293823242,0.11268266755617015,16
sa,944,1.8203125,0.027984619140625,,0.008395385742187499,,2.829170807672199e-05,0.3,0.0472,7.462952613830566,0.1339952230363583,14
sa,945,1.658203125,0.02398681640625,,0.0071960449218749995,,2.8321679565124214e-05,0.3,0.04725,7.604426383972168,0.1315023579040357,16
sa,946,1.755859375,0.02569580078125,,0.007708740234375,,2.8351649234537035e-05,0.3,0.0473,7.547483921051025,0.13249448564055302,15
sa,947,1.732421875,0.035308837890625,,0.010592651367187499,,2.8381618903949857e-05,0.3,0.04735,8.334449768066406,0.11998392549338024,15
sa,948,1.94140625,0.02710723876953125,,0.008132171630859374,,2.8411588573362678e-05,0.3,0.0474,8.555590629577637,0.1168826377156111,16
sa,949,1.876953125,0.0499267578125,,0.014978027343749999,,2.8441560061764903e-05,0.3,0.04745,6.579392433166504,0.1519897179197022,15
sa,950,1.775390625,0.02996826171875,,0.008990478515624999,,2.8471529731177725e-05,0.3,0.0475,8.15287971496582,0.12265604730612567,16
sa,951,1.7265625,0.0204315185546875,,0.00612945556640625,,2.8501499400590546e-05,0.3,0.04755,6.2560553550720215,0.1598451329541485,15
sa,952,1.912109375,0.046875,,0.014062499999999999,,2.8531469070003368e-05,0.3,0.0476,8.174158096313477,0.12233675789204485,15
sa,953,1.935546875,0.0304412841796875,,0.00913238525390625,,2.856143873941619e-05,0.3,0.04765,8.123096466064453,0.12310576443080068,14
sa,954,1.7578125,0.02211761474609375,,0.0066352844238281245,,2.8591410227818415e-05,0.3,0.0477,7.277222156524658,0.13741507109322115,15
sa,955,1.619140625,0.02484130859375,,0.007452392578125,,2.8621379897231236e-05,0.3,0.04775,5.839968204498291,0.17123380898370996,14
sa,956,1.513671875,0.02923583984375,,0.008770751953125,,2.8651349566644058e-05,0.3,0.0478,6.520568370819092,0.15336086413497468,16
sa,957,1.841796875,0.010223388671875,,0.0030670166015625,,2.868131923605688e-05,0.3,0.047850000000000004,6.1569085121154785,0.1624191748232435,16
sa,958,1.6171875,0.0229034423828125,,0.00687103271484375,,2.87112889054697e-05,0.3,0.0479,6.474820137023926,0.15444444460809967,16
sa,959,1.68359375,0.0192718505859375,,0.00578155517578125,,2.8741260393871926e-05,0.3,0.04795,6.949881076812744,0.14388735417881507,16
sa,960,1.607421875,0.019927978515625,,0.0059783935546875,,2.8771230063284747e-05,0.3,0.048,6.024395942687988,0.1659917458137415,16
sa,961,1.712890625,0.014739990234375,,0.0044219970703125,,2.880119973269757e-05,0.3,0.04805,6.934174060821533,0.14421328210522652,13
sa,962,1.650390625,0.04833984375,,0.014501953125,,2.883116940211039e-05,0.3,0.048100000000000004,7.362957954406738,0.13581498172232517,14
sa,963,1.75390625,0.02618408203125,,0.007855224609375,,2.8861140890512615e-05,0.3,0.04815,6.573122501373291,0.15213469698626106,15
sa,964,1.97265625,0.02416229248046875,,0.007248687744140624,,2.8891110559925437e-05,0.3,0.0482,9.120023727416992,0.10964883753468302,15
sa,965,1.98046875,0.028778076171875,,0.0086334228515625,,2.892108022933826e-05,0.3,0.04825,9.34886646270752,0.10696483942614692,14
sa,966,1.443359375,0.0487060546875,,0.014611816406249999,,2.895104989875108e-05,0.3,0.0483,7.253955841064453,0.13785581576593373,14
sa,967,1.689453125,0.026123046875,,0.0078369140625,,2.89810195681639e-05,0.3,0.048350000000000004,8.198857307434082,0.12196821611876063,16
sa,968,1.630859375,0.035003662109375,,0.010501098632812499,,2.9010991056566127e-05,0.3,0.0484,6.936988830566406,0.14415476576720246,16
sa,969,1.81640625,0.033355712890625,,0.0100067138671875,,2.9040960725978948e-05,0.3,0.04845,6.758662700653076,0.1479582639777795,15
sa,970,1.595703125,0.026275634765625,,0.0078826904296875,,2.907093039539177e-05,0.3,0.0485,6.68122673034668,0.1496731124926382,15
sa,971,1.841796875,0.014739990234375,,0.0044219970703125,,2.910090006480459e-05,0.3,0.04855,9.190077781677246,0.10881300721891103,15
sa,972,1.6796875,0.0802764892578125,,0.02408294677734375,,2.9130871553206816e-05,0.3,0.048600000000000004,10.960657119750977,0.09123540578584578,15
sa,973,1.806640625,0.01837158203125,,0.005511474609375,,2.9160841222619638e-05,0.3,0.04865,9.015059471130371,0.11092550228896195,16
sa,974,1.609375,0.0294647216796875,,0.00883941650390625,,2.9190809073043056e-05,0.3,0.0487,6.258854389190674,0.15977364830967236,15
sa,975,1.744140625,0.04150390625,,0.012451171875,,2.9220778742455877e-05,0.3,0.04875,7.137497901916504,0.14010511999330857,15
sa,976,1.822265625,0.01432037353515625,,0.004296112060546875,,2.92507484118687e-05,0.3,0.0488,7.386802673339844,0.13537656875675866,14
sa,977,1.533203125,0.08819580078125,,0.026458740234375,,2.9280719900270924e-05,0.3,0.048850000000000005,7.199251651763916,0.13890332611931772,16
sa,978,1.72265625,0.0483551025390625,,0.014506530761718749,,2.9310689569683746e-05,0.3,0.0489,9.261444091796875,0.10797452212508939,16
sa,979,1.576171875,0.0296630859375,,0.008898925781249999,,2.9340659239096567e-05,0.3,0.04895,7.090791702270508,0.1410279757167024,16
sa,980,1.65625,0.0320892333984375,,0.00962677001953125,,2.937062890850939e-05,0.3,0.049,7.237530708312988,0.13816867109819728,15
sa,981,1.84375,0.061737060546875,,0.0185211181640625,,2.940059857792221e-05,0.3,0.04905,9.085247993469238,0.11006854196152173,16
sa,982,1.638671875,0.031829833984375,,0.0095489501953125,,2.9430570066324435e-05,0.3,0.049100000000000005,8.41978931427002,0.11876781742093961,16
sa,983,1.546875,0.02655029296875,,0.007965087890625,,2.9460539735737257e-05,0.3,0.04915,7.982276439666748,0.12527754551704665,16
sa,984,1.689453125,0.017974853515625,,0.0053924560546875,,2.9490509405150078e-05,0.3,0.0492,7.068495750427246,0.14147281618434251,15
sa,985,1.888671875,0.031890869140625,,0.0095672607421875,,2.95204790745629e-05,0.3,0.04925,8.141871452331543,0.12282188509788318,14
sa,986,1.685546875,0.039215087890625,,0.0117645263671875,,2.9550450562965125e-05,0.3,0.049300000000000004,7.736985206604004,0.1292493100731842,14
sa,987,1.791015625,0.022735595703125,,0.0068206787109375,,2.9580420232377946e-05,0.3,0.049350000000000005,9.021915435791016,0.1108412074040154,15
sa,988,1.634765625,0.0395355224609375,,0.01186065673828125,,2.9610389901790768e-05,0.3,0.0494,7.6805901527404785,0.13019832852859545,14
sa,989,1.81640625,0.031707763671875,,0.0095123291015625,,2.964035957120359e-05,0.3,0.04945,7.786064147949219,0.12843459557976944,14
sa,990,1.46484375,0.029876708984375,,0.0089630126953125,,2.967032924061641e-05,0.3,0.0495,7.991798400878906,0.12512828150044725,16
sa,991,1.671875,0.02459716796875,,0.0073791503906249995,,2.9700300729018636e-05,0.3,0.049550000000000004,7.7071051597595215,0.12975040294262732,14
sa,992,1.515625,0.021636962890625,,0.0064910888671875,,2.9730270398431458e-05,0.3,0.049600000000000005,6.433298110961914,0.15544126554559412,15
sa,993,1.76953125,0.0198211669921875,,0.00594635009765625,,2.976024006784428e-05,0.3,0.04965,6.737277030944824,0.14842791760037835,14
sa,994,1.8125,0.04095458984375,,0.012286376953124999,,2.97902097372571e-05,0.3,0.0497,6.768614292144775,0.14774072754604095,15
sa,995,1.890625,0.0320281982421875,,0.009608459472656249,,2.9820179406669922e-05,0.3,0.04975,8.367899894714355,0.1195042976830611,15
sa,996,1.474609375,0.0318756103515625,,0.009562683105468749,,2.9850150895072147e-05,0.3,0.049800000000000004,7.108089447021484,0.14068477998951348,16
sa,997,1.640625,0.0318603515625,,0.00955810546875,,2.988012056448497e-05,0.3,0.049850000000000005,7.666894912719727,0.13043089952112877,15
sa,998,1.94921875,0.068145751953125,,0.0204437255859375,,2.991009023389779e-05,0.3,0.0499,10.517319679260254,0.09508125934138535,14
sa,999,1.685546875,0.05562591552734375,,0.016687774658203123,,2.9940059903310612e-05,0.3,0.04995,7.525750637054443,0.13287711063349783,15
sa,1000,1.8515625,0.026214599609375,,0.0078643798828125,,2.9970031391712837e-05,0.3,0.05,7.4240546226501465,0.1346972848164515,15
sa,1001,1.533203125,0.024173736572265625,,0.007252120971679687,,2.9999999242136255e-05,0.3,0.05005,7.643452167510986,0.13083093582381114,15
sa,1002,1.765625,0.030731201171875,,0.009219360351562499,,2.9999982871231623e-05,0.3,0.050100000000000006,7.788054943084717,0.1284017649217966,14
sa,1003,1.642578125,0.03656005859375,,0.010968017578125,,2.9999931939528324e-05,0.3,0.05015,9.164690971374512,0.10911442656642256,16
sa,1004,1.560546875,0.0202178955078125,,0.00606536865234375,,2.999984826601576e-05,0.3,0.0502,8.126072883605957,0.12306067325798442,15
sa,1005,1.60546875,0.0190277099609375,,0.0057083129882812495,,2.9999733669683337e-05,0.3,0.050249999999999996,8.124496459960938,0.12308455113842316,13
sa,1006,1.548828125,0.0270233154296875,,0.00810699462890625,,2.9999584512552246e-05,0.3,0.050300000000000004,8.255380630493164,0.12113311847866444,15
sa,1007,1.552734375,0.02838134765625,,0.008514404296875,,2.999940079462249e-05,0.3,0.05035,6.444610595703125,0.1551684132268192,13
sa,1008,1.82421875,0.041046142578125,,0.0123138427734375,,2.9999184334883466e-05,0.3,0.0504,9.18344783782959,0.1088915642206489,16
sa,1009,1.529296875,0.0216827392578125,,0.00650482177734375,,2.9998933314345777e-05,0.3,0.050449999999999995,8.311687469482422,0.12031251219101374,14
sa,1010,1.50390625,0.0230712890625,,0.0069213867187499995,,2.9998651370988227e-05,0.3,0.0505,7.867400646209717,0.1271067846890155,15
sa,1011,1.60546875,0.0288238525390625,,0.008647155761718749,,2.999833486683201e-05,0.3,0.05055,8.552142143249512,0.11692976838432614,15
sa,1012,1.689453125,0.0227203369140625,,0.00681610107421875,,2.9997983801877126e-05,0.3,0.050600000000000006,8.191314697265625,0.12208052516085287,16
sa,1013,1.5390625,0.029571533203125,,0.0088714599609375,,2.999760181410238e-05,0.3,0.05065,8.164462089538574,0.1224820434014063,16
sa,1014,1.921875,0.011566162109375,,0.0034698486328125,,2.999718526552897e-05,0.3,0.0507,8.684334754943848,0.11514986791944157,15
sa,1015,1.478515625,0.028106689453125,,0.0084320068359375,,2.9996735975146294e-05,0.3,0.050749999999999997,8.711935997009277,0.11478504896538384,16
sa,1016,1.51171875,0.018524169921875,,0.0055572509765625,,2.9996253942954354e-05,0.3,0.050800000000000005,7.38131046295166,0.13547729837665126,15
sa,1017,1.55078125,0.008876800537109375,,0.0026630401611328126,,2.9995735530974343e-05,0.3,0.05085,7.277132987976074,0.13741675487479602,14
sa,1018,1.755859375,0.0297698974609375,,0.00893096923828125,,2.9995188015163876e-05,0.3,0.0509,9.237411499023438,0.10825543498908956,16
sa,1019,1.376953125,0.0359344482421875,,0.01078033447265625,,2.9994602300575934e-05,0.3,0.050949999999999995,6.687442779541016,0.14953398974258345,15
sa,1020,1.408203125,0.027252197265625,,0.0081756591796875,,2.9993987482157536e-05,0.3,0.051000000000000004,7.543636322021484,0.13256206387903227,16
sa,1021,1.58984375,0.04022216796875,,0.012066650390625,,2.9993336283951066e-05,0.3,0.05105,7.7023234367370605,0.12983095402491052,15
sa,1022,1.37109375,0.0344696044921875,,0.010340881347656249,,2.9992654162924737e-05,0.3,0.051100000000000007,7.084005832672119,0.1411630684136232,15
sa,1023,1.638671875,0.044158935546875,,0.013247680664062499,,2.9991939300089143e-05,0.3,0.05115,8.850236892700195,0.11299132578302108,15
sa,1024,1.623046875,0.01778411865234375,,0.005335235595703125,,2.9991189876454882e-05,0.3,0.0512,7.285781383514404,0.1372536379231345,13
sa,1025,1.615234375,0.0186614990234375,,0.00559844970703125,,2.9990407711011358e-05,0.3,0.05125,7.263174533843994,0.13768084400840574,16
sa,1026,1.416015625,0.0463104248046875,,0.01389312744140625,,2.9989590984769166e-05,0.3,0.051300000000000005,9.478381156921387,0.10550324822818201,15
sa,1027,1.310546875,0.0317535400390625,,0.00952606201171875,,2.9988743335707113e-05,0.3,0.05135,8.242945671081543,0.12131585478092709,16
sa,1028,1.685546875,0.0142669677734375,,0.00428009033203125,,2.9987857487867586e-05,0.3,0.0514,7.895768642425537,0.12665011416707436,13
sa,1029,1.587890625,0.0345001220703125,,0.01035003662109375,,2.9986944355187006e-05,0.3,0.051449999999999996,7.887937545776367,0.12677585163379682,15
sa,1030,1.712890625,0.01541900634765625,,0.004625701904296875,,2.9985994842718355e-05,0.3,0.051500000000000004,7.524355411529541,0.1329017497588835,14
sa,1031,1.431640625,0.0183563232421875,,0.00550689697265625,,2.998501258844044e-05,0.3,0.05155,6.6652092933654785,0.15003279806913128,15
sa,1032,1.64453125,0.01601409912109375,,0.0048042297363281245,,2.998399577336386e-05,0.3,0.05160000000000001,8.373489379882812,0.11942452598106658,16
sa,1033,1.59765625,0.0561370849609375,,0.01684112548828125,,2.998294985445682e-05,0.3,0.05165,8.13798999786377,0.12288046560176419,16
sa,1034,1.314453125,0.0186767578125,,0.00560302734375,,2.9981865736772306e-05,0.3,0.0517,10.957457542419434,0.09126204652208011,16
sa,1035,1.341796875,0.0352783203125,,0.01058349609375,,2.9980752515257336e-05,0.3,0.05175,8.016489028930664,0.12474288886208232,14
sa,1036,1.3359375,0.019500732421875,,0.0058502197265625,,2.997960109496489e-05,0.3,0.051800000000000006,7.525884628295898,0.1328747448825072,16
sa,1037,1.4609375,0.0316619873046875,,0.00949859619140625,,2.997842057084199e-05,0.3,0.05185,8.799969673156738,0.11363675525500742,15
sa,1038,1.314453125,0.028411865234375,,0.0085235595703125,,2.9977203666931018e-05,0.3,0.0519,7.044783592224121,0.1419490019684605,16
sa,1039,1.66796875,0.0338134765625,,0.01014404296875,,2.9975955840200186e-05,0.3,0.051949999999999996,7.460400581359863,0.13404105973860755,16
sa,1040,1.53125,0.0232696533203125,,0.00698089599609375,,2.997467527166009e-05,0.3,0.052000000000000005,8.429181098937988,0.11863548644434657,15
sa,1041,1.3671875,0.0274658203125,,0.00823974609375,,2.9973360142321326e-05,0.3,0.05205,10.805611610412598,0.09254450706301263,16
sa,1042,1.357421875,0.107757568359375,,0.0323272705078125,,2.99720122711733e-05,0.3,0.05210000000000001,11.470563888549805,0.08717967222153954,16
sa,1043,1.634765625,0.01300811767578125,,0.003902435302734375,,2.9970631658216007e-05,0.3,0.05215,8.479729652404785,0.1179282879279539,14
sa,1044,1.337890625,0.015411376953125,,0.0046234130859375,,2.996921648446005e-05,0.3,0.0522,7.047739505767822,0.14188946671221414,16
sa,1045,1.4140625,0.012821197509765625,,0.0038463592529296873,,2.9967768568894826e-05,0.3,0.05225,17.98607635498047,0.05559856303640639,16
sa,1046,1.5078125,0.0274658203125,,0.00823974609375,,2.996628791152034e-05,0.3,0.052300000000000006,9.997695922851562,0.10002304608147934,16
sa,1047,1.59375,0.0728302001953125,,0.021849060058593748,,2.9964772693347186e-05,0.3,0.05235,9.78477954864502,0.10219954318117247,16
sa,1048,1.39453125,0.0169677734375,,0.0050903320312499995,,2.9963226552354172e-05,0.3,0.0524,7.211307525634766,0.1386711073470655,16
sa,1049,1.470703125,0.0177459716796875,,0.00532379150390625,,2.9961644031573087e-05,0.3,0.05245,8.068204879760742,0.12394330770014536,14
sa,1050,1.83203125,0.067962646484375,,0.0203887939453125,,2.9960030587972142e-05,0.3,0.052500000000000005,17.95736312866211,0.055687463289299965,16
sa,1051,1.681640625,0.0265655517578125,,0.00796966552734375,,2.995838258357253e-05,0.3,0.05255,8.680320739746094,0.11520311633429928,16
sa,1052,1.3203125,0.0147247314453125,,0.00441741943359375,,2.9956701837363653e-05,0.3,0.05260000000000001,7.387394905090332,0.13536571590493202,15
sa,1053,1.5625,0.022552490234375,,0.0067657470703125,,2.9954990168334916e-05,0.3,0.05265,9.116279602050781,0.10969387114619014,15
sa,1054,1.259765625,0.03277587890625,,0.009832763671875,,2.9953240300528705e-05,0.3,0.052700000000000004,8.681415557861328,0.11518858800561214,16
sa,1055,1.208984375,0.020416259765625,,0.0061248779296875,,2.9951461328892037e-05,0.3,0.05275,7.907726764678955,0.12645859293806783,16
sa,1056,1.744140625,0.05572509765625,,0.016717529296875,,2.994965143443551e-05,0.3,0.05280000000000001,10.25994873046875,0.0974663739819987,15
sa,1057,1.66015625,0.0688629150390625,,0.020658874511718748,,2.9947801522212103e-05,0.3,0.05285,10.03376579284668,0.09966347836351978,15
sa,1058,1.259765625,0.0210113525390625,,0.0063034057617187495,,2.994592250615824e-05,0.3,0.0529,8.627948760986328,0.11590240365378365,16
sa,1059,1.412109375,0.039825439453125,,0.0119476318359375,,2.9944010748295113e-05,0.3,0.05295,8.9431734085083,0.1118171318302546,16
sa,1060,1.388671875,0.03289794921875,,0.009869384765625,,2.994206442963332e-05,0.3,0.053000000000000005,8.263967514038086,0.12100725206159024,16
sa,1061,1.595703125,0.0243377685546875,,0.00730133056640625,,2.994008536916226e-05,0.3,0.05305,8.513526916503906,0.11746013254053957,15
sa,1062,1.1708984375,0.0286102294921875,,0.00858306884765625,,2.9938071747892536e-05,0.3,0.05310000000000001,7.355260372161865,0.1359571176820324,16
sa,1063,1.595703125,0.01934814453125,,0.005804443359375,,2.9936029022792354e-05,0.3,0.05315,9.418551445007324,0.10617343928509193,16
sa,1064,1.1787109375,0.02862548828125,,0.008587646484375,,2.9933948098914698e-05,0.3,0.053200000000000004,8.488531112670898,0.11780601222127725,16
sa,1065,1.314453125,0.016876220703125,,0.0050628662109375,,2.993183625221718e-05,0.3,0.05325,7.855548858642578,0.12729855265298393,16
sa,1066,1.501953125,0.037872314453125,,0.0113616943359375,,2.9929695301689208e-05,0.3,0.05330000000000001,8.359432220458984,0.11962534938109634,16
sa,1067,1.330078125,0.0374298095703125,,0.01122894287109375,,2.9927514333394356e-05,0.3,0.05335,11.35230827331543,0.08808781226903302,16
sa,1068,1.19140625,0.031005859375,,0.0093017578125,,2.9925302442279644e-05,0.3,0.0534,7.60450553894043,0.13150098910169702,16
sa,1069,1.73046875,0.02603912353515625,,0.007811737060546875,,2.9923061447334476e-05,0.3,0.05345,8.719045639038086,0.11469145149586846,16
sa,1070,1.3271484375,0.0183563232421875,,0.00550689697265625,,2.992078043462243e-05,0.3,0.053500000000000006,7.152040481567383,0.1398202376758427,16
sa,1071,1.2890625,0.03125,,0.009375,,2.991847213706933e-05,0.3,0.05355,11.156855583190918,0.0896309889953774,15
sa,1072,1.4208984375,0.0222930908203125,,0.00668792724609375,,2.991612745972816e-05,0.3,0.05360000000000001,7.822153091430664,0.12784203892602428,15
sa,1073,1.544921875,0.024993896484375,,0.0074981689453125,,2.9913751859567128e-05,0.3,0.05365,14.413111686706543,0.06938127045267518,16
sa,1074,1.642578125,0.01856231689453125,,0.005568695068359375,,2.991134169860743e-05,0.3,0.053700000000000005,8.867321968078613,0.11277362022038788,13
sa,1075,1.1572265625,0.040740966796875,,0.0122222900390625,,2.9908898795838468e-05,0.3,0.05375,7.089717864990234,0.14104933638306036,15
sa,1076,1.2548828125,0.017913818359375,,0.0053741455078125,,2.9906424970249645e-05,0.3,0.05380000000000001,8.288408279418945,0.12065042723379266,14
sa,1077,1.3173828125,0.016357421875,,0.0049072265624999995,,2.9903914764872752e-05,0.3,0.05385,8.304289817810059,0.12041968933397752,16
sa,1078,1.408203125,0.0204315185546875,,0.00612945556640625,,2.9901371817686595e-05,0.3,0.0539,7.918793678283691,0.1262818606756198,15
sa,1079,1.4609375,0.0140228271484375,,0.00420684814453125,,2.9898797947680578e-05,0.3,0.05395,9.18928337097168,0.10882241406973386,15
sa,1080,1.306640625,0.02730560302734375,,0.008191680908203125,,2.9896189516875893e-05,0.3,0.054000000000000006,10.627145767211914,0.09409864340859184,15
sa,1081,1.130859375,0.018707275390625,,0.0056121826171875,,2.9893550163251348e-05,0.3,0.05405,9.059052467346191,0.11038682065310364,14
sa,1082,1.380859375,0.0169525146484375,,0.00508575439453125,,2.9890874429838732e-05,0.3,0.05410000000000001,7.873812675476074,0.12700327544172074,15
sa,1083,1.263671875,0.0167694091796875,,0.00503082275390625,,2.9888167773606256e-05,0.3,0.054150000000000004,10.747299194335938,0.09304663263929806,15
sa,1084,1.34765625,0.0250244140625,,0.00750732421875,,2.988542473758571e-05,0.3,0.054200000000000005,9.025679588317871,0.11079498116621836,16
sa,1085,1.505859375,0.02569580078125,,0.007708740234375,,2.9882652597734705e-05,0.3,0.05425,9.696995735168457,0.10312472309060244,16
sa,1086,1.5263671875,0.00960540771484375,,0.002881622314453125,,2.9879847716074437e-05,0.3,0.05430000000000001,12.39550495147705,0.08067440607821627,16
sa,1087,1.224609375,0.013458251953125,,0.0040374755859374995,,2.9877008273615502e-05,0.3,0.05435,9.32140827178955,0.10727992711427681,14
sa,1088,1.400390625,0.04116058349609375,,0.012348175048828125,,2.98741342703579e-05,0.3,0.054400000000000004,9.174992561340332,0.10899191397861085,16
sa,1089,1.4921875,0.025665283203125,,0.0076995849609374995,,2.9871227525291033e-05,0.3,0.05445,10.584423065185547,0.09447846083261882,14
sa,1090,1.408203125,0.0257720947265625,,0.00773162841796875,,2.9868289857404307e-05,0.3,0.05450000000000001,9.206430435180664,0.10861973128897881,15
sa,1091,1.318359375,0.022701263427734375,,0.006810379028320312,,2.9865317628718913e-05,0.3,0.05455,9.086345672607422,0.11005524509316181,14
sa,1092,1.37890625,0.02124786376953125,,0.006374359130859375,,2.986231447721366e-05,0.3,0.05460000000000001,9.596303939819336,0.10420678693288933,14
sa,1093,1.455078125,0.056182861328125,,0.0168548583984375,,2.9859276764909737e-05,0.3,0.054650000000000004,8.712267875671387,0.11478067642897605,16
sa,1094,1.375,0.00708770751953125,,0.002126312255859375,,2.985620631079655e-05,0.3,0.054700000000000006,10.899114608764648,0.09175057203232256,16
sa,1095,1.185546875,0.025604248046875,,0.0076812744140625,,2.9853103114874102e-05,0.3,0.05475,9.94176959991455,0.10058571464064053,16
sa,1096,1.14453125,0.0234527587890625,,0.0070358276367187495,,2.984996717714239e-05,0.3,0.05480000000000001,11.279662132263184,0.08865513774031432,16
sa,1097,1.400390625,0.01699066162109375,,0.005097198486328125,,2.9846798497601412e-05,0.3,0.05485,10.59506893157959,0.0943835294001162,14
sa,1098,1.244140625,0.0182952880859375,,0.00548858642578125,,2.9843595257261768e-05,0.3,0.054900000000000004,8.287944793701172,0.12065717435280202,14
sa,1099,1.392578125,0.015655517578125,,0.0046966552734375,,2.9840361094102263e-05,0.3,0.05495,8.65818977355957,0.11549758392381347,14
sa,1100,1.3125,0.0140838623046875,,0.00422515869140625,,2.9837094189133495e-05,0.3,0.05500000000000001,9.805564880371094,0.10198290584990294,15
sa,1101,1.130859375,0.024169921875,,0.0072509765625,,2.9833790904376656e-05,0.3,0.05505,8.74233341217041,0.11438593712382054,15
sa,1102,1.224609375,0.0392608642578125,,0.01177825927734375,,2.983045851578936e-05,0.3,0.05510000000000001,8.963576316833496,0.11156261347627634,16
sa,1103,1.197265625,0.0247955322265625,,0.00743865966796875,,2.9827091566403396e-05,0.3,0.055150000000000005,13.836593627929688,0.07227212324726096,15
sa,1104,1.484375,0.046142578125,,0.013842773437499999,,2.9823690056218766e-05,0.3,0.055200000000000006,8.0761079788208,0.12382201954486631,15
sa,1105,1.427734375,0.0479736328125,,0.014392089843749999,,2.9820261261193082e-05,0.3,0.05525,12.286070823669434,0.08139298676949461,16
sa,1106,1.193359375,0.01898193359375,,0.005694580078125,,2.9816794267389923e-05,0.3,0.05530000000000001,8.800589561462402,0.11362875100765739,15
sa,1107,1.515625,0.012119293212890625,,0.003635787963867187,,2.98132945317775e-05,0.3,0.05535,9.07609748840332,0.11017951286637417,13
sa,1108,1.373046875,0.020111083984375,,0.0060333251953125,,2.980976387334522e-05,0.3,0.055400000000000005,9.47126293182373,0.10558254027981524,14
sa,1109,1.2685546875,0.01996612548828125,,0.005989837646484375,,2.9806200473103672e-05,0.3,0.05545,9.951461791992188,0.100487749528887,12
sa,1110,1.52734375,0.020904541015625,,0.0062713623046875,,2.9802606150042266e-05,0.3,0.05550000000000001,8.467975616455078,0.11809197915695308,15
sa,1111,1.1123046875,0.01782989501953125,,0.005348968505859375,,2.9798975447192788e-05,0.3,0.05555,10.42773151397705,0.0958981345712274,16
sa,1112,1.07421875,0.0200347900390625,,0.00601043701171875,,2.9795312002534047e-05,0.3,0.05560000000000001,8.574947357177734,0.11661879173671443,16
sa,1113,1.43359375,0.0215911865234375,,0.00647735595703125,,2.979161581606604e-05,0.3,0.055650000000000005,10.762526512145996,0.09291498598135438,15
sa,1114,1.31640625,0.01427459716796875,,0.004282379150390625,,2.978789052576758e-05,0.3,0.055700000000000006,8.711243629455566,0.11479417205353695,15
sa,1115,1.015625,0.02166748046875,,0.006500244140625,,2.9784128855681047e-05,0.3,0.05575,9.116347312927246,0.10969305640450654,16
sa,1116,1.181640625,0.013641357421875,,0.0040924072265625,,2.978033444378525e-05,0.3,0.05580000000000001,9.691651344299316,0.10318159047149437,14
sa,1117,1.294921875,0.0278472900390625,,0.00835418701171875,,2.9776509109069593e-05,0.3,0.055850000000000004,11.495274543762207,0.08699226766555478,14
sa,1118,1.41796875,0.0162811279296875,,0.0048843383789062495,,2.977264921355527e-05,0.3,0.055900000000000005,10.794116973876953,0.09264305754885915,15
sa,1119,1.537109375,0.02191162109375,,0.006573486328125,,2.9768758395221084e-05,0.3,0.05595,9.997529983520508,0.10002470626728366,16
sa,1120,1.16015625,0.033355712890625,,0.0100067138671875,,2.9764834835077636e-05,0.3,0.05600000000000001,10.13352108001709,0.09868238217532908,16
sa,1121,1.455078125,0.0271759033203125,,0.00815277099609375,,2.976087671413552e-05,0.3,0.05605,9.281826972961426,0.10773741020092983,15
sa,1122,1.20703125,0.01221466064453125,,0.0036643981933593747,,2.9756887670373544e-05,0.3,0.05610000000000001,10.822897911071777,0.09239669524896879,16
sa,1123,1.228515625,0.0166168212890625,,0.00498504638671875,,2.97528640658129e-05,0.3,0.056150000000000005,8.434510231018066,0.11856052961113042,13
sa,1124,1.3125,0.0294647216796875,,0.00883941650390625,,2.9748807719442993e-05,0.3,0.05620000000000001,10.27950668334961,0.09728093290894645,15
sa,1125,1.36328125,0.023712158203125,,0.0071136474609375,,2.9744720450253226e-05,0.3,0.05625,9.8395357131958,0.10163081156958453,15
sa,1126,1.119140625,0.022369384765625,,0.0067108154296875,,2.9740600439254194e-05,0.3,0.056299999999999996,8.736665725708008,0.1144601420490952,16
sa,1127,1.0947265625,0.04083251953125,,0.012249755859375,,2.97364476864459e-05,0.3,0.056350000000000004,8.549421310424805,0.11696698100263722,16
sa,1128,1.2890625,0.0252685546875,,0.007580566406249999,,2.973226219182834e-05,0.3,0.0564,9.577984809875488,0.10440609583854621,15
sa,1129,1.337890625,0.0234375,,0.007031249999999999,,2.9728042136412114e-05,0.3,0.05645,10.214960098266602,0.09789563447924697,16
sa,1130,1.0927734375,0.020050048828125,,0.0060150146484375,,2.9723791158176027e-05,0.3,0.056499999999999995,8.273286819458008,0.12087094546850378,15
sa,1131,1.220703125,0.0335235595703125,,0.01005706787109375,,2.9719505619141273e-05,0.3,0.05655,10.416685104370117,0.09599983007842576,15
sa,1132,1.1279296875,0.014617919921875,,0.0043853759765625,,2.971518915728666e-05,0.3,0.0566,8.574410438537598,0.11662609425663956,15
sa,1133,1.23046875,0.032867431640625,,0.009860229492187499,,2.9710843591601588e-05,0.3,0.056650000000000006,14.208489418029785,0.07038045851173,16
sa,1134,1.072265625,0.0196075439453125,,0.00588226318359375,,2.9706459827139042e-05,0.3,0.0567,9.305872917175293,0.10745902172748995,16
sa,1135,1.396484375,0.037689208984375,,0.0113067626953125,,2.9702045139856637e-05,0.3,0.05675,10.649081230163574,0.09390481473345279,15
sa,1136,1.181640625,0.024169921875,,0.0072509765625,,2.9697597710764967e-05,0.3,0.056799999999999996,11.412348747253418,0.08762438146141192,14
sa,1137,1.18359375,0.0223541259765625,,0.00670623779296875,,2.9693119358853437e-05,0.3,0.056850000000000005,11.744230270385742,0.08514819421768326,16
sa,1138,1.0576171875,0.02850341796875,,0.008551025390625,,2.968860644614324e-05,0.3,0.0569,10.45817756652832,0.09561895403273005,16
sa,1139,1.009765625,0.023040771484375,,0.0069122314453125,,2.9684064429602586e-05,0.3,0.05695,9.097734451293945,0.10991747509818478,16
sa,1140,1.3984375,0.028900146484375,,0.008670043945312499,,2.967948603327386e-05,0.3,0.056999999999999995,9.23071575164795,0.1083339609738791,16
sa,1141,1.3544921875,0.02750396728515625,,0.008251190185546875,,2.9674876714125276e-05,0.3,0.057050000000000003,9.658172607421875,0.10353925536923461,14
sa,1142,1.28125,0.043548583984375,,0.013064575195312499,,2.9670232834178023e-05,0.3,0.0571,8.249513626098633,0.12121926762280176,16
sa,1143,1.39453125,0.047607421875,,0.0142822265625,,2.966555803141091e-05,0.3,0.057150000000000006,10.055891990661621,0.09944418664486925,15
sa,1144,1.20703125,0.04775238037109375,,0.014325714111328124,,2.9660852305823937e-05,0.3,0.0572,12.160133361816406,0.0822359402027665,16
sa,1145,1.3349609375,0.025115966796875,,0.007534790039062499,,2.9656112019438297e-05,0.3,0.05725,9.754891395568848,0.10251267384219667,15
sa,1146,1.0673828125,0.0225982666015625,,0.00677947998046875,,2.9651338991243392e-05,0.3,0.0573,9.143973350524902,0.10936164855976924,15
sa,1147,1.3359375,0.0157928466796875,,0.00473785400390625,,2.964653685921803e-05,0.3,0.057350000000000005,8.296295166015625,0.12053573070740436,15
sa,1148,1.1044921875,0.01634979248046875,,0.004904937744140625,,2.96416983474046e-05,0.3,0.0574,9.332131385803223,0.10715665678703144,15
sa,1149,1.03515625,0.013671875,,0.0041015625,,2.963683073176071e-05,0.3,0.05745,9.568856239318848,0.10450569796324835,16
sa,1150,1.16796875,0.024993896484375,,0.0074981689453125,,2.963192673632875e-05,0.3,0.057499999999999996,8.554253578186035,0.11690090676643866,15
sa,1151,1.482421875,0.01381683349609375,,0.004145050048828125,,2.9626993637066334e-05,0.3,0.057550000000000004,12.308553695678711,0.08124431389132909,14
sa,1152,0.916015625,0.01488494873046875,,0.004465484619140625,,2.962202597700525e-05,0.3,0.0576,6.595874309539795,0.15160992357808767,14
sa,1153,1.15625,0.025634765625,,0.0076904296875,,2.9617027394124307e-05,0.3,0.05765000000000001,14.963616371154785,0.06682876486513581,15
sa,1154,1.044921875,0.01146697998046875,,0.003440093994140625,,2.9611997888423502e-05,0.3,0.0577,8.651876449584961,0.11558186317466092,15
sa,1155,1.12109375,0.0190887451171875,,0.00572662353515625,,2.9606932002934627e-05,0.3,0.05775,8.86108684539795,0.11285297361907193,16
sa,1156,1.14453125,0.01824951171875,,0.005474853515625,,2.9601835194625892e-05,0.3,0.0578,8.541110038757324,0.11708080044189355,14
sa,1157,1.146484375,0.02050018310546875,,0.006150054931640625,,2.95967092824867e-05,0.3,0.057850000000000006,9.207698822021484,0.1086047686104113,15
sa,1158,1.03125,0.016845703125,,0.0050537109375,,2.9591546990559436e-05,0.3,0.0579,7.093357086181641,0.14097697153130362,13
sa,1159,1.091796875,0.0308837890625,,0.009265136718749999,,2.9586353775812313e-05,0.3,0.05795,8.372979164123535,0.11943180323256875,13
sa,1160,1.0927734375,0.12933349609375,,0.038800048828124996,,2.9581131457234733e-05,0.3,0.057999999999999996,22.884559631347656,0.043697585451029745,14
sa,1161,1.1787109375,0.016143798828125,,0.0048431396484375,,2.9575870939879678e-05,0.3,0.058050000000000004,10.868075370788574,0.09201261179029174,15
sa,1162,1.13671875,0.0231170654296875,,0.00693511962890625,,2.957058313768357e-05,0.3,0.0581,10.863551139831543,0.09205093133252434,16
sa,1163,1.064453125,0.0134124755859375,,0.00402374267578125,,2.956525895569939e-05,0.3,0.05815000000000001,13.236534118652344,0.07554847749690335,15
sa,1164,1.35546875,0.0364837646484375,,0.01094512939453125,,2.9559905669884756e-05,0.3,0.0582,13.540205001831055,0.07385412553685627,13
sa,1165,1.2275390625,0.024871826171875,,0.0074615478515625,,2.9554517823271453e-05,0.3,0.05825,8.446643829345703,0.11839021748801054,15
sa,1166,1.208984375,0.009975433349609375,,0.0029926300048828125,,2.9549102691817097e-05,0.3,0.0583,10.596636772155762,0.09436956474979388,16
sa,1167,0.8115234375,0.0179290771484375,,0.00537872314453125,,2.9543649361585267e-05,0.3,0.058350000000000006,7.599112033843994,0.13159432254009712,16
sa,1168,1.4140625,0.02740478515625,,0.008221435546875,,2.9538165108533576e-05,0.3,0.0584,10.520888328552246,0.09504900810382497,15
sa,1169,1.169921875,0.01038360595703125,,0.003115081787109375,,2.953265175165143e-05,0.3,0.05845,8.570048332214355,0.11668545628162366,14
sa,1170,1.083984375,0.0209808349609375,,0.00629425048828125,,2.9527103833970614e-05,0.3,0.058499999999999996,10.491250038146973,0.09531752616360538,16
sa,1171,1.4970703125,0.02886962890625,,0.008660888671875,,2.9521523174480535e-05,0.3,0.058550000000000005,10.231550216674805,0.09773689996362978,14
sa,1172,1.287109375,0.0298614501953125,,0.00895843505859375,,2.9515911592170596e-05,0.3,0.0586,9.889691352844238,0.1011153901898469,15
sa,1173,1.15625,0.023345947265625,,0.0070037841796875,,2.9510269087040797e-05,0.3,0.05865000000000001,11.108715057373047,0.09001941222142364,16
sa,1174,0.982421875,0.00958251953125,,0.002874755859375,,2.9504593840101734e-05,0.3,0.0587,12.675691604614258,0.078891158856845,16
sa,1175,1.142578125,0.024566650390625,,0.0073699951171875,,2.9498884032364003e-05,0.3,0.058750000000000004,11.615939140319824,0.08608860531379013,16
sa,1176,0.8740234375,0.0152130126953125,,0.0045639038085937495,,2.9493145120795816e-05,0.3,0.0588,8.676721572875977,0.1152509034202582,16
sa,1177,0.9921875,0.02014923095703125,,0.006044769287109375,,2.9487373467418365e-05,0.3,0.058850000000000006,9.526148796081543,0.10497421585639487,16
sa,1178,1.1435546875,0.010833740234375,,0.0032501220703125,,2.9481567253242247e-05,0.3,0.0589,9.427964210510254,0.10606743700672987,16
sa,1179,1.3369140625,0.0177001953125,,0.00531005859375,,2.9475733754225075e-05,0.3,0.05895,14.40497875213623,0.06942044255717503,16
sa,1180,1.091796875,0.02315521240234375,,0.006946563720703125,,2.9469863875419833e-05,0.3,0.059,10.643585205078125,0.09395330433610785,15
sa,1181,1.25,0.018798828125,,0.0056396484374999995,,2.946396307379473e-05,0.3,0.059050000000000005,9.792634963989258,0.10211756117503912,15
sa,1182,1.23046875,0.01763916015625,,0.005291748046875,,2.9458031349349767e-05,0.3,0.0591,10.151861190795898,0.09850410493266415,15
sa,1183,0.9326171875,0.01488494873046875,,0.004465484619140625,,2.945206688309554e-05,0.3,0.05915000000000001,8.035821914672852,0.12444277767953886,15
sa,1184,1.1572265625,0.01934814453125,,0.005804443359375,,2.9446071494021453e-05,0.3,0.0592,9.344442367553711,0.10701548157354528,14
sa,1185,1.2060546875,0.02556610107421875,,0.007669830322265625,,2.9440043363138102e-05,0.3,0.059250000000000004,8.601577758789062,0.11625774108455898,14
sa,1186,0.8349609375,0.02569580078125,,0.007708740234375,,2.943398430943489e-05,0.3,0.0593,10.113807678222656,0.09887472965826995,16
sa,1187,1.041015625,0.01345062255859375,,0.004035186767578125,,2.9427890694933012e-05,0.3,0.05935000000000001,8.430323600769043,0.11861940862018353,15
sa,1188,1.0048828125,0.009307861328125,,0.0027923583984375,,2.9421767976600677e-05,0.3,0.0594,12.682820320129395,0.07884681598877982,16
sa,1189,0.8818359375,0.0092010498046875,,0.00276031494140625,,2.9415612516459078e-05,0.3,0.05945,9.367759704589844,0.10674910880880498,16
sa,1190,1.021484375,0.0142364501953125,,0.00427093505859375,,2.9409424314508215e-05,0.3,0.0595,9.057662963867188,0.11040375469800523,16
sa,1191,1.013671875,0.01727294921875,,0.0051818847656249995,,2.940320518973749e-05,0.3,0.059550000000000006,10.324226379394531,0.09685955763192451,13
sa,1192,0.9462890625,0.05181121826171875,,0.015543365478515625,,2.9396953323157504e-05,0.3,0.0596,12.012250900268555,0.08324834440293312,15
sa,1193,0.9423828125,0.0408935546875,,0.01226806640625,,2.9390668714768253e-05,0.3,0.05965000000000001,12.005463600158691,0.08329540893254482,16
sa,1194,1.171875,0.019195556640625,,0.0057586669921875,,2.9384355002548546e-05,0.3,0.0597,9.465271949768066,0.1056493680590449,15
sa,1195,1.1669921875,0.0223388671875,,0.00670166015625,,2.937800672953017e-05,0.3,0.059750000000000004,10.948355674743652,0.09133791682589032,16
sa,1196,1.2490234375,0.0269012451171875,,0.00807037353515625,,2.9371631171670742e-05,0.3,0.0598,9.7293062210083,0.10278225161016306,13
sa,1197,0.966796875,0.0161895751953125,,0.00485687255859375,,2.9365221053012647e-05,0.3,0.05985000000000001,9.406558990478516,0.10630880016935179,16
sa,1198,1.0615234375,0.022003173828125,,0.0066009521484374995,,2.9358778192545287e-05,0.3,0.0599,10.067853927612305,0.0993260338489198,16
sa,1199,1.021484375,0.0229644775390625,,0.00688934326171875,,2.9352302590268664e-05,0.3,0.05995,8.200051307678223,0.1219504564640513,14
sa,1200,0.908203125,0.02508544921875,,0.007525634765625,,2.9345799703150988e-05,0.3,0.06,8.254058837890625,0.12115251655457741,16
sa,1201,1.009765625,0.0130767822265625,,0.0039230346679687495,,2.9339262255234644e-05,0.3,0.060050000000000006,8.301155090332031,0.1204651628740985,16
sa,1202,0.9267578125,0.0124053955078125,,0.0037216186523437497,,2.9332692065509036e-05,0.3,0.0601,9.338043212890625,0.10708881691825523,15
sa,1203,1.1123046875,0.0114288330078125,,0.00342864990234375,,2.9326092771952972e-05,0.3,0.06015000000000001,10.584136962890625,0.09448101470210858,16
sa,1204,0.896484375,0.019256591796875,,0.0057769775390624995,,2.9319460736587644e-05,0.3,0.060200000000000004,12.101849555969238,0.08263199731372879,15
sa,1205,1.2197265625,0.0174102783203125,,0.00522308349609375,,2.9312797778402455e-05,0.3,0.060250000000000005,12.148883819580078,0.08231208848901188,16
sa,1206,1.013671875,0.016204833984375,,0.0048614501953124995,,2.93061002594186e-05,0.3,0.0603,11.893688201904297,0.08407820879648502,16
sa,1207,0.84375,0.071502685546875,,0.0214508056640625,,2.9299373636604287e-05,0.3,0.06035000000000001,8.596230506896973,0.11633005876211379,15
sa,1208,1.14453125,0.01322174072265625,,0.003966522216796875,,2.9292616090970114e-05,0.3,0.0604,9.405668258666992,0.10631886778257729,15
sa,1209,1.06640625,0.022979736328125,,0.0068939208984375,,2.9285825803526677e-05,0.3,0.060450000000000004,8.40745735168457,0.11894202470139605,15
sa,1210,0.9541015625,0.02215576171875,,0.0066467285156249995,,2.927900459326338e-05,0.3,0.0605,9.309930801391602,0.1074121839713916,16
sa,1211,0.857421875,0.02059173583984375,,0.0061775207519531245,,2.927215064119082e-05,0.3,0.06055000000000001,9.134892463684082,0.1094703636606032,14
sa,1212,1.04296875,0.01729583740234375,,0.005188751220703125,,2.9265267585287802e-05,0.3,0.0606,9.638653755187988,0.10374892857436152,16
sa,1213,0.8740234375,0.01678466796875,,0.005035400390625,,2.9258349968586117e-05,0.3,0.06065000000000001,10.42513656616211,0.09592200482493422,15
sa,1214,0.86328125,0.0172271728515625,,0.00516815185546875,,2.9251401429064572e-05,0.3,0.060700000000000004,8.166644096374512,0.12244931800614876,16
sa,1215,0.9130859375,0.023345947265625,,0.0070037841796875,,2.924442378571257e-05,0.3,0.060750000000000005,9.17762279510498,0.10896067776215042,15
sa,1216,0.9716796875,0.013031005859375,,0.0039093017578125,,2.9237413400551304e-05,0.3,0.0608,11.665034294128418,0.08572628033364196,16
sa,1217,0.876953125,0.05712890625,,0.017138671875,,2.9230372092570178e-05,0.3,0.06085000000000001,13.263117790222168,0.07539705337889857,15
sa,1218,1.12890625,0.0161285400390625,,0.0048385620117187495,,2.922329804277979e-05,0.3,0.0609,10.734081268310547,0.09316121007507441,15
sa,1219,1.0634765625,0.017913818359375,,0.0053741455078125,,2.9216193070169538e-05,0.3,0.060950000000000004,8.131006240844727,0.12298600817407693,15
sa,1220,1.0107421875,0.01160430908203125,,0.003481292724609375,,2.9209057174739428e-05,0.3,0.061,13.093623161315918,0.07637305485882788,14
sa,1221,0.978515625,0.0138397216796875,,0.0041519165039062495,,2.9201890356489457e-05,0.3,0.06105000000000001,8.75611400604248,0.11420591364044747,15
sa,1222,1.0517578125,0.0202789306640625,,0.00608367919921875,,2.919468897744082e-05,0.3,0.0611,8.674071311950684,0.11528611698433378,14
sa,1223,1.078125,0.038177490234375,,0.0114532470703125,,2.9187460313551128e-05,0.3,0.06115000000000001,14.35494613647461,0.06966240001828297,16
sa,1224,1.0078125,0.018840789794921875,,0.005652236938476563,,2.9180200726841576e-05,0.3,0.061200000000000004,11.522820472717285,0.08678430791903002,15
sa,1225,1.05078125,0.014862060546875,,0.0044586181640625,,2.9172906579333358e-05,0.3,0.061250000000000006,7.7030134201049805,0.1298193246541652,14
sa,1226,1.21484375,0.01015472412109375,,0.003046417236328125,,2.9165583327994682e-05,0.3,0.0613,9.659351348876953,0.10352662035802904,14
sa,1227,1.0869140625,0.01261138916015625,,0.003783416748046875,,2.9158227334846742e-05,0.3,0.06135000000000001,12.493766784667969,0.08003991248077197,16
sa,1228,0.9873046875,0.033233642578125,,0.0099700927734375,,2.9150840418878943e-05,0.3,0.0614,11.077797889709473,0.09027064854910673,16
sa,1229,0.9033203125,0.0408782958984375,,0.012263488769531249,,2.9143422580091283e-05,0.3,0.061450000000000005,9.161835670471191,0.109148432253923,15
sa,1230,0.94140625,0.029987335205078125,,0.008996200561523436,,2.9135973818483762e-05,0.3,0.0615,8.003131866455078,0.12495108373653999,14
sa,1231,1.091796875,0.00970458984375,,0.0029113769531249997,,2.9128494134056382e-05,0.3,0.06155000000000001,9.941365242004395,0.10058980589253336,14
sa,1232,0.9462890625,0.01206207275390625,,0.0036186218261718747,,2.9120981707819737e-05,0.3,0.0616,8.694389343261719,0.11501670336111816,15
sa,1233,1.0859375,0.0194244384765625,,0.00582733154296875,,2.911344199674204e-05,0.3,0.06165000000000001,14.28434944152832,0.07000668837551256,16
sa,1234,0.8212890625,0.02484130859375,,0.007452392578125,,2.9105867724865675e-05,0.3,0.061700000000000005,13.107208251953125,0.0762938972798413,16
sa,1235,0.8232421875,0.01690673828125,,0.005072021484375,,2.909826253016945e-05,0.3,0.061750000000000006,12.574219703674316,0.07952779763405833,16
sa,1236,0.8232421875,0.01198577880859375,,0.0035957336425781247,,2.9090626412653364e-05,0.3,0.0618,9.928837776184082,0.10071672259553492,15
sa,1237,0.8486328125,0.0180511474609375,,0.00541534423828125,,2.908295937231742e-05,0.3,0.06185000000000001,9.681891441345215,0.10328560344414052,16
sa,1238,0.9453125,0.0072174072265625,,0.00216522216796875,,2.9075261409161612e-05,0.3,0.061900000000000004,11.752573013305664,0.08508775047539385,15
sa,1239,1.16015625,0.01476287841796875,,0.004428863525390625,,2.9067532523185946e-05,0.3,0.061950000000000005,11.761934280395508,0.08502002954282567,14
sa,1240,0.8505859375,0.032562255859375,,0.009768676757812499,,2.9059774533379823e-05,0.3,0.062,14.397207260131836,0.06945791513116294,15
sa,1241,1.0751953125,0.070220947265625,,0.0210662841796875,,2.9051981982775033e-05,0.3,0.06205000000000001,10.946557998657227,0.09135291660836825,16
sa,1242,1.04296875,0.0414276123046875,,0.01242828369140625,,2.9044160328339785e-05,0.3,0.0621,11.854496002197266,0.08435618012057594,16
sa,1243,1.033203125,0.0164794921875,,0.00494384765625,,2.9036305932095274e-05,0.3,0.06215000000000001,7.837823867797852,0.1275864343046234,16
sa,1244,0.9052734375,0.017913818359375,,0.0053741455078125,,2.902842425100971e-05,0.3,0.062200000000000005,8.001314163208008,0.12497946957241644,13
sa,1245,0.837890625,0.01058197021484375,,0.0031745910644531247,,2.902050800912548e-05,0.3,0.06225000000000001,8.301362991333008,0.12046214592038013,15
sa,1246,1.173828125,0.01200103759765625,,0.003600311279296875,,2.901256266341079e-05,0.3,0.0623,10.809407234191895,0.09251201091183234,15
sa,1247,1.08203125,0.0184326171875,,0.00552978515625,,2.900458639487624e-05,0.3,0.06235000000000001,10.670024871826172,0.09372049381444884,15
sa,1248,0.982421875,0.0124053955078125,,0.0037216186523437497,,2.899657738453243e-05,0.3,0.062400000000000004,12.594097137451172,0.07940227783588326,16
sa,1249,0.865234375,0.01113128662109375,,0.003339385986328125,,2.8988541089347564e-05,0.3,0.062450000000000006,9.564248085021973,0.10455604989649352,16
sa,1250,1.01171875,0.0173492431640625,,0.0052047729492187495,,2.8980472052353434e-05,0.3,0.0625,10.029935836791992,0.0997015351116985,16
sa,1251,0.7841796875,0.00939178466796875,,0.002817535400390625,,2.8972373911528848e-05,0.3,0.06255,7.911715030670166,0.1263948456337784,16
sa,1252,0.705078125,0.0204315185546875,,0.00612945556640625,,2.8964243028894998e-05,0.3,0.0626,9.032903671264648,0.11070637265635706,16
sa,1253,0.978515625,0.0184326171875,,0.00552978515625,,2.8956081223441288e-05,0.3,0.06265,9.639477729797363,0.10374006020147956,16
sa,1254,0.73828125,0.014373779296875,,0.0043121337890624995,,2.894789031415712e-05,0.3,0.0627,9.087563514709473,0.11004049637522338,16
sa,1255,0.7763671875,0.0072784423828125,,0.00218353271484375,,2.893966666306369e-05,0.3,0.06275,12.965847969055176,0.07712569223290609,16
sa,1256,0.8125,0.0222015380859375,,0.00666046142578125,,2.8931413908139803e-05,0.3,0.06280000000000001,9.569360733032227,0.10450018845544469,16
sa,1257,0.830078125,0.0186920166015625,,0.00560760498046875,,2.892312841140665e-05,0.3,0.06285,10.55058765411377,0.09478145035931633,16
sa,1258,0.8466796875,0.0251922607421875,,0.007557678222656249,,2.8914815629832447e-05,0.3,0.0629,12.052724838256836,0.08296879032912761,16
sa,1259,0.8134765625,0.032196044921875,,0.0096588134765625,,2.8906470106448978e-05,0.3,0.06294999999999999,16.324644088745117,0.06125707822870339,15
sa,1260,0.9052734375,0.02803802490234375,,0.008411407470703125,,2.889809366024565e-05,0.3,0.063,10.997977256774902,0.09092581086981122,16
sa,1261,0.7802734375,0.01152801513671875,,0.003458404541015625,,2.888968629122246e-05,0.3,0.06305,9.966054916381836,0.10034060702959169,13
sa,1262,1.0693359375,0.02362060546875,,0.007086181640625,,2.8881249818368815e-05,0.3,0.0631,13.68178653717041,0.07308987004608057,15
sa,1263,1.08203125,0.01618194580078125,,0.004854583740234375,,2.887278242269531e-05,0.3,0.06315,9.077336311340332,0.1101644761966898,14
sa,1264,0.77392578125,0.0108642578125,,0.00325927734375,,2.8864284104201943e-05,0.3,0.0632,8.856939315795898,0.11290582043579672,13
sa,1265,0.7412109375,0.011386871337890625,,0.0034160614013671875,,2.885575668187812e-05,0.3,0.06325,7.513148307800293,0.13309999470685027,15
sa,1266,0.7802734375,0.04229736328125,,0.012689208984375,,2.8847196517745033e-05,0.3,0.06330000000000001,11.130763053894043,0.08984110030535192,15
sa,1267,0.8134765625,0.0223541259765625,,0.00670623779296875,,2.883860724978149e-05,0.3,0.06335,9.861299514770508,0.10140651325945169,16
sa,1268,0.810546875,0.0167694091796875,,0.00503082275390625,,2.8829985240008682e-05,0.3,0.0634,12.042598724365234,0.08303855528929534,16
sa,1269,1.001953125,0.12481689453125,,0.037445068359375,,2.882133594539482e-05,0.3,0.06344999999999999,11.956175804138184,0.0836387835359436,15
sa,1270,0.884765625,0.01148223876953125,,0.003444671630859375,,2.88126557279611e-05,0.3,0.0635,14.013925552368164,0.07135759329269546,16
sa,1271,1.173828125,0.0251617431640625,,0.00754852294921875,,2.8803942768718116e-05,0.3,0.06355,11.263647079467773,0.08878119075861987,13
sa,1272,0.8115234375,0.01177215576171875,,0.003531646728515625,,2.8795202524634078e-05,0.3,0.0636,13.417491912841797,0.07452957724855465,15
sa,1273,0.84375,0.019073486328125,,0.0057220458984375,,2.8786429538740776e-05,0.3,0.06365,10.335090637207031,0.09675773876621185,15
sa,1274,0.9189453125,0.055583953857421875,,0.016675186157226563,,2.8777627449017018e-05,0.3,0.0637,12.70369815826416,0.07871723552794492,15
sa,1275,1.021484375,0.01195526123046875,,0.0035865783691406247,,2.87687944364734e-05,0.3,0.06375,14.455894470214844,0.06917593387669065,15
sa,1276,0.8916015625,0.012542724609375,,0.0037628173828125,,2.8759932320099324e-05,0.3,0.06380000000000001,10.183676719665527,0.09819636144467515,16
sa,1277,0.8388671875,0.009796142578125,,0.0029388427734375,,2.8751039280905388e-05,0.3,0.06385,7.666926383972168,0.13043036412747042,13
sa,1278,0.9482421875,0.0088958740234375,,0.00266876220703125,,2.8742115318891592e-05,0.3,0.0639,10.366511344909668,0.09646446781645941,12
sa,1279,1.0615234375,0.01348876953125,,0.004046630859375,,2.873316225304734e-05,0.3,0.06394999999999999,11.750296592712402,0.08510423478333351,15
sa,1280,0.970703125,0.027587890625,,0.0082763671875,,2.8724178264383227e-05,0.3,0.064,9.210653305053711,0.10856993167371949,14
sa,1281,0.7255859375,0.03063201904296875,,0.009189605712890625,,2.8715165171888657e-05,0.3,0.06405,9.692120552062988,0.10317659532073689,16
sa,1282,0.720703125,0.0126495361328125,,0.00379486083984375,,2.8706121156574227e-05,0.3,0.0641,18.01404571533203,0.055512238383456786,16
sa,1283,0.84375,0.015655517578125,,0.0046966552734375,,2.8697046218439937e-05,0.3,0.06415,8.905933380126953,0.11228469350909799,14
sa,1284,0.8466796875,0.0136871337890625,,0.0041061401367187495,,2.868794217647519e-05,0.3,0.06420000000000001,9.80456829071045,0.10199327194726887,16
sa,1285,0.8076171875,0.02948760986328125,,0.008846282958984375,,2.8678807211690582e-05,0.3,0.06425,10.476451873779297,0.09545216377147905,16
sa,1286,0.83984375,0.0113372802734375,,0.00340118408203125,,2.866964314307552e-05,0.3,0.06430000000000001,10.412580490112305,0.09603767298121645,15
sa,1287,0.8193359375,0.0135498046875,,0.00406494140625,,2.8660448151640594e-05,0.3,0.06435,10.559430122375488,0.09470208035952572,16
sa,1288,0.826171875,0.01070404052734375,,0.003211212158203125,,2.8651224056375213e-05,0.3,0.0644,9.451549530029297,0.10580275719053449,15
sa,1289,0.9775390625,0.012073516845703125,,0.0036220550537109375,,2.8641970857279375e-05,0.3,0.06445,11.33138656616211,0.0882504532133966,15
sa,1290,0.798828125,0.0322265625,,0.00966796875,,2.8632686735363677e-05,0.3,0.0645,11.708028793334961,0.08541147426706627,14
sa,1291,0.7646484375,0.01171875,,0.0035156249999999997,,2.8623373509617522e-05,0.3,0.06455,8.77928352355957,0.1139045113780024,15
sa,1292,0.86572265625,0.027099609375,,0.0081298828125,,2.8614027542062104e-05,0.3,0.0646,11.135034561157227,0.0898066363878509,16
sa,1293,0.66015625,0.0111541748046875,,0.0033462524414062497,,2.860465247067623e-05,0.3,0.06465,12.14747428894043,0.08232163956176816,16
sa,1294,0.861328125,0.015777587890625,,0.0047332763671875,,2.8595248295459896e-05,0.3,0.06470000000000001,10.378968238830566,0.0963486906394728,16
sa,1295,0.66796875,0.0152740478515625,,0.00458221435546875,,2.8585813197423704e-05,0.3,0.06475,9.781197547912598,0.1022369699723946,16
sa,1296,0.744140625,0.0110015869140625,,0.0033004760742187497,,2.857635081454646e-05,0.3,0.06480000000000001,8.782167434692383,0.11386710711636842,16
sa,1297,0.7373046875,0.007106781005859375,,0.0021320343017578124,,2.8566859327838756e-05,0.3,0.06485,7.673395156860352,0.13032040961763272,15
sa,1298,0.63427734375,0.01006317138671875,,0.003018951416015625,,2.855733509932179e-05,0.3,0.0649,6.640755653381348,0.15058527254964107,16
sa,1299,0.8232421875,0.013126373291015625,,0.003937911987304687,,2.854778358596377e-05,0.3,0.06495,8.44233512878418,0.11845064010672776,16
sa,1300,0.890625,0.033153533935546875,,0.009946060180664061,,2.8538199330796488e-05,0.3,0.065,13.77096939086914,0.07261652913578119,15
sa,1301,0.9248046875,0.011810302734375,,0.0035430908203125,,2.8528585971798748e-05,0.3,0.06505,11.777839660644531,0.08490521426790046,15
sa,1302,0.7734375,0.007720947265625,,0.0023162841796874997,,2.8518945327959955e-05,0.3,0.0651,11.061667442321777,0.09040228385225312,14
sa,1303,0.7646484375,0.0195465087890625,,0.00586395263671875,,2.85092737613013e-05,0.3,0.06515,8.043375015258789,0.12432592016447536,15
sa,1304,0.6474609375,0.0106353759765625,,0.00319061279296875,,2.8499571271822788e-05,0.3,0.06520000000000001,9.589411735534668,0.10428168354627897,15
sa,1305,0.81005859375,0.0110626220703125,,0.00331878662109375,,2.8489839678513817e-05,0.3,0.06525,10.540788650512695,0.0948695617714867,16
sa,1306,0.9638671875,0.010707855224609375,,0.0032123565673828126,,2.8480080800363794e-05,0.3,0.06530000000000001,9.310770988464355,0.10740249129088847,13
sa,1307,0.87109375,0.022796630859375,,0.0068389892578125,,2.847029099939391e-05,0.3,0.06535,12.163235664367676,0.08221496545771208,16
sa,1308,0.791015625,0.016326904296875,,0.0048980712890625,,2.8460470275604166e-05,0.3,0.0654,10.593512535095215,0.09439739620707514,16
sa,1309,0.7578125,0.015163421630859375,,0.0045490264892578125,,2.8450620447983965e-05,0.3,0.06545,8.231304168701172,0.12148743133590109,14
sa,1310,0.7841796875,0.008434295654296875,,0.0025302886962890623,,2.844074333552271e-05,0.3,0.0655,9.08756160736084,0.11004051947114277,16
sa,1311,0.77978515625,0.0121307373046875,,0.00363922119140625,,2.8430835300241597e-05,0.3,0.06555,9.210126876831055,0.10857613726425361,14
sa,1312,0.73974609375,0.0077667236328125,,0.00233001708984375,,2.8420896342140622e-05,0.3,0.0656,9.661898612976074,0.10349932658752857,14
sa,1313,0.685546875,0.01110076904296875,,0.003330230712890625,,2.8410930099198595e-05,0.3,0.06565,10.154570579528809,0.09847782258916575,16
sa,1314,0.6083984375,0.01140594482421875,,0.003421783447265625,,2.840093475242611e-05,0.3,0.06570000000000001,8.190113067626953,0.12209843646148164,14
sa,1315,0.779296875,0.02423095703125,,0.007269287109375,,2.8390908482833765e-05,0.3,0.06575,10.584348678588867,0.09447912482540424,14
sa,1316,0.67333984375,0.017498016357421875,,0.005249404907226562,,2.8380853109410964e-05,0.3,0.06580000000000001,8.705694198608398,0.11486734741496543,15
sa,1317,0.7255859375,0.00890350341796875,,0.0026710510253906247,,2.837077045114711e-05,0.3,0.06585,12.359124183654785,0.08091188219651697,15
sa,1318,0.7978515625,0.02300262451171875,,0.006900787353515625,,2.8360656870063394e-05,0.3,0.0659,15.106111526489258,0.06619837264185785,15
sa,1319,0.62109375,0.0193939208984375,,0.00581817626953125,,2.8350514185149223e-05,0.3,0.06595,10.483433723449707,0.09538859369742238,15
sa,1320,0.728515625,0.014923095703125,,0.0044769287109375,,2.834034057741519e-05,0.3,0.066,7.736942768096924,0.12925001902863664,13
sa,1321,0.9169921875,0.01080322265625,,0.003240966796875,,2.8330139684840105e-05,0.3,0.06605,35.72807312011719,0.027989194845129673,16
sa,1322,0.7958984375,0.0211029052734375,,0.00633087158203125,,2.831990786944516e-05,0.3,0.0661,10.220295906066895,0.09784452516745504,15
sa,1323,0.91796875,0.0234222412109375,,0.00702667236328125,,2.8309650588198565e-05,0.3,0.06615,12.968839645385742,0.07710790073310805,15
sa,1324,0.916015625,0.01782989501953125,,0.005348968505859375,,2.8299360565142706e-05,0.3,0.06620000000000001,9.612030029296875,0.10403629586591612,14
sa,1325,0.60546875,0.0106201171875,,0.0031860351562499997,,2.828904143825639e-05,0.3,0.06625,9.434581756591797,0.10599303983998182,15
sa,1326,0.5068359375,0.00928497314453125,,0.0027854919433593747,,2.827869502652902e-05,0.3,0.06630000000000001,10.225302696228027,0.09779661587611349,16
sa,1327,0.7685546875,0.0126800537109375,,0.0038040161132812497,,2.82683213299606e-05,0.3,0.06635,9.615996360778809,0.1039933837827502,16
sa,1328,0.65771484375,0.0128936767578125,,0.00386810302734375,,2.825791307259351e-05,0.3,0.0664,7.959864139556885,0.1256302849480128,15
sa,1329,0.7822265625,0.008180618286132812,,0.002454185485839844,,2.824747934937477e-05,0.3,0.06645,10.568743705749512,0.09461862524454909,14
sa,1330,0.859375,0.0138092041015625,,0.00414276123046875,,2.8237016522325575e-05,0.3,0.0665,11.52457046508789,0.08677112982469613,14
sa,1331,0.9111328125,0.017364501953125,,0.0052093505859375,,2.8226526410435326e-05,0.3,0.06655,8.392501831054688,0.1191539805567525,14
sa,1332,0.62744140625,0.01702117919921875,,0.005106353759765625,,2.8216005375725217e-05,0.3,0.0666,8.848563194274902,0.11301269799903885,14
sa,1333,0.712890625,0.01641082763671875,,0.004923248291015625,,2.8205453418195248e-05,0.3,0.06665,11.226851463317871,0.08907216803102426,16
sa,1334,0.6513671875,0.02190399169921875,,0.006571197509765625,,2.8194874175824225e-05,0.3,0.06670000000000001,13.880561828613281,0.07204319337698621,14
sa,1335,0.87890625,0.031490325927734375,,0.009447097778320312,,2.818426764861215e-05,0.3,0.06675,10.921927452087402,0.09155893081938386,15
sa,1336,0.7490234375,0.0106048583984375,,0.00318145751953125,,2.8173632017569616e-05,0.3,0.06680000000000001,10.800495147705078,0.09258834769371505,15
sa,1337,0.6142578125,0.01430511474609375,,0.004291534423828125,,2.8162965463707224e-05,0.3,0.06685,7.755890369415283,0.12893426187964413,15
sa,1338,0.6611328125,0.0129241943359375,,0.00387725830078125,,2.8152271625003777e-05,0.3,0.0669,9.68001651763916,0.10330560884661466,16
sa,1339,0.8076171875,0.017744064331054688,,0.005323219299316406,,2.814154686348047e-05,0.3,0.06695,10.132551193237305,0.09869182804301278,14
sa,1340,0.7685546875,0.01522064208984375,,0.004566192626953125,,2.8130796636105515e-05,0.3,0.067,9.490898132324219,0.10536410633195899,15
sa,1341,0.6474609375,0.014404296875,,0.0043212890625,,2.8120017304900102e-05,0.3,0.06705,11.276593208312988,0.0886792652290419,15
sa,1342,0.7568359375,0.018096923828125,,0.0054290771484375,,2.8109208869864233e-05,0.3,0.0671,11.187278747558594,0.08938724264989201,16
sa,1343,0.701171875,0.01312255859375,,0.003936767578125,,2.80983676930191e-05,0.3,0.06715,9.692702293395996,0.10317040281752363,16
sa,1344,0.837890625,0.031585693359375,,0.0094757080078125,,2.808750286931172e-05,0.3,0.06720000000000001,12.28831958770752,0.08137809184262579,16
sa,1345,0.7744140625,0.01815032958984375,,0.0054450988769531245,,2.8076608941773884e-05,0.3,0.06725,11.625567436218262,0.08601730672385097,16
sa,1346,0.6337890625,0.015533447265625,,0.0046600341796875,,2.806568591040559e-05,0.3,0.06730000000000001,7.65623664855957,0.1306124726680357,15
sa,1347,0.70849609375,0.01393890380859375,,0.004181671142578125,,2.805473377520684e-05,0.3,0.06735000000000001,8.848126411437988,0.1130182768079916,15
sa,1348,0.68359375,0.01294708251953125,,0.0038841247558593747,,2.8043752536177635e-05,0.3,0.0674,9.848942756652832,0.10153374069765134,15
sa,1349,0.634765625,0.0141754150390625,,0.00425262451171875,,2.8032744012307376e-05,0.3,0.06745,8.58469295501709,0.11648640262848041,15
sa,1350,0.70703125,0.0168609619140625,,0.00505828857421875,,2.8021708203596063e-05,0.3,0.0675,9.294246673583984,0.10759344303204153,15
sa,1351,0.623046875,0.0078125,,0.00234375,,2.801064147206489e-05,0.3,0.06755,8.62477970123291,0.11594499043923988,16
sa,1352,0.8212890625,0.02117919921875,,0.006353759765625,,2.7999547455692664e-05,0.3,0.06760000000000001,8.955757141113281,0.11166001760021944,15
sa,1353,0.63671875,0.0132598876953125,,0.00397796630859375,,2.798842433548998e-05,0.3,0.06765,8.308518409729004,0.12035840214652863,16
sa,1354,0.9443359375,0.0249481201171875,,0.00748443603515625,,2.7977273930446245e-05,0.3,0.06770000000000001,10.57442569732666,0.09456778350173776,16
sa,1355,0.61328125,0.0177459716796875,,0.00532379150390625,,2.7966094421572052e-05,0.3,0.06775,7.598878383636475,0.13159836880050788,14
sa,1356,0.609375,0.009002685546875,,0.0027008056640625,,2.7954887627856806e-05,0.3,0.06780000000000001,8.852457046508789,0.11296298809993974,16
sa,1357,0.611328125,0.005615234375,,0.0016845703124999999,,2.7943651730311103e-05,0.3,0.06785000000000001,8.888957977294922,0.11249912560665731,16
sa,1358,0.65966796875,0.007335662841796875,,0.0022006988525390624,,2.7932386728934944e-05,0.3,0.0679,9.439504623413086,0.10593776261517687,16
sa,1359,0.71875,0.0078125,,0.00234375,,2.7921096261707135e-05,0.3,0.06795,10.644330024719238,0.09394673010679944,14
sa,1360,0.7158203125,0.013916015625,,0.0041748046874999995,,2.7909774871659465e-05,0.3,0.068,11.059586524963379,0.09041929350096668,16
sa,1361,0.58984375,0.01035308837890625,,0.0031059265136718747,,2.7898426196770743e-05,0.3,0.06805,8.625503540039062,0.11593526051645112,16
sa,1362,0.6044921875,0.01999664306640625,,0.005998992919921875,,2.7887048418051563e-05,0.3,0.06810000000000001,10.195416450500488,0.09808329113921682,16
sa,1363,0.66015625,0.025115966796875,,0.007534790039062499,,2.7875645173480734e-05,0.3,0.06815,11.778250694274902,0.08490225127285443,15
sa,1364,0.6630859375,0.01149749755859375,,0.0034492492675781247,,2.7864211006090045e-05,0.3,0.06820000000000001,9.811446189880371,0.10192177387992103,16
sa,1365,0.7705078125,0.0245819091796875,,0.007374572753906249,,2.7852749553858303e-05,0.3,0.06825,26.44654655456543,0.0378121203060205,16
sa,1366,0.5546875,0.01236724853515625,,0.0037101745605468747,,2.784126263577491e-05,0.3,0.06830000000000001,9.939314842224121,0.10061055675103556,16
sa,1367,0.9013671875,0.0101470947265625,,0.00304412841796875,,2.7829744794871658e-05,0.3,0.06835000000000001,11.791407585144043,0.08480751706521424,15
sa,1368,0.701171875,0.0087127685546875,,0.0026138305664062497,,2.7818201488116756e-05,0.3,0.0684,10.162363052368164,0.09840231005789221,15
sa,1369,0.8505859375,0.01248931884765625,,0.0037467956542968747,,2.7806627258541994e-05,0.3,0.06845,11.220909118652344,0.08911933867619652,16
sa,1370,0.6171875,0.0162200927734375,,0.00486602783203125,,2.7795027563115582e-05,0.3,0.0685,7.003557205200195,0.14278458370519087,15
sa,1371,0.794921875,0.0128021240234375,,0.00384063720703125,,2.7783398763858713e-05,0.3,0.06855,9.081555366516113,0.11011329663716209,16
sa,1372,0.58203125,0.01425933837890625,,0.0042778015136718745,,2.777174267976079e-05,0.3,0.06860000000000001,7.6607747077941895,0.1305351009712614,15
sa,1373,0.6162109375,0.01213836669921875,,0.0036415100097656247,,2.7760057491832413e-05,0.3,0.06865,10.260420799255371,0.09746188967927835,16
sa,1374,0.5380859375,0.00844573974609375,,0.0025337219238281247,,2.7748346838052385e-05,0.3,0.06870000000000001,10.157430648803711,0.09845009378604763,16
sa,1375,0.7490234375,0.0154876708984375,,0.00464630126953125,,2.7736605261452496e-05,0.3,0.06875,13.999738693237305,0.07142990465122458,16
sa,1376,0.5771484375,0.0265045166015625,,0.00795135498046875,,2.7724838219000958e-05,0.3,0.0688,9.08338451385498,0.11009112280501719,15
sa,1377,0.6318359375,0.02095794677734375,,0.006287384033203125,,2.7713043891708367e-05,0.3,0.06885000000000001,9.234156608581543,0.10829359327420048,16
sa,1378,0.724609375,0.0106201171875,,0.0031860351562499997,,2.770122046058532e-05,0.3,0.0689,17.106042861938477,0.05845887374835438,15
sa,1379,0.55078125,0.008636474609375,,0.0025909423828124997,,2.768937156361062e-05,0.3,0.06895,12.071805953979492,0.08283764697777868,16
sa,1380,0.6669921875,0.01678466796875,,0.005035400390625,,2.7677491743816063e-05,0.3,0.06899999999999999,10.06232738494873,0.09938058679106426,16
sa,1381,0.6328125,0.004769802093505859,,0.0014309406280517579,,2.766558463918045e-05,0.3,0.06905,9.027114868164062,0.11077736514982227,13
sa,1382,0.64306640625,0.014743804931640625,,0.0044231414794921875,,2.7653653887682594e-05,0.3,0.0691,10.08681583404541,0.09913931377876073,16
sa,1383,0.59375,0.00669097900390625,,0.0020072937011718747,,2.764169403235428e-05,0.3,0.06915,8.650982856750488,0.11559380206373723,11
sa,1384,0.591796875,0.0120697021484375,,0.0036209106445312497,,2.762970507319551e-05,0.3,0.0692,10.78066349029541,0.09275866934351348,15
sa,1385,0.66015625,0.01849365234375,,0.0055480957031249995,,2.761769064818509e-05,0.3,0.06925,10.9454927444458,0.09136180739852408,15
sa,1386,0.578125,0.0103302001953125,,0.00309906005859375,,2.7605647119344212e-05,0.3,0.0693,12.061840057373047,0.08290609021869176,16
sa,1387,0.5234375,0.0110321044921875,,0.00330963134765625,,2.7593574486672878e-05,0.3,0.06935000000000001,8.118447303771973,0.12317626297030745,16
sa,1388,0.689453125,0.00594329833984375,,0.001782989501953125,,2.75814782071393e-05,0.3,0.0694,9.004765510559082,0.1110523087833203,16
sa,1389,0.603515625,0.01074981689453125,,0.003224945068359375,,2.756935282377526e-05,0.3,0.06945,8.211247444152832,0.1217841755228181,14
sa,1390,0.57421875,0.01276397705078125,,0.003829193115234375,,2.7557200155570172e-05,0.3,0.06949999999999999,7.029869079589844,0.14225015980786157,14
sa,1391,0.57275390625,0.01416778564453125,,0.004250335693359375,,2.754502020252403e-05,0.3,0.06955,8.351662635803223,0.11973663731495122,14
sa,1392,0.6318359375,0.00838470458984375,,0.002515411376953125,,2.7532814783626236e-05,0.3,0.0696,13.564878463745117,0.07371979061019251,16
sa,1393,0.7919921875,0.0130767822265625,,0.0039230346679687495,,2.7520580260897987e-05,0.3,0.06965,12.950878143310547,0.07721484125897092,15
sa,1394,0.560546875,0.016387939453125,,0.0049163818359375,,2.750831663433928e-05,0.3,0.0697,12.354846000671387,0.08093990001539947,15
sa,1395,0.546875,0.005664825439453125,,0.0016994476318359375,,2.7496027541928925e-05,0.3,0.06975,9.972224235534668,0.10027853128659459,15
sa,1396,0.583984375,0.008453369140625,,0.0025360107421875,,2.748371298366692e-05,0.3,0.0698,7.880414962768555,0.126896870878571,15
sa,1397,0.53076171875,0.0252685546875,,0.007580566406249999,,2.7471369321574457e-05,0.3,0.06985000000000001,8.257797241210938,0.12109766936507614,13
sa,1398,0.708984375,0.011089324951171875,,0.0033267974853515626,,2.7459000193630345e-05,0.3,0.0699,10.044933319091797,0.09955267678077669,13
sa,1399,0.58984375,0.00911712646484375,,0.002735137939453125,,2.744660378084518e-05,0.3,0.06995,13.323580741882324,0.07505489848209697,15
sa,1400,0.6142578125,0.0107421875,,0.00322265625,,2.7434180083218962e-05,0.3,0.06999999999999999,9.888705253601074,0.10112547339155849,16
sa,1401,0.7236328125,0.01507568359375,,0.004522705078125,,2.7421727281762287e-05,0.3,0.07005,9.85276985168457,0.10149430211536158,14
sa,1402,0.677734375,0.01656341552734375,,0.004969024658203125,,2.740925265243277e-05,0.3,0.0701,10.947214126586914,0.0913474413158096,16
sa,1403,0.697265625,0.00902557373046875,,0.002707672119140625,,2.7396745281293988e-05,0.3,0.07015,8.716784477233887,0.11472120282562405,14
sa,1404,0.57177734375,0.010162353515625,,0.0030487060546874997,,2.738421426329296e-05,0.3,0.0702,9.647671699523926,0.10365195159463667,16
sa,1405,0.73046875,0.011043548583984375,,0.0033130645751953125,,2.737165596045088e-05,0.3,0.07025,10.013486862182617,0.09986531302863588,13
sa,1406,0.552734375,0.01316070556640625,,0.003948211669921875,,2.7359070372767746e-05,0.3,0.0703,9.733524322509766,0.10273771009000288,16
sa,1407,0.72119140625,0.01070404052734375,,0.003211212158203125,,2.734645750024356e-05,0.3,0.07035000000000001,13.486912727355957,0.0741459532077839,14
sa,1408,0.6630859375,0.0179901123046875,,0.00539703369140625,,2.7333819161867723e-05,0.3,0.0704,11.329087257385254,0.08826836419219172,16
sa,1409,0.572265625,0.0107879638671875,,0.00323638916015625,,2.7321153538650833e-05,0.3,0.07045,10.134836196899414,0.09866957694944625,14
sa,1410,0.865234375,0.022235870361328125,,0.006670761108398438,,2.730846063059289e-05,0.3,0.0705,12.600757598876953,0.07936030767619284,16
sa,1411,0.6474609375,0.0158233642578125,,0.0047470092773437495,,2.7295742256683297e-05,0.3,0.07055,9.144680976867676,0.10935318602470588,15
sa,1412,0.6318359375,0.01273345947265625,,0.003820037841796875,,2.728299659793265e-05,0.3,0.0706,10.65715503692627,0.0938336729206878,14
sa,1413,0.58349609375,0.005939483642578125,,0.0017818450927734374,,2.7270223654340953e-05,0.3,0.07065,13.72208023071289,0.07287524800808193,16
sa,1414,0.5693359375,0.010822296142578125,,0.0032466888427734376,,2.7257427063887008e-05,0.3,0.0707,10.69400405883789,0.09351034416090069,16
sa,1415,0.57568359375,0.01572418212890625,,0.004717254638671875,,2.7244599550613202e-05,0.3,0.07075000000000001,7.653563976287842,0.1306580833580519,15
sa,1416,0.60546875,0.0101318359375,,0.00303955078125,,2.7231746571487747e-05,0.3,0.0708,10.587764739990234,0.09444864185761294,16
sa,1417,0.6220703125,0.007236480712890625,,0.0021709442138671876,,2.7218868126510642e-05,0.3,0.07085000000000001,11.54594898223877,0.0866104641150163,15
sa,1418,0.6376953125,0.0129852294921875,,0.0038955688476562497,,2.7205964215681888e-05,0.3,0.0709,11.669964790344238,0.08569006144966289,14
sa,1419,0.57763671875,0.00951385498046875,,0.0028541564941406247,,2.719303302001208e-05,0.3,0.07095,12.226689338684082,0.08178828890631049,16
sa,1420,0.5234375,0.0144500732421875,,0.0043350219726562495,,2.718007453950122e-05,0.3,0.071,10.410261154174805,0.09605906952670175,16
sa,1421,0.5029296875,0.00766754150390625,,0.002300262451171875,,2.716709059313871e-05,0.3,0.07105,7.695782661437988,0.1299412995393955,16
sa,1422,0.580078125,0.009151458740234375,,0.0027454376220703122,,2.715408118092455e-05,0.3,0.0711,8.190106391906738,0.12209853598338788,13
sa,1423,0.53662109375,0.0066375732421875,,0.00199127197265625,,2.7141044483869337e-05,0.3,0.07115,8.616576194763184,0.11605537714710405,16
sa,1424,0.61328125,0.00733184814453125,,0.002199554443359375,,2.712798050197307e-05,0.3,0.0712,10.22768783569336,0.0977738092973589,15
sa,1425,0.59375,0.028717041015625,,0.0086151123046875,,2.7114892873214558e-05,0.3,0.07125000000000001,12.222247123718262,0.08181801512255622,15
sa,1426,0.595703125,0.0124969482421875,,0.00374908447265625,,2.7101777959614992e-05,0.3,0.0713,12.132916450500488,0.08242041425734449,16
sa,1427,0.521484375,0.0149688720703125,,0.00449066162109375,,2.7088635761174373e-05,0.3,0.07135000000000001,10.263014793395996,0.09743725602378318,15
sa,1428,0.55322265625,0.0141143798828125,,0.00423431396484375,,2.7075468096882105e-05,0.3,0.0714,9.159757614135742,0.10917319454575478,16
sa,1429,0.63525390625,0.0062427520751953125,,0.0018728256225585937,,2.706227678572759e-05,0.3,0.07145,10.103199005126953,0.0989785511987383,15
sa,1430,0.6953125,0.0102691650390625,,0.00308074951171875,,2.7049054551753215e-05,0.3,0.0715,11.60118579864502,0.08619808503685862,15
sa,1431,0.57275390625,0.0069580078125,,0.0020874023437499997,,2.7035808670916595e-05,0.3,0.07155,9.62736988067627,0.10387052875231959,14
sa,1432,0.49462890625,0.009866714477539062,,0.0029600143432617185,,2.7022537324228324e-05,0.3,0.0716,8.212655067443848,0.12176330209753294,15
sa,1433,0.509765625,0.00751495361328125,,0.002254486083984375,,2.7009240511688404e-05,0.3,0.07165,9.465619087219238,0.10564549352616881,16
sa,1434,0.64013671875,0.01497650146484375,,0.004492950439453125,,2.699591641430743e-05,0.3,0.0717,10.716629028320312,0.09331292492791798,15
sa,1435,0.48828125,0.00962066650390625,,0.002886199951171875,,2.6982566851074807e-05,0.3,0.07175000000000001,7.362270355224609,0.1358276661614788,16
sa,1436,0.486328125,0.00693511962890625,,0.002080535888671875,,2.6969191821990535e-05,0.3,0.0718,9.83337688446045,0.101694464856756,16
sa,1437,0.576171875,0.011383056640625,,0.0034149169921874997,,2.6955791327054612e-05,0.3,0.07185000000000001,11.440102577209473,0.08741180363121578,14
sa,1438,0.8583984375,0.01221466064453125,,0.0036643981933593747,,2.694236536626704e-05,0.3,0.0719,13.314032554626465,0.07510872426494948,14
sa,1439,0.49951171875,0.008533477783203125,,0.0025600433349609376,,2.692891030164901e-05,0.3,0.07195,9.078749656677246,0.11014732620857313,15
sa,1440,0.50732421875,0.012401580810546875,,0.0037204742431640623,,2.6915431590168737e-05,0.3,0.072,9.148880958557129,0.1093029851989363,16
sa,1441,0.52734375,0.01163482666015625,,0.003490447998046875,,2.6901927412836812e-05,0.3,0.07205,16.8382568359375,0.059388570310064594,15
sa,1442,0.56640625,0.0244903564453125,,0.00734710693359375,,2.688839776965324e-05,0.3,0.0721,12.69680404663086,0.07875997741851844,16
sa,1443,0.6416015625,0.00737762451171875,,0.0022132873535156247,,2.6874842660618015e-05,0.3,0.07215,9.55241584777832,0.10468555975110504,14
sa,1444,0.6611328125,0.013763427734375,,0.0041290283203124995,,2.6861260266741738e-05,0.3,0.0722,10.361048698425293,0.09651532669197697,16
sa,1445,0.650390625,0.01349639892578125,,0.0040489196777343745,,2.6847654226003215e-05,0.3,0.07225000000000001,8.525813102722168,0.1172908657451938,14
sa,1446,0.603515625,0.005584716796875,,0.0016754150390625,,2.683402090042364e-05,0.3,0.0723,9.182514190673828,0.10890263594862121,13
sa,1447,0.4912109375,0.008586883544921875,,0.0025760650634765623,,2.682036574697122e-05,0.3,0.07235000000000001,12.401881217956543,0.08063292837800376,16
sa,1448,0.46923828125,0.00917816162109375,,0.002753448486328125,,2.6806681489688344e-05,0.3,0.0724,9.99392318725586,0.10006080507754841,15
sa,1449,0.7158203125,0.0097198486328125,,0.00291595458984375,,2.6792973585543223e-05,0.3,0.07245,11.195079803466797,0.08932495502982735,16
sa,1450,0.64599609375,0.0068817138671875,,0.0020645141601562497,,2.6779238396557048e-05,0.3,0.0725,13.598644256591797,0.07353674242307359,14
sa,1451,0.52197265625,0.01171112060546875,,0.003513336181640625,,2.676548137969803e-05,0.3,0.07255,8.15452766418457,0.12263125973464917,15
sa,1452,0.71044921875,0.00959014892578125,,0.0028770446777343747,,2.6751695259008557e-05,0.3,0.0726,8.012138366699219,0.12481062535768121,15
sa,1453,0.490234375,0.006969451904296875,,0.0020908355712890626,,2.6737883672467433e-05,0.3,0.07265,9.489167213439941,0.10538332579740552,16
sa,1454,0.5078125,0.007617950439453125,,0.0022853851318359376,,2.6724050258053467e-05,0.3,0.0727,9.773872375488281,0.10231359297343415,15
sa,1455,0.556640625,0.01129150390625,,0.003387451171875,,2.6710189558798447e-05,0.3,0.07275000000000001,8.201566696166992,0.1219279239010945,15
sa,1456,0.5380859375,0.013153076171875,,0.0039459228515624995,,2.6696305212681182e-05,0.3,0.0728,8.539467811584473,0.11710331627966555,15
sa,1457,0.51171875,0.0164337158203125,,0.0049301147460937495,,2.6682393581722863e-05,0.3,0.07285000000000001,10.175614356994629,0.0982741645778477,16
sa,1458,0.54296875,0.01752471923828125,,0.005257415771484375,,2.6668458303902298e-05,0.3,0.0729,8.714327812194824,0.1147535439968876,16
sa,1459,0.59619140625,0.0135498046875,,0.00406494140625,,2.6654493922251277e-05,0.3,0.07295,11.024761199951172,0.0907049125022707,16
sa,1460,0.34228515625,0.010461807250976562,,0.0031385421752929688,,2.6640509531716816e-05,0.3,0.073,7.940168857574463,0.12594190601451224,14
sa,1461,0.6396484375,0.01493072509765625,,0.004479217529296875,,2.6626499675330706e-05,0.3,0.07305,13.92194652557373,0.07182903613105134,16
sa,1462,0.52099609375,0.0122222900390625,,0.0036666870117187497,,2.6612462534103543e-05,0.3,0.0731,7.444836616516113,0.13432128218657405,15
sa,1463,0.50830078125,0.00795745849609375,,0.002387237548828125,,2.659839992702473e-05,0.3,0.07315,8.795943260192871,0.11368877338325085,16
sa,1464,0.55615234375,0.0137176513671875,,0.00411529541015625,,2.6584315492073074e-05,0.3,0.0732,11.11186695098877,0.08999387811343591,15
sa,1465,0.5,0.012481689453125,,0.0037445068359374997,,2.657020559126977e-05,0.3,0.07325000000000001,7.72428560256958,0.12946181063881657,15
sa,1466,0.53173828125,0.00829315185546875,,0.0024879455566406247,,2.655606840562541e-05,0.3,0.0733,10.013882637023926,0.09986136609018566,15
sa,1467,0.50732421875,0.00933837890625,,0.002801513671875,,2.6541907573118806e-05,0.3,0.07335000000000001,9.053837776184082,0.11045039956762619,16
sa,1468,0.4638671875,0.00736236572265625,,0.002208709716796875,,2.6527723093749955e-05,0.3,0.0734,9.259963989257812,0.10799178065487813,15
sa,1469,0.5556640625,0.0277252197265625,,0.00831756591796875,,2.651351132954005e-05,0.3,0.07345,11.790133476257324,0.08481668184790062,16
sa,1470,0.49658203125,0.01233673095703125,,0.0037010192871093747,,2.6499277737457305e-05,0.3,0.0735,9.498952865600586,0.10527476177099374,15
sa,1471,0.787109375,0.020160675048828125,,0.0060482025146484375,,2.648501867952291e-05,0.3,0.07355,13.30479907989502,0.07516084940441584,14
sa,1472,0.6328125,0.00975799560546875,,0.002927398681640625,,2.6470735974726267e-05,0.3,0.0736,11.16419792175293,0.08957204153928028,13
sa,1473,0.5478515625,0.01036834716796875,,0.003110504150390625,,2.6456425985088572e-05,0.3,0.07365000000000001,10.40334415435791,0.0961229375057351,16
sa,1474,0.58642578125,0.006961822509765625,,0.0020885467529296875,,2.6442094167578034e-05,0.3,0.0737,13.185091972351074,0.07584323280391096,16
sa,1475,0.611328125,0.0113677978515625,,0.00341033935546875,,2.6427735065226443e-05,0.3,0.07375000000000001,8.17855453491211,0.12227099492107825,13
sa,1476,0.56640625,0.00997161865234375,,0.0029914855957031247,,2.6413352316012606e-05,0.3,0.0738,10.269927024841309,0.09737167533724049,15
sa,1477,0.4775390625,0.005474090576171875,,0.0016422271728515625,,2.6398945919936523e-05,0.3,0.07385000000000001,9.953357696533203,0.10046860873374462,16
sa,1478,0.501953125,0.014667510986328125,,0.0044002532958984375,,2.638451405800879e-05,0.3,0.07390000000000001,7.580999851226807,0.13190872175497714,14
sa,1479,0.4931640625,0.00749969482421875,,0.002249908447265625,,2.6370060368208215e-05,0.3,0.07395,9.947422981262207,0.10052854914118793,16
sa,1480,0.640625,0.0102081298828125,,0.00306243896484375,,2.6355577574577183e-05,0.3,0.074,12.029126167297363,0.08313155802776608,13
sa,1481,0.49560546875,0.0177001953125,,0.00531005859375,,2.6341076591052115e-05,0.3,0.07405,9.462486267089844,0.10568047041483809,16
sa,1482,0.7509765625,0.016082763671875,,0.0048248291015625,,2.632654650369659e-05,0.3,0.0741,11.722468376159668,0.08530626553309623,15
sa,1483,0.52197265625,0.015380859375,,0.0046142578125,,2.6311996407457627e-05,0.3,0.07415000000000001,9.065690994262695,0.11030598777664703,15
sa,1484,0.54345703125,0.05504608154296875,,0.016513824462890625,,2.6297417207388207e-05,0.3,0.0742,11.33974838256836,0.08818537821678793,16
sa,1485,0.44384765625,0.011783599853515625,,0.0035350799560546872,,2.6282816179445945e-05,0.3,0.07425000000000001,9.049102783203125,0.11050819334886905,16
sa,1486,0.8427734375,0.11449432373046875,,0.03434829711914062,,2.6268191504641436e-05,0.3,0.0743,32.94916534423828,0.03034978244676134,14
sa,1487,0.67041015625,0.00981903076171875,,0.0029457092285156247,,2.6253541363985278e-05,0.3,0.07435000000000001,9.061561584472656,0.11035625489910475,15
sa,1488,0.390625,0.0141143798828125,,0.00423431396484375,,2.6238867576466873e-05,0.3,0.07440000000000001,8.287288665771484,0.1206667271203238,16
sa,1489,0.580078125,0.013011932373046875,,0.0039035797119140623,,2.6224171961075626e-05,0.3,0.07445,11.3324556350708,0.08824212793785646,15
sa,1490,0.5185546875,0.010162353515625,,0.0030487060546874997,,2.6209449060843326e-05,0.3,0.0745,7.960954189300537,0.12561308308292898,16
sa,1491,0.56884765625,0.00742340087890625,,0.002227020263671875,,2.6194704332738183e-05,0.3,0.07455,9.719435691833496,0.10288663166321725,16
sa,1492,0.6103515625,0.005321502685546875,,0.0015964508056640625,,2.617993413878139e-05,0.3,0.0746,10.292612075805664,0.09715706689759063,15
sa,1493,0.57080078125,0.005626678466796875,,0.0016880035400390625,,2.6165142116951756e-05,0.3,0.07465000000000001,10.607897758483887,0.09426938520407865,14
sa,1494,0.5009765625,0.008831024169921875,,0.0026493072509765625,,2.615032462927047e-05,0.3,0.0747,8.901632308959961,0.11233894698093151,14
sa,1495,0.509765625,0.011378288269042969,,0.0034134864807128904,,2.6135485313716345e-05,0.3,0.07475000000000001,9.19451904296875,0.10876044688435572,15
sa,1496,0.5859375,0.015350341796875,,0.0046051025390625,,2.6120620532310568e-05,0.3,0.0748,10.118928909301758,0.09882468875542318,15
sa,1497,0.58447265625,0.008434295654296875,,0.0025302886962890623,,2.610573028505314e-05,0.3,0.07485000000000001,8.859798431396484,0.11286938498017045,15
sa,1498,0.4580078125,0.006229400634765625,,0.0018688201904296874,,2.6090820028912276e-05,0.3,0.07490000000000001,9.601480484008789,0.10415060486406177,14
sa,1499,0.42919921875,0.011211395263671875,,0.0033634185791015622,,2.6075882487930357e-05,0.3,0.07495,8.304717063903809,0.12041349419915442,16
sa,1500,0.51416015625,0.00923919677734375,,0.002771759033203125,,2.6060924938065e-05,0.3,0.07500000000000001,11.243285179138184,0.08894197594983103,16
sa,1501,0.44482421875,0.0128936767578125,,0.00386810302734375,,2.604594010335859e-05,0.3,0.07505,10.44505500793457,0.09573908411591432,16
sa,1502,0.39501953125,0.0043487548828125,,0.00130462646484375,,2.6030933440779336e-05,0.3,0.0751,14.342460632324219,0.06972304304229758,15
sa,1503,0.45849609375,0.01336669921875,,0.004010009765625,,2.6015903131337836e-05,0.3,0.07515,9.49405288696289,0.1053290951615813,16
sa,1504,0.49365234375,0.007049560546875,,0.0021148681640625,,2.6000850994023494e-05,0.3,0.0752,8.01675796508789,0.12473870414385607,13
sa,1505,0.63720703125,0.00687408447265625,,0.002062225341796875,,2.5985773390857503e-05,0.3,0.07525,11.316390037536621,0.0883674030925928,15
sa,1506,0.365234375,0.00897979736328125,,0.0026939392089843747,,2.597067395981867e-05,0.3,0.0753,7.273011684417725,0.13749462305175159,16
sa,1507,0.3935546875,0.005497932434082031,,0.0016493797302246094,,2.5955549062928185e-05,0.3,0.07535,6.9701619148254395,0.14346869014233565,14
sa,1508,0.52197265625,0.0044078826904296875,,0.0013223648071289062,,2.594040233816486e-05,0.3,0.07540000000000001,11.762683868408203,0.08501461156205722,15
sa,1509,0.443359375,0.003780364990234375,,0.0011341094970703125,,2.5925231966539286e-05,0.3,0.07545,6.87999963760376,0.1453488448653888,14
sa,1510,0.55322265625,0.00916290283203125,,0.002748870849609375,,2.5910036129062064e-05,0.3,0.07550000000000001,30.95243263244629,0.03230763836480293,14
sa,1511,0.4609375,0.00939178466796875,,0.002817535400390625,,2.589482392068021e-05,0.3,0.07555,10.759519577026367,0.09294095269227368,16
sa,1512,0.51220703125,0.01337432861328125,,0.004012298583984375,,2.58795826084679e-05,0.3,0.0756,8.981619834899902,0.11133849109425646,15
sa,1513,0.53271484375,0.009550094604492188,,0.002865028381347656,,2.5864317649393342e-05,0.3,0.07565,8.700363159179688,0.11493773095493233,15
sa,1514,0.49658203125,0.0064239501953125,,0.00192718505859375,,2.5849032681435347e-05,0.3,0.0757,11.269388198852539,0.0887359617358661,15
sa,1515,0.35986328125,0.0038967132568359375,,0.0011690139770507812,,2.58337222476257e-05,0.3,0.07575,7.396395683288574,0.13520098745655282,14
sa,1516,0.54296875,0.0059967041015625,,0.0017990112304687499,,2.581838816695381e-05,0.3,0.0758,10.575003623962402,0.0945626153483345,15
sa,1517,0.54931640625,0.0088043212890625,,0.00264129638671875,,2.5803035896387883e-05,0.3,0.07585,10.656233787536621,0.09384178500002371,15
sa,1518,0.6064453125,0.006031036376953125,,0.0018093109130859373,,2.5787658159970306e-05,0.3,0.07590000000000001,10.35630989074707,0.09655948987133517,16
sa,1519,0.51513671875,0.01325225830078125,,0.003975677490234375,,2.5772256776690483e-05,0.3,0.07595,12.598986625671387,0.07937146293674321,16
sa,1520,0.62109375,0.007568359375,,0.0022705078124999997,,2.5756831746548414e-05,0.3,0.07600000000000001,8.825509071350098,0.11330791140946879,14
sa,1521,0.45849609375,0.0064258575439453125,,0.0019277572631835936,,2.5741384888533503e-05,0.3,0.07605,10.19843864440918,0.09805422524635216,16
sa,1522,0.5087890625,0.0069484710693359375,,0.002084541320800781,,2.5725914383656345e-05,0.3,0.0761,8.61670207977295,0.11605368164548983,15
sa,1523,0.509765625,0.019212722778320312,,0.005763816833496094,,2.5710422050906345e-05,0.3,0.07615,12.142202377319336,0.08235738204033892,15
sa,1524,0.55224609375,0.009674072265625,,0.0029022216796875,,2.5694907890283503e-05,0.3,0.0762,9.358000755310059,0.10686043164001294,15
sa,1525,0.40185546875,0.01010894775390625,,0.003032684326171875,,2.5679370082798414e-05,0.3,0.07625,10.63018798828125,0.09407171360491488,16
sa,1526,0.458984375,0.009115219116210938,,0.0027345657348632813,,2.5663810447440483e-05,0.3,0.0763,9.791512489318848,0.10212926767860003,14
sa,1527,0.3671875,0.0131072998046875,,0.00393218994140625,,2.5648225346230902e-05,0.3,0.07635,7.151328086853027,0.1398341661653583,15
sa,1528,0.3916015625,0.0123138427734375,,0.00369415283203125,,2.5632620236137882e-05,0.3,0.07640000000000001,8.18765640258789,0.12213507148198449,12
sa,1529,0.4814453125,0.012969970703125,,0.0038909912109375,,2.561699329817202e-05,0.3,0.07645,9.66226577758789,0.10349539362905438,16
sa,1530,0.78173828125,0.01079559326171875,,0.003238677978515625,,2.5601339075365104e-05,0.3,0.07650000000000001,12.757357597351074,0.07838613853762624,16
sa,1531,0.40869140625,0.006511688232421875,,0.0019535064697265626,,2.5585668481653556e-05,0.3,0.07655,8.330145835876465,0.1200459175268189,15
sa,1532,0.455078125,0.007884979248046875,,0.0023654937744140626,,2.556997242209036e-05,0.3,0.0766,12.460135459899902,0.08025594932079763,15
sa,1533,0.50439453125,0.00727081298828125,,0.002181243896484375,,2.555425453465432e-05,0.3,0.07665,12.053297996520996,0.08296484499832618,15
sa,1534,0.57861328125,0.02094268798828125,,0.006282806396484375,,2.5538514819345437e-05,0.3,0.0767,11.941913604736328,0.08373867313890013,16
sa,1535,0.564453125,0.0179443359375,,0.00538330078125,,2.552275145717431e-05,0.3,0.07675,10.622493743896484,0.09413985304294334,16
sa,1536,0.35693359375,0.0095062255859375,,0.00285186767578125,,2.5506964448140934e-05,0.3,0.07680000000000001,6.680756568908691,0.14968364580949714,16
sa,1537,0.41064453125,0.0141754150390625,,0.00425262451171875,,2.5491159249213524e-05,0.3,0.07685,10.060728073120117,0.09939638490694955,16
sa,1538,0.47119140625,0.008148193359375,,0.0024444580078125,,2.5475328584434465e-05,0.3,0.07690000000000001,9.499995231628418,0.10526321072990555,15
sa,1539,0.45849609375,0.0077056884765625,,0.00231170654296875,,2.5459477910771966e-05,0.3,0.07695,8.490453720092773,0.11777933582436077,15
sa,1540,0.39306640625,0.00899505615234375,,0.002698516845703125,,2.544360359024722e-05,0.3,0.07700000000000001,8.482710838317871,0.11788684290437287,16
sa,1541,0.49365234375,0.012115478515625,,0.0036346435546875,,2.5427709260839038e-05,0.3,0.07705000000000001,9.105624198913574,0.10982223493468067,16
sa,1542,0.4287109375,0.007049560546875,,0.0021148681640625,,2.5411789465579204e-05,0.3,0.0771,9.90461540222168,0.10096303181804439,16
sa,1543,0.427734375,0.00907135009765625,,0.002721405029296875,,2.5395851480425335e-05,0.3,0.07715,9.360238075256348,0.10683488945046017,16
sa,1544,0.3515625,0.01375579833984375,,0.004126739501953125,,2.537988984840922e-05,0.3,0.0772,9.028033256530762,0.11076609617898926,15
sa,1545,0.599609375,0.01795196533203125,,0.005385589599609375,,2.5363906388520263e-05,0.3,0.07725,8.141138076782227,0.12283294922265323,15
sa,1546,0.41650390625,0.00644683837890625,,0.001934051513671875,,2.534789928176906e-05,0.3,0.07730000000000001,10.184857368469238,0.09818497832830209,15
sa,1547,0.47119140625,0.00687408447265625,,0.002062225341796875,,2.533187398512382e-05,0.3,0.07735,9.38685417175293,0.10653196286027494,16
sa,1548,0.4345703125,0.0044498443603515625,,0.0013349533081054687,,2.5315825041616336e-05,0.3,0.07740000000000001,9.403998374938965,0.10633774700184274,14
sa,1549,0.37548828125,0.00909423828125,,0.0027282714843749997,,2.529975608922541e-05,0.3,0.07745,8.566441535949707,0.11673458527714523,16
sa,1550,0.39599609375,0.010059356689453125,,0.0030178070068359376,,2.5283661670982838e-05,0.3,0.07750000000000001,9.714337348937988,0.10294062930698245,16
sa,1551,0.4541015625,0.0030879974365234375,,0.0009263992309570312,,2.5267547243856825e-05,0.3,0.07755000000000001,7.278054237365723,0.13739936078876325,12
sa,1552,0.348388671875,0.0074005126953125,,0.00222015380859375,,2.525141098885797e-05,0.3,0.0776,6.9290313720703125,0.14432031640538118,15
sa,1553,0.38720703125,0.004955291748046875,,0.0014865875244140625,,2.5235252905986272e-05,0.3,0.07765,7.9845871925354,0.1252412899861468,15
sa,1554,0.36962890625,0.0119171142578125,,0.0035751342773437497,,2.5219074814231135e-05,0.3,0.0777,9.376371383666992,0.10665106565018667,16
sa,1555,0.43896484375,0.0059261322021484375,,0.001777839660644531,,2.5202873075613752e-05,0.3,0.07775,10.809412956237793,0.09251196193988773,14
sa,1556,0.36962890625,0.006961822509765625,,0.0020885467529296875,,2.518665132811293e-05,0.3,0.07780000000000001,9.917938232421875,0.10082740752820847,16
sa,1557,0.49462890625,0.009449005126953125,,0.0028347015380859376,,2.517040957172867e-05,0.3,0.07785,9.763214111328125,0.10242528624254113,16
sa,1558,0.4208984375,0.0077362060546875,,0.00232086181640625,,2.5154144168482162e-05,0.3,0.07790000000000001,7.229358673095703,0.13832485635572805,12
sa,1559,0.447265625,0.013214111328125,,0.0039642333984375,,2.5137858756352216e-05,0.3,0.07795,7.662180423736572,0.13051115279171874,15
sa,1560,0.38525390625,0.010467529296875,,0.0031402587890624997,,2.5121551516349427e-05,0.3,0.07800000000000001,6.480397701263428,0.15431151699301396,15
sa,1561,0.3544921875,0.0060882568359375,,0.0018264770507812498,,2.5105222448473796e-05,0.3,0.07805000000000001,8.515573501586914,0.11743190283233955,16
sa,1562,0.36083984375,0.0054264068603515625,,0.0016279220581054688,,2.5088873371714726e-05,0.3,0.0781,11.353723526000977,0.0880768320375176,16
sa,1563,0.375,0.00756072998046875,,0.002268218994140625,,2.5072502467082813e-05,0.3,0.07815,9.897619247436523,0.10103439776782677,16
sa,1564,0.3857421875,0.00856781005859375,,0.002570343017578125,,2.5056109734578058e-05,0.3,0.0782,7.399847030639648,0.1351379286435816,13
sa,1565,0.41650390625,0.0130767822265625,,0.0039230346679687495,,2.5039696993189864e-05,0.3,0.07825,12.03327751159668,0.08310287858285346,15
sa,1566,0.40185546875,0.006877899169921875,,0.0020633697509765624,,2.5023260604939424e-05,0.3,0.07830000000000001,9.521484375,0.10502564102564102,15
sa,1567,0.3740234375,0.00832366943359375,,0.002497100830078125,,2.5006806026794948e-05,0.3,0.07835,9.761785507202148,0.10244027583501092,16
sa,1568,0.38818359375,0.008716583251953125,,0.0026149749755859375,,2.499032962077763e-05,0.3,0.07840000000000001,10.030618667602539,0.09969474796503397,14
sa,1569,0.470703125,0.0151214599609375,,0.00453643798828125,,2.497383138688747e-05,0.3,0.07845,8.65298843383789,0.11556700990023934,16
sa,1570,0.37841796875,0.005771636962890625,,0.0017314910888671874,,2.4957314963103272e-05,0.3,0.07850000000000001,8.922249794006348,0.11207935476899164,16
sa,1571,0.4111328125,0.012359619140625,,0.0037078857421875,,2.4940773073467426e-05,0.3,0.07855000000000001,7.99841833114624,0.12502471846289284,16
sa,1572,0.343017578125,0.016284942626953125,,0.004885482788085938,,2.4924212993937545e-05,0.3,0.0786,8.523855209350586,0.11731780695934509,16
sa,1573,0.49755859375,0.0128173828125,,0.00384521484375,,2.4907634724513628e-05,0.3,0.07865,7.144059658050537,0.13997643466948298,14
sa,1574,0.37255859375,0.005428314208984375,,0.0016284942626953124,,2.489103098923806e-05,0.3,0.0787,7.133355140686035,0.1401864873229664,16
sa,1575,0.38134765625,0.00931549072265625,,0.002794647216796875,,2.4874410883057863e-05,0.3,0.07875,9.668330192565918,0.10343047662655447,15
sa,1576,0.37353515625,0.00534820556640625,,0.0016044616699218749,,2.4857767130015418e-05,0.3,0.07880000000000001,10.861578941345215,0.09206764554216362,15
sa,1577,0.37548828125,0.015869140625,,0.0047607421875,,2.4841105187078938e-05,0.3,0.07885,10.451864242553711,0.09567671152181645,15
sa,1578,0.35302734375,0.005706787109375,,0.0017120361328125,,2.4824417778290808e-05,0.3,0.07890000000000001,9.668610572814941,0.10342747724390534,16
sa,1579,0.43994140625,0.00827789306640625,,0.002483367919921875,,2.4807712179608643e-05,0.3,0.07895,9.44879150390625,0.10583364016303962,16
sa,1580,0.3876953125,0.012142181396484375,,0.0036426544189453124,,2.4790990210021846e-05,0.3,0.07900000000000001,9.679059028625488,0.10331582822695201,16
sa,1581,0.42236328125,0.00638580322265625,,0.001915740966796875,,2.47742427745834e-05,0.3,0.07905000000000001,10.667083740234375,0.09374633445767139,15
sa,1582,0.5126953125,0.00643157958984375,,0.0019294738769531248,,2.4757477149250917e-05,0.3,0.0791,13.64200210571289,0.07330302343093964,16
sa,1583,0.35400390625,0.00499725341796875,,0.001499176025390625,,2.4740691515034996e-05,0.3,0.07915,9.141714096069336,0.10938867585346715,16
sa,1584,0.40771484375,0.012157440185546875,,0.003647232055664062,,2.4723884052946232e-05,0.3,0.0792,8.494732856750488,0.11772000566272457,12
sa,1585,0.41064453125,0.004978179931640625,,0.0014934539794921875,,2.470705658197403e-05,0.3,0.07925,8.316765785217285,0.12023904794547173,14
sa,1586,0.4228515625,0.008632659912109375,,0.0025897979736328124,,2.469021092110779e-05,0.3,0.07930000000000001,9.13768196105957,0.10943694519698996,15
sa,1587,0.3828125,0.00681304931640625,,0.002043914794921875,,2.4673341613379307e-05,0.3,0.07935,10.357528686523438,0.09654812747959239,16
sa,1588,0.361328125,0.008098602294921875,,0.0024295806884765624,,2.465645593474619e-05,0.3,0.07940000000000001,10.009532928466797,0.09990476150550756,15
sa,1589,0.315673828125,0.00887298583984375,,0.002661895751953125,,2.463954660925083e-05,0.3,0.07945,8.260184288024902,0.12106267428557706,15
sa,1590,0.41455078125,0.00737762451171875,,0.0022132873535156247,,2.462261909386143e-05,0.3,0.07950000000000002,10.786531448364258,0.09270820789676988,16
sa,1591,0.482421875,0.0059261322021484375,,0.001777839660644531,,2.4605673388577998e-05,0.3,0.07955000000000001,10.688199043273926,0.09356113185684908,16
sa,1592,0.38427734375,0.00737762451171875,,0.0022132873535156247,,2.458870403643232e-05,0.3,0.0796,9.252453804016113,0.10807943721544881,15
sa,1593,0.458984375,0.014865875244140625,,0.004459762573242187,,2.4571716494392604e-05,0.3,0.07965,10.204072952270508,0.09800008336646496,16
sa,1594,0.455078125,0.007465362548828125,,0.0022396087646484376,,2.455470894346945e-05,0.3,0.07970000000000001,10.453240394592285,0.09566411583888612,14
sa,1595,0.43994140625,0.006870269775390625,,0.0020610809326171873,,2.4537681383662857e-05,0.3,0.07975,9.16895580291748,0.1090636732791109,15
sa,1596,0.27880859375,0.00394439697265625,,0.001183319091796875,,2.4520631995983422e-05,0.3,0.07980000000000001,10.37468147277832,0.09638850143243982,16
sa,1597,0.3486328125,0.0044403076171875,,0.00133209228515625,,2.4503566237399355e-05,0.3,0.07985,5.215634822845459,0.19173121469697466,14
sa,1598,0.423828125,0.004306793212890625,,0.0012920379638671875,,2.4486478650942445e-05,0.3,0.07990000000000001,8.955646514892578,0.11166139690050003,13
sa,1599,0.3662109375,0.0048542022705078125,,0.0014562606811523438,,2.44693728745915e-05,0.3,0.07995000000000001,9.714082717895508,0.10294332764510816,16
sa,1600,0.3310546875,0.007960319519042969,,0.0023880958557128905,,2.4452245270367712e-05,0.3,0.08000000000000002,8.277088165283203,0.12081543412746586,16
sa,1601,0.3544921875,0.005870819091796875,,0.0017612457275390625,,2.4435101295239292e-05,0.3,0.08005000000000001,6.933791160583496,0.144221245901477,16
sa,1602,0.5087890625,0.008060455322265625,,0.0024181365966796874,,2.4417933673248626e-05,0.3,0.0801,10.476101875305176,0.09545535275456352,15
sa,1603,0.4296875,0.00508880615234375,,0.001526641845703125,,2.4400747861363925e-05,0.3,0.08015,7.307564735412598,0.13684449419298073,14
sa,1604,0.3818359375,0.0060329437255859375,,0.0018098831176757812,,2.438354385958519e-05,0.3,0.08020000000000001,7.233704090118408,0.1382417621099609,13
sa,1605,0.311279296875,0.009082794189453125,,0.0027248382568359373,,2.4366321667912416e-05,0.3,0.08025,7.209883689880371,0.13869849265440679,16
sa,1606,0.281005859375,0.006000518798828125,,0.0018001556396484374,,2.4349075829377398e-05,0.3,0.08030000000000001,8.092655181884766,0.12356883835091337,16
sa,1607,0.289306640625,0.00811004638671875,,0.002433013916015625,,2.4331813619937748e-05,0.3,0.08035,9.530426025390625,0.10492710371349982,16
sa,1608,0.339599609375,0.006988525390625,,0.0020965576171875,,2.431453140161466e-05,0.3,0.08040000000000001,8.935275077819824,0.11191597251239818,16
sa,1609,0.45947265625,0.0081329345703125,,0.00243988037109375,,2.429722917440813e-05,0.3,0.08045000000000001,8.194356918334961,0.12203520178166627,15
sa,1610,0.434326171875,0.00939178466796875,,0.002817535400390625,,2.427991057629697e-05,0.3,0.08050000000000002,5.884945869445801,0.16992509738992254,15
sa,1611,0.30419921875,0.010467529296875,,0.0031402587890624997,,2.4262570150312968e-05,0.3,0.08055000000000001,6.359541416168213,0.15724404238608225,16
sa,1612,0.358154296875,0.04537391662597656,,0.013612174987792968,,2.4245209715445526e-05,0.3,0.0806,9.875664710998535,0.1012590067872899,15
sa,1613,0.36572265625,0.0066375732421875,,0.00199127197265625,,2.422783109068405e-05,0.3,0.08065,10.807063102722168,0.09253207744739754,16
sa,1614,0.36669921875,0.0072078704833984375,,0.0021623611450195313,,2.4210434276028536e-05,0.3,0.08070000000000001,13.751777648925781,0.0727178715020974,16
sa,1615,0.35205078125,0.0054779052734375,,0.00164337158203125,,2.4193019271478988e-05,0.3,0.08075,8.499918937683105,0.11764818080401346,16
sa,1616,0.35205078125,0.0079498291015625,,0.0023849487304687497,,2.4175584258046e-05,0.3,0.08080000000000001,8.29610538482666,0.12053848807525655,16
sa,1617,0.3505859375,0.0055828094482421875,,0.0016748428344726563,,2.4158129235729575e-05,0.3,0.08085,6.158679962158203,0.1623724574331619,16
sa,1618,0.34423828125,0.01314544677734375,,0.003943634033203125,,2.4140656023519114e-05,0.3,0.08090000000000001,6.769921779632568,0.1477121941066613,14
sa,1619,0.35791015625,0.006228446960449219,,0.0018685340881347656,,2.4123164621414617e-05,0.3,0.08095000000000001,8.11453914642334,0.12323558762308416,13
sa,1620,0.38525390625,0.007843017578125,,0.0023529052734375,,2.410565321042668e-05,0.3,0.08100000000000002,10.504530906677246,0.09519701630506376,15
sa,1621,0.316650390625,0.007659912109375,,0.0022979736328125,,2.4088125428534113e-05,0.3,0.08105000000000001,9.478860855102539,0.10549790900893885,16
sa,1622,0.3349609375,0.011051177978515625,,0.0033153533935546876,,2.4070575818768702e-05,0.3,0.0811,9.444491386413574,0.10588182667396527,15
sa,1623,0.33251953125,0.006064414978027344,,0.001819324493408203,,2.4053008019109257e-05,0.3,0.08115,6.016366958618164,0.1662132657263445,14
sa,1624,0.343017578125,0.00641632080078125,,0.0019248962402343749,,2.403542384854518e-05,0.3,0.08120000000000001,7.786466598510742,0.1284279573216512,15
sa,1625,0.35009765625,0.004802703857421875,,0.0014408111572265625,,2.401781785010826e-05,0.3,0.08125,21.488983154296875,0.046535473215262066,16
sa,1626,0.3828125,0.009124755859375,,0.0027374267578125,,2.400019729975611e-05,0.3,0.0813,9.0560302734375,0.11042365913165379,16
sa,1627,0.3701171875,0.00727081298828125,,0.002181243896484375,,2.398255492153112e-05,0.3,0.08135,8.482108116149902,0.11789521971501445,16
sa,1628,0.43701171875,0.009944915771484375,,0.0029834747314453126,,2.3964894353412092e-05,0.3,0.0814,9.067283630371094,0.11028661292236133,15
sa,1629,0.34375,0.005123138427734375,,0.0015369415283203124,,2.3947217414388433e-05,0.3,0.08145000000000001,9.270540237426758,0.1078685787871163,15
sa,1630,0.322265625,0.004367828369140625,,0.0013103485107421875,,2.3929520466481335e-05,0.3,0.0815,7.207405090332031,0.13874619054524823,15
sa,1631,0.29736328125,0.007236480712890625,,0.0021709442138671876,,2.3911807147669606e-05,0.3,0.08155000000000001,9.464213371276855,0.10566118501035929,16
sa,1632,0.337890625,0.010986328125,,0.0032958984375,,2.3894073819974437e-05,0.3,0.0816,7.808241367340088,0.12806981149209204,16
sa,1633,0.32470703125,0.006927490234375,,0.0020782470703125,,2.3876322302385233e-05,0.3,0.08165,9.505404472351074,0.10520330859236537,16
sa,1634,0.3154296875,0.003879547119140625,,0.0011638641357421874,,2.3858552594901994e-05,0.3,0.0817,9.062925338745117,0.11033964891279391,15
sa,1635,0.30712890625,0.003032684326171875,,0.0009098052978515625,,2.3840766516514122e-05,0.3,0.08175,9.231582641601562,0.10832378789456547,15
sa,1636,0.4404296875,0.003086090087890625,,0.0009258270263671875,,2.3822960429242812e-05,0.3,0.0818,9.9642972946167,0.10035830630427486,14
sa,1637,0.4140625,0.0093536376953125,,0.00280609130859375,,2.3805136152077466e-05,0.3,0.08185,9.082489967346191,0.11010196582602882,15
sa,1638,0.28759765625,0.007343292236328125,,0.0022029876708984375,,2.378729186602868e-05,0.3,0.0819,9.820255279541016,0.10183034672055272,15
sa,1639,0.3095703125,0.004436492919921875,,0.0013309478759765624,,2.3769433028064668e-05,0.3,0.08195000000000001,20.735946655273438,0.04822543270507914,15
sa,1640,0.333740234375,0.00928497314453125,,0.0027854919433593747,,2.375155600020662e-05,0.3,0.082,7.861815452575684,0.12719708393465032,14
sa,1641,0.4677734375,0.008563995361328125,,0.0025691986083984375,,2.3733660782454535e-05,0.3,0.08205000000000001,12.155571937561035,0.08226679954975824,15
sa,1642,0.40576171875,0.01560211181640625,,0.004680633544921875,,2.3715745555819012e-05,0.3,0.0821,7.926117420196533,0.12616517608632707,16
sa,1643,0.35546875,0.00806427001953125,,0.0024192810058593747,,2.369781577726826e-05,0.3,0.08215,9.140695571899414,0.1094008647519373,16
sa,1644,0.37255859375,0.006130218505859375,,0.0018390655517578124,,2.367986598983407e-05,0.3,0.0822,9.783597946166992,0.10221188621020337,15
sa,1645,0.326904296875,0.0066070556640625,,0.00198211669921875,,2.3661899831495248e-05,0.3,0.08225,9.421377182006836,0.10614159487318087,15
sa,1646,0.3837890625,0.0083465576171875,,0.00250396728515625,,2.3643913664272986e-05,0.3,0.0823,10.486322402954102,0.0953623168898841,16
sa,1647,0.38525390625,0.00588226318359375,,0.0017646789550781249,,2.3625912945135497e-05,0.3,0.08235,9.525291442871094,0.10498366438419254,16
sa,1648,0.3427734375,0.00934600830078125,,0.002803802490234375,,2.3607892217114568e-05,0.3,0.0824,8.1434907913208,0.12279746187786983,16
sa,1649,0.302734375,0.009185791015625,,0.0027557373046875,,2.358985693717841e-05,0.3,0.08245000000000001,8.429764747619629,0.11862727252055011,15
sa,1650,0.243896484375,0.004428863525390625,,0.0013286590576171875,,2.3571801648358814e-05,0.3,0.0825,5.854489803314209,0.17080907706661355,14
sa,1651,0.3359375,0.006008148193359375,,0.0018024444580078125,,2.3553728169645183e-05,0.3,0.08255000000000001,8.04118824005127,0.12435973019748933,16
sa,1652,0.38720703125,0.01313018798828125,,0.003939056396484375,,2.353563832002692e-05,0.3,0.0826,8.22339916229248,0.12160421502891326,14
sa,1653,0.3056640625,0.0044403076171875,,0.00133209228515625,,2.3517532099504024e-05,0.3,0.08265,9.981322288513184,0.1001871266245787,15
sa,1654,0.27392578125,0.009552001953125,,0.0028656005859374997,,2.3499409508076496e-05,0.3,0.0827,7.22102689743042,0.13848445854091015,16
sa,1655,0.3125,0.004703521728515625,,0.0014110565185546874,,2.348126690776553e-05,0.3,0.08275,7.005847454071045,0.14273790666379804,16
sa,1656,0.2939453125,0.00757598876953125,,0.002272796630859375,,2.3463107936549932e-05,0.3,0.0828,7.94325065612793,0.12589304345174307,16
sa,1657,0.39013671875,0.003353118896484375,,0.0010059356689453125,,2.34449325944297e-05,0.3,0.08285000000000001,6.276782512664795,0.15931729321229135,14
sa,1658,0.3134765625,0.00677490234375,,0.002032470703125,,2.342674088140484e-05,0.3,0.0829,9.35163402557373,0.10693318379069579,15
sa,1659,0.2568359375,0.00537109375,,0.001611328125,,2.340852915949654e-05,0.3,0.08295000000000001,9.213562965393066,0.10853564508714879,16
sa,1660,0.353515625,0.008312225341796875,,0.0024936676025390622,,2.3390301066683605e-05,0.3,0.083,7.520294189453125,0.13297352135538196,15
sa,1661,0.386962890625,0.00600433349609375,,0.001801300048828125,,2.337205660296604e-05,0.3,0.08305000000000001,7.30589485168457,0.13687577227715275,15
sa,1662,0.262939453125,0.02507781982421875,,0.007523345947265624,,2.3353795768343844e-05,0.3,0.08310000000000001,9.616547584533691,0.10398742284687507,16
sa,1663,0.35986328125,0.00853729248046875,,0.002561187744140625,,2.3335518562817015e-05,0.3,0.08315,10.023889541625977,0.09976167393378817,14
sa,1664,0.3349609375,0.01351165771484375,,0.004053497314453125,,2.331722316739615e-05,0.3,0.0832,9.8848237991333,0.10116518213381606,16
sa,1665,0.2529296875,0.006977081298828125,,0.0020931243896484372,,2.3298911401070654e-05,0.3,0.08325,7.424917221069336,0.13468163620226598,15
sa,1666,0.29638671875,0.005382537841796875,,0.0016147613525390625,,2.3280583263840526e-05,0.3,0.0833,6.2525315284729,0.15993521911024045,15
sa,1667,0.29150390625,0.00370025634765625,,0.001110076904296875,,2.3262236936716363e-05,0.3,0.08335000000000001,6.623751163482666,0.15097185496838855,13
sa,1668,0.34130859375,0.004070281982421875,,0.0012210845947265624,,2.324387605767697e-05,0.3,0.0834,10.20012092590332,0.09803805339802285,15
sa,1669,0.31640625,0.006744384765625,,0.0020233154296875,,2.322549516975414e-05,0.3,0.08345000000000001,7.866279602050781,0.12712489901061927,16
sa,1670,0.229248046875,0.00855255126953125,,0.002565765380859375,,2.3207103367894888e-05,0.3,0.0835,7.595434665679932,0.13165803459787664,16
sa,1671,0.3271484375,0.0040435791015625,,0.00121307373046875,,2.3188689738162793e-05,0.3,0.08355000000000001,9.254913330078125,0.10805071472144824,15
sa,1672,0.285888671875,0.005718231201171875,,0.0017154693603515625,,2.317026155651547e-05,0.3,0.08360000000000001,9.030054092407227,0.11074130783345291,16
sa,1673,0.32177734375,0.005706787109375,,0.0017120361328125,,2.3151817003963515e-05,0.3,0.08365,8.407511711120605,0.11894125567226999,16
sa,1674,0.29345703125,0.003528594970703125,,0.0010585784912109375,,2.3133356080506928e-05,0.3,0.0837,8.488686561584473,0.11780385490088623,15
sa,1675,0.4306640625,0.01163482666015625,,0.003490447998046875,,2.311487878614571e-05,0.3,0.08375,12.491944313049316,0.08005158964368593,16
sa,1676,0.44970703125,0.0060577392578125,,0.00181732177734375,,2.3096386939869262e-05,0.3,0.0838,10.349449157714844,0.09662349993328531,14
sa,1677,0.4208984375,0.00571441650390625,,0.001714324951171875,,2.3077875084709376e-05,0.3,0.08385000000000001,11.040289878845215,0.09057733184308357,16
sa,1678,0.300048828125,0.0064239501953125,,0.00192718505859375,,2.305934867763426e-05,0.3,0.0839,7.8219313621521,0.12784566288048627,14
sa,1679,0.376953125,0.007282257080078125,,0.0021846771240234372,,2.3040805899654515e-05,0.3,0.08395000000000001,8.946382522583008,0.11177702244183485,15
sa,1680,0.31640625,0.011962890625,,0.0035888671875,,2.302224856975954e-05,0.3,0.084,8.65125846862793,0.11559011947525338,16
sa,1681,0.360595703125,0.0059967041015625,,0.0017990112304687499,,2.300367304997053e-05,0.3,0.08405000000000001,8.882750511169434,0.11257774252947557,16
sa,1682,0.34814453125,0.00313568115234375,,0.000940704345703125,,2.2985084797255695e-05,0.3,0.08410000000000001,8.958640098571777,0.11162408457053924,14
sa,1683,0.302001953125,0.0082550048828125,,0.0024765014648437497,,2.296647653565742e-05,0.3,0.08415,8.264789581298828,0.12099521592936284,16
sa,1684,0.29296875,0.00586700439453125,,0.001760101318359375,,2.2947853722143918e-05,0.3,0.0842,8.042451858520508,0.1243401909755367,15
sa,1685,0.317626953125,0.005535125732421875,,0.0016605377197265625,,2.2929214537725784e-05,0.3,0.08425,9.45887565612793,0.10572081041705525,15
sa,1686,0.37109375,0.0051479339599609375,,0.0015443801879882811,,2.291056080139242e-05,0.3,0.0843,7.1512980461120605,0.13983475357227895,15
sa,1687,0.277587890625,0.005153656005859375,,0.0015460968017578125,,2.2891890694154426e-05,0.3,0.08435000000000001,6.389208793640137,0.15651390215880986,16
sa,1688,0.27734375,0.00533294677734375,,0.001599884033203125,,2.2873206035001203e-05,0.3,0.0844,7.289144992828369,0.13719030160380652,16
sa,1689,0.228759765625,0.00496673583984375,,0.0014900207519531249,,2.285450136696454e-05,0.3,0.08445000000000001,6.531415939331055,0.15310615788196452,16
sa,1690,0.2333984375,0.01141357421875,,0.003424072265625,,2.2835785784991458e-05,0.3,0.0845,7.096014499664307,0.14092417652857211,14
sa,1691,0.231201171875,0.004166603088378906,,0.001249980926513672,,2.2817050194134936e-05,0.3,0.08455000000000001,8.19212532043457,0.12206844510857076,15
sa,1692,0.3642578125,0.008815765380859375,,0.0026447296142578123,,2.279830187035259e-05,0.3,0.08460000000000001,12.396073341369629,0.0806707069619121,16
sa,1693,0.30224609375,0.00801849365234375,,0.002405548095703125,,2.277953717566561e-05,0.3,0.08465,9.826604843139648,0.10176454797591059,16
sa,1694,0.28515625,0.011096954345703125,,0.0033290863037109372,,2.2760757929063402e-05,0.3,0.0847,10.5723295211792,0.09458653345951173,16
sa,1695,0.21875,0.00791168212890625,,0.0023735046386718747,,2.274196594953537e-05,0.3,0.08475,5.275306701660156,0.18956243808256623,16
sa,1696,0.32666015625,0.0056133270263671875,,0.0016839981079101562,,2.27231539611239e-05,0.3,0.0848,11.288378715515137,0.0885866806209793,14
sa,1697,0.319580078125,0.0042057037353515625,,0.0012617111206054688,,2.27043274207972e-05,0.3,0.08485000000000001,9.034271240234375,0.11068961440370227,14
sa,1698,0.327392578125,0.007659912109375,,0.0022979736328125,,2.2685484509565867e-05,0.3,0.0849,5.201693534851074,0.19224508197187173,14
sa,1699,0.37939453125,0.008396148681640625,,0.0025188446044921873,,2.266662886540871e-05,0.3,0.08495000000000001,11.839797973632812,0.08446090061899675,16
sa,1700,0.412353515625,0.02777862548828125,,0.008333587646484375,,2.2647758669336326e-05,0.3,0.085,48.90576934814453,0.02044748530344794,16
sa,1701,0.30859375,0.0070953369140625,,0.00212860107421875,,2.2628870283369906e-05,0.3,0.08505000000000001,9.311561584472656,0.10739337230691078,15
sa,1702,0.323974609375,0.013946533203125,,0.0041839599609375,,2.2609967345488258e-05,0.3,0.08510000000000001,10.340270042419434,0.09670927315221434,15
sa,1703,0.404296875,0.003520965576171875,,0.0010562896728515624,,2.2591051674680784e-05,0.3,0.08515,10.191401481628418,0.09812193168943988,14
sa,1704,0.2890625,0.043872833251953125,,0.013161849975585936,,2.2572117813979276e-05,0.3,0.0852,12.605337142944336,0.07933147591849507,16
sa,1705,0.226318359375,0.00469207763671875,,0.001407623291015625,,2.2553171220351942e-05,0.3,0.08525,6.437869548797607,0.1553308889563891,15
sa,1706,0.3134765625,0.00762939453125,,0.002288818359375,,2.253421007480938e-05,0.3,0.0853,10.480716705322266,0.09541332221032031,16
sa,1707,0.283447265625,0.004786491394042969,,0.0014359474182128907,,2.251523437735159e-05,0.3,0.08535000000000001,5.384359836578369,0.18572309993224298,13
sa,1708,0.35693359375,0.004161834716796875,,0.0012485504150390625,,2.2496242308989167e-05,0.3,0.0854,11.83421802520752,0.08450072475172811,16
sa,1709,0.275634765625,0.005123138427734375,,0.0015369415283203124,,2.2477233869722113e-05,0.3,0.08545000000000001,10.899230003356934,0.09174960063160449,15
sa,1710,0.35498046875,0.0062255859375,,0.0018676757812499999,,2.2458212697529234e-05,0.3,0.0855,8.842690467834473,0.1130877535109396,15
sa,1711,0.3447265625,0.007137298583984375,,0.0021411895751953123,,2.2439176973421127e-05,0.3,0.08555000000000001,8.73974895477295,0.11441976253263891,16
sa,1712,0.3671875,0.00556182861328125,,0.001668548583984375,,2.2420128516387194e-05,0.3,0.08560000000000001,11.839741706848145,0.08446130200810012,16
sa,1713,0.213623046875,0.006072998046875,,0.0018218994140624999,,2.240106368844863e-05,0.3,0.08565,7.506633758544922,0.13321550406820953,16
sa,1714,0.261474609375,0.003955841064453125,,0.0011867523193359374,,2.2381982489605434e-05,0.3,0.0857,7.261188983917236,0.13771849241424428,15
sa,1715,0.341064453125,0.0037994384765625,,0.00113983154296875,,2.2362888557836413e-05,0.3,0.08575,9.975628852844238,0.10024430687543887,14
sa,1716,0.244384765625,0.005576133728027344,,0.001672840118408203,,2.234377825516276e-05,0.3,0.0858,7.234655380249023,0.1382235845994891,15
sa,1717,0.35009765625,0.0063838958740234375,,0.001915168762207031,,2.2324655219563283e-05,0.3,0.08585000000000001,7.808482646942139,0.1280658541761129,14
sa,1718,0.27001953125,0.008543014526367188,,0.0025629043579101563,,2.230551945103798e-05,0.3,0.0859,6.984358310699463,0.14317707590518117,16
sa,1719,0.397705078125,0.0026531219482421875,,0.0007959365844726563,,2.2286367311608046e-05,0.3,0.08595000000000001,8.69996166229248,0.11494303524740997,15
sa,1720,0.302001953125,0.005168914794921875,,0.0015506744384765625,,2.2267202439252287e-05,0.3,0.08600000000000001,7.204580307006836,0.1388005903726893,16
sa,1721,0.296630859375,0.00576019287109375,,0.001728057861328125,,2.224801755801309e-05,0.3,0.08605000000000002,8.113378524780273,0.12325321651710833,16
sa,1722,0.24755859375,0.004589080810546875,,0.0013767242431640624,,2.2228825400816277e-05,0.3,0.08610000000000001,8.028061866760254,0.12456306597990291,16
sa,1723,0.38232421875,0.00640869140625,,0.001922607421875,,2.2209616872714832e-05,0.3,0.08615,7.929059982299805,0.12611835479014152,15
sa,1724,0.326171875,0.029577255249023438,,0.00887317657470703,,2.219039379269816e-05,0.3,0.0862,9.11139965057373,0.10975262180899195,16
sa,1725,0.3212890625,0.0083465576171875,,0.00250396728515625,,2.217115616076626e-05,0.3,0.08625000000000001,7.118236064910889,0.1404842422871401,16
sa,1726,0.269287109375,0.0074310302734375,,0.00222930908203125,,2.2151905795908533e-05,0.3,0.0863,9.199724197387695,0.10869891080908216,16
sa,1727,0.35595703125,0.0099639892578125,,0.00298919677734375,,2.213264087913558e-05,0.3,0.08635000000000001,16.862558364868164,0.059302982285500794,15
sa,1728,0.32080078125,0.0097503662109375,,0.00292510986328125,,2.2113361410447396e-05,0.3,0.0864,7.821622848510742,0.12785070558476272,15
sa,1729,0.2958984375,0.006011962890625,,0.0018035888671874998,,2.209406920883339e-05,0.3,0.08645000000000001,8.005566596984863,0.12491308240151672,16
sa,1730,0.3720703125,0.0081939697265625,,0.00245819091796875,,2.2074762455304153e-05,0.3,0.08650000000000001,8.336433410644531,0.11995537548745142,16
sa,1731,0.349609375,0.0047760009765625,,0.0014328002929687499,,2.2055442968849093e-05,0.3,0.08655000000000002,8.015735626220703,0.12475461350407395,14
sa,1732,0.31982421875,0.00933074951171875,,0.002799224853515625,,2.20361071114894e-05,0.3,0.08660000000000001,8.360100746154785,0.11961578339351334,14
sa,1733,0.39990234375,0.0062236785888671875,,0.0018671035766601562,,2.2016760340193287e-05,0.3,0.08665,10.342341423034668,0.09668990406493255,14
sa,1734,0.35791015625,0.0044841766357421875,,0.0013452529907226562,,2.1997399016981944e-05,0.3,0.0867,17.225980758666992,0.05805184703325905,15
sa,1735,0.260498046875,0.005527496337890625,,0.0016582489013671875,,2.197802677983418e-05,0.3,0.08675000000000001,7.14467191696167,0.13996443946235926,16
sa,1736,0.26416015625,0.00914764404296875,,0.002744293212890625,,2.1958638171781786e-05,0.3,0.0868,6.312071800231934,0.15842658823419206,16
sa,1737,0.278564453125,0.004749298095703125,,0.0014247894287109375,,2.1939236830803566e-05,0.3,0.08685000000000001,8.257012367248535,0.12110918035759557,16
sa,1738,0.35595703125,0.008521080017089844,,0.002556324005126953,,2.1919820937910117e-05,0.3,0.0869,9.523823738098145,0.10499984328770184,13
sa,1739,0.250732421875,0.00702667236328125,,0.002108001708984375,,2.1900392312090844e-05,0.3,0.08695000000000001,6.626477241516113,0.15090974639357604,16
sa,1740,0.197998046875,0.004627227783203125,,0.0013881683349609374,,2.1880949134356342e-05,0.3,0.08700000000000001,5.679669380187988,0.17606658646156997,16
sa,1741,0.246337890625,0.0071563720703125,,0.00214691162109375,,2.1861496861674823e-05,0.3,0.08705000000000002,8.664066314697266,0.11541924584575868,16
sa,1742,0.252197265625,0.00363922119140625,,0.001091766357421875,,2.184202821808867e-05,0.3,0.08710000000000001,8.315970420837402,0.12025054796903689,16
sa,1743,0.2958984375,0.0025501251220703125,,0.0007650375366210937,,2.1822545022587292e-05,0.3,0.08715,8.155172348022461,0.12262156547096015,16
sa,1744,0.299560546875,0.00537109375,,0.001611328125,,2.1803052732138894e-05,0.3,0.0872,8.87622356414795,0.11266052423905937,16
sa,1745,0.32177734375,0.010622024536132812,,0.003186607360839844,,2.1783544070785865e-05,0.3,0.08725000000000001,9.007686614990234,0.11101629560866824,16
sa,1746,0.35986328125,0.004535675048828125,,0.0013607025146484375,,2.176402267650701e-05,0.3,0.0873,9.600281715393066,0.10416360994871668,16
sa,1747,0.264404296875,0.0074615478515625,,0.00223846435546875,,2.1744488549302332e-05,0.3,0.08735000000000001,6.230166912078857,0.16050934334700256,16
sa,1748,0.31884765625,0.004894256591796875,,0.0014682769775390624,,2.172494168917183e-05,0.3,0.0874,12.062568664550781,0.08290108249818952,14
sa,1749,0.42138671875,0.005645751953125,,0.0016937255859375,,2.17053820961155e-05,0.3,0.08745000000000001,8.822776794433594,0.11334300110945945,14
sa,1750,0.28662109375,0.003055572509765625,,0.0009166717529296874,,2.1685809770133346e-05,0.3,0.08750000000000001,7.940075874328613,0.1259433808728631,16
sa,1751,0.29296875,0.0085601806640625,,0.0025680541992187497,,2.1666224711225368e-05,0.3,0.08755,9.487018585205078,0.10540719310484868,15
sa,1752,0.271728515625,0.0039825439453125,,0.00119476318359375,,2.1646626919391565e-05,0.3,0.08760000000000001,9.346355438232422,0.10699357697326345,15
sa,1753,0.2431640625,0.0028781890869140625,,0.0008634567260742187,,2.162701821362134e-05,0.3,0.08765,6.844185829162598,0.14610941680441666,14
sa,1754,0.286376953125,0.007889747619628906,,0.002366924285888672,,2.1607394955935888e-05,0.3,0.0877,7.281928062438965,0.13732626736016754,16
sa,1755,0.352294921875,0.0081329345703125,,0.00243988037109375,,2.1587757146335207e-05,0.3,0.08775,9.973793983459473,0.100262748725149,14
sa,1756,0.262939453125,0.004940032958984375,,0.0014820098876953125,,2.1568108422798105e-05,0.3,0.0878,6.390038013458252,0.15649359172729016,15
sa,1757,0.292724609375,0.0049591064453125,,0.00148773193359375,,2.1548446966335177e-05,0.3,0.08785,8.384923934936523,0.1192616662666923,16
sa,1758,0.29736328125,0.00334930419921875,,0.001004791259765625,,2.1528772776946425e-05,0.3,0.0879,13.336359024047852,0.07498298435103766,15
sa,1759,0.255615234375,0.004909515380859375,,0.0014728546142578124,,2.1509089492610656e-05,0.3,0.08795,6.412055492401123,0.15595622982132518,16
sa,1760,0.2919921875,0.0044384002685546875,,0.0013315200805664063,,2.1489391656359658e-05,0.3,0.08800000000000001,8.484922409057617,0.11785611603619432,16
sa,1761,0.267822265625,0.004909515380859375,,0.0014728546142578124,,2.1469681087182835e-05,0.3,0.08805,9.746464729309082,0.10260130496269586,16
sa,1762,0.275634765625,0.005359649658203125,,0.0016078948974609375,,2.1449955966090783e-05,0.3,0.08810000000000001,7.806382656097412,0.12810030510340403,14
sa,1763,0.3564453125,0.0031714439392089844,,0.0009514331817626953,,2.1430223569041118e-05,0.3,0.08815,9.486016273498535,0.10541833064252062,13
sa,1764,0.25390625,0.00417327880859375,,0.001251983642578125,,2.1410476620076224e-05,0.3,0.0882,7.463118553161621,0.1339922437084116,15
sa,1765,0.28466796875,0.004940032958984375,,0.0014820098876953125,,2.1390716938185506e-05,0.3,0.08825,6.091395854949951,0.164165984909253,15
sa,1766,0.2626953125,0.00630950927734375,,0.001892852783203125,,2.1370944523368962e-05,0.3,0.0883,6.587546348571777,0.15180158849535935,14
sa,1767,0.263427734375,0.006420135498046875,,0.0019260406494140624,,2.13511630136054e-05,0.3,0.08835,6.852015018463135,0.1459424705441311,16
sa,1768,0.322998046875,0.008060455322265625,,0.0024181365966796874,,2.133136695192661e-05,0.3,0.0884,11.011184692382812,0.09081674932687017,16
sa,1769,0.3515625,0.0064334869384765625,,0.0019300460815429687,,2.13115599763114e-05,0.3,0.08845,12.718490600585938,0.07862568219800628,15
sa,1770,0.31591796875,0.006496429443359375,,0.0019489288330078124,,2.129174208675977e-05,0.3,0.08850000000000001,8.337708473205566,0.11993703104559782,14
sa,1771,0.271484375,0.00701904296875,,0.002105712890625,,2.127191146428231e-05,0.3,0.08855,5.906216621398926,0.16931312616893884,16
sa,1772,0.242919921875,0.006587982177734375,,0.0019763946533203126,,2.125206810887903e-05,0.3,0.08860000000000001,7.548623561859131,0.13247448250733973,15
sa,1773,0.28076171875,0.0063934326171875,,0.0019180297851562498,,2.1232212020549923e-05,0.3,0.08865,7.592579364776611,0.13170754653407854,16
sa,1774,0.3037109375,0.005794525146484375,,0.0017383575439453125,,2.12123468372738e-05,0.3,0.0887,29.858919143676758,0.03349083050153778,14
sa,1775,0.27294921875,0.0057373046875,,0.00172119140625,,2.1192467102082446e-05,0.3,0.08875,6.70369291305542,0.149171510832858,15
sa,1776,0.302978515625,0.0033721923828125,,0.00101165771484375,,2.1172578271944076e-05,0.3,0.0888,9.223864555358887,0.10841442803049611,15
sa,1777,0.26416015625,0.0030956268310546875,,0.0009286880493164062,,2.1152678527869284e-05,0.3,0.08885,8.299064636230469,0.12049550688331687,15
sa,1778,0.26513671875,0.01239013671875,,0.003717041015625,,2.1132766050868668e-05,0.3,0.0889,10.021754264831543,0.09978292957244139,16
sa,1779,0.224609375,0.0055084228515625,,0.00165252685546875,,2.1112840840942226e-05,0.3,0.08895,7.203091621398926,0.13882927672739892,16
sa,1780,0.23583984375,0.003833770751953125,,0.0011501312255859375,,2.1092906536068767e-05,0.3,0.08900000000000001,6.958982467651367,0.143699169332366,13
sa,1781,0.2509765625,0.0044708251953125,,0.0013412475585937499,,2.1072959498269483e-05,0.3,0.08905,9.492483139038086,0.10534651316761089,16
sa,1782,0.253662109375,0.005748748779296875,,0.0017246246337890624,,2.105300154653378e-05,0.3,0.08910000000000001,9.113163948059082,0.10973137383454838,14
sa,1783,0.1904296875,0.0026993751525878906,,0.0008098125457763672,,2.1033034499851055e-05,0.3,0.08915000000000001,4.708892822265625,0.21236414540411275,14
sa,1784,0.21630859375,0.0031452178955078125,,0.0009435653686523437,,2.1013054720242508e-05,0.3,0.0892,7.009467601776123,0.14266418746933232,15
sa,1785,0.293701171875,0.003662109375,,0.0010986328125,,2.0993062207708135e-05,0.3,0.08925,8.628129959106445,0.11589996960402332,14
sa,1786,0.255126953125,0.00370025634765625,,0.001110076904296875,,2.0973060600226745e-05,0.3,0.0893,14.10348129272461,0.07090447948591656,16
sa,1787,0.23681640625,0.005954742431640625,,0.0017864227294921873,,2.0953044440830126e-05,0.3,0.08935,8.295005798339844,0.12055446666476584,16
sa,1788,0.253662109375,0.0039825439453125,,0.00119476318359375,,2.0933022824465297e-05,0.3,0.08940000000000001,5.371578216552734,0.18616502630799636,13
sa,1789,0.218994140625,0.0061702728271484375,,0.0018510818481445312,,2.091298665618524e-05,0.3,0.08945,6.58558988571167,0.15184668607585716,14
sa,1790,0.2451171875,0.00424957275390625,,0.001274871826171875,,2.0892941392958164e-05,0.3,0.08950000000000001,7.611814975738525,0.1313747119691354,15
sa,1791,0.23388671875,0.002330780029296875,,0.0006992340087890624,,2.0872883396805264e-05,0.3,0.08955,5.360818386077881,0.18653868271251528,15
sa,1792,0.229248046875,0.011081695556640625,,0.0033245086669921875,,2.0852816305705346e-05,0.3,0.08960000000000001,6.655554294586182,0.1502504458288964,16
sa,1793,0.29931640625,0.004329681396484375,,0.0012989044189453125,,2.0832738300669007e-05,0.3,0.08965000000000001,10.00247573852539,0.09997524874251026,16
sa,1794,0.264892578125,0.005077362060546875,,0.0015232086181640625,,2.0812647562706843e-05,0.3,0.0897,8.828756332397461,0.11326623618894788,12
sa,1795,0.2578125,0.004962921142578125,,0.0014888763427734375,,2.0792549548787065e-05,0.3,0.08975,8.084602355957031,0.12369192150349403,15
sa,1796,0.226806640625,0.007965087890625,,0.0023895263671875,,2.0772438801941462e-05,0.3,0.0898,6.505619525909424,0.15371326220621695,16
sa,1797,0.33056640625,0.0058441162109375,,0.0017532348632812499,,2.0752317141159438e-05,0.3,0.08985,9.507109642028809,0.10518443960919766,16
sa,1798,0.252197265625,0.00383758544921875,,0.001151275634765625,,2.0732184566440992e-05,0.3,0.08990000000000001,5.163705348968506,0.19365938457347465,16
sa,1799,0.270263671875,0.0028934478759765625,,0.0008680343627929687,,2.071204289677553e-05,0.3,0.08995,8.603192329406738,0.11623592286573446,15
sa,1800,0.286376953125,0.005413055419921875,,0.0016239166259765625,,2.0691890313173644e-05,0.3,0.09000000000000001,10.000082969665527,0.09999917031022863,16
sa,1801,0.267578125,0.0035457611083984375,,0.0010637283325195311,,2.0671728634624742e-05,0.3,0.09005,8.393640518188477,0.11913781604454761,14
sa,1802,0.2705078125,0.004177093505859375,,0.0012531280517578125,,2.065155604213942e-05,0.3,0.09010000000000001,10.840668678283691,0.09224523225243715,15
sa,1803,0.28759765625,0.004833221435546875,,0.0014499664306640624,,2.063137071672827e-05,0.3,0.09015000000000001,11.628983497619629,0.0859920387886605,15
sa,1804,0.20947265625,0.01108551025390625,,0.003325653076171875,,2.0611178115359508e-05,0.3,0.0902,7.140710830688477,0.14004208036296917,15
sa,1805,0.19677734375,0.009552001953125,,0.0028656005859374997,,2.0590974600054324e-05,0.3,0.09025,6.593247890472412,0.15167031736286637,15
sa,1806,0.2724609375,0.0046787261962890625,,0.0014036178588867187,,2.057076017081272e-05,0.3,0.0903,6.499483585357666,0.15385837764908672,15
sa,1807,0.2841796875,0.0081329345703125,,0.00243988037109375,,2.05505384656135e-05,0.3,0.09035,6.915014266967773,0.14461286143354538,15
sa,1808,0.3017578125,0.0137481689453125,,0.00412445068359375,,2.053030584647786e-05,0.3,0.09040000000000001,12.017511367797852,0.08321190381226533,16
sa,1809,0.1806640625,0.00945281982421875,,0.002835845947265625,,2.0510060494416393e-05,0.3,0.09045,7.010628700256348,0.1426405594641511,16
sa,1810,0.26513671875,0.00399017333984375,,0.001197052001953125,,2.048980604740791e-05,0.3,0.09050000000000001,20.994176864624023,0.047632255670144306,15
sa,1811,0.26953125,0.003803253173828125,,0.0011409759521484374,,2.046954250545241e-05,0.3,0.09055,6.976157188415527,0.1433453938882829,14
sa,1812,0.344482421875,0.004589080810546875,,0.0013767242431640624,,2.0449268049560487e-05,0.3,0.09060000000000001,8.380029678344727,0.1193313196233842,16
sa,1813,0.263916015625,0.00539398193359375,,0.001618194580078125,,2.042898631771095e-05,0.3,0.09065000000000001,7.522597789764404,0.13293280166602106,15
sa,1814,0.22705078125,0.0067920684814453125,,0.0020376205444335937,,2.0408693671924993e-05,0.3,0.0907,6.415857315063477,0.15586381537072982,14
sa,1815,0.224609375,0.002758026123046875,,0.0008274078369140625,,2.0388391931192018e-05,0.3,0.09075,7.39587926864624,0.13521042781746792,16
sa,1816,0.2744140625,0.004238128662109375,,0.0012714385986328125,,2.036807927652262e-05,0.3,0.0908,6.973438262939453,0.14340128388524354,16
sa,1817,0.2548828125,0.0030922889709472656,,0.0009276866912841797,,2.034775934589561e-05,0.3,0.09085,5.4560770988464355,0.18328186751822614,13
sa,1818,0.25,0.002986907958984375,,0.0008960723876953124,,2.032742850133218e-05,0.3,0.09090000000000001,7.524759292602539,0.1328946164408319,15
sa,1819,0.27587890625,0.00408172607421875,,0.001224517822265625,,2.0307090380811132e-05,0.3,0.09095,7.2599406242370605,0.13774217335353056,15
sa,1820,0.26318359375,0.0065670013427734375,,0.001970100402832031,,2.028673952736426e-05,0.3,0.09100000000000001,7.4289870262146,0.13460785386638974,14
sa,1821,0.2158203125,0.00902557373046875,,0.002707672119140625,,2.0266379578970373e-05,0.3,0.09105,6.561127185821533,0.1524128357336191,15
sa,1822,0.2900390625,0.007293701171875,,0.0021881103515625,,2.0246010535629466e-05,0.3,0.09110000000000001,9.044328689575195,0.11056652564525153,16
sa,1823,0.208251953125,0.0045318603515625,,0.00135955810546875,,2.0225632397341542e-05,0.3,0.09115000000000001,6.216996669769287,0.16084937038209962,14
sa,1824,0.375244140625,0.01067352294921875,,0.003202056884765625,,2.0205246983096004e-05,0.3,0.0912,9.018590927124023,0.11088206662001181,15
sa,1825,0.246337890625,0.006885528564453125,,0.0020656585693359375,,2.0184850654914044e-05,0.3,0.09125,7.922980308532715,0.12621513130899017,14
sa,1826,0.234619140625,0.004283905029296875,,0.0012851715087890624,,2.0164445231785066e-05,0.3,0.0913,11.158503532409668,0.08961775179758813,15
sa,1827,0.206787109375,0.003127574920654297,,0.000938272476196289,,2.014403071370907e-05,0.3,0.09135,5.427187919616699,0.18425748560971628,15
sa,1828,0.2333984375,0.0034027099609375,,0.0010208129882812499,,2.0123608919675462e-05,0.3,0.09140000000000001,6.697756767272949,0.14930371984934873,14
sa,1829,0.240966796875,0.003993988037109375,,0.0011981964111328124,,2.0103174392716028e-05,0.3,0.09145,6.271181106567383,0.15945959509170735,14
sa,1830,0.26171875,0.00244903564453125,,0.000734710693359375,,2.0082736227777787e-05,0.3,0.09150000000000001,6.494885444641113,0.15396730373821965,15
sa,1831,0.2958984375,0.004062652587890625,,0.0012187957763671875,,2.006228532991372e-05,0.3,0.09155,9.196012496948242,0.10874278393291187,16
sa,1832,0.216064453125,0.00656890869140625,,0.001970672607421875,,2.004182715609204e-05,0.3,0.09160000000000001,5.2407026290893555,0.1908141084841068,16
sa,1833,0.184326171875,0.00609588623046875,,0.001828765869140625,,2.002135806833394e-05,0.3,0.09165000000000001,6.645278453826904,0.15048278367088092,15
sa,1834,0.25048828125,0.00540924072265625,,0.001622772216796875,,2.0000883523607627e-05,0.3,0.0917,7.763358116149902,0.12881023714721176,16
sa,1835,0.19873046875,0.0068511962890625,,0.00205535888671875,,1.9980398064944893e-05,0.3,0.09175,9.38959789276123,0.10650083330734908,15
sa,1836,0.33544921875,0.0043277740478515625,,0.0012983322143554686,,1.9959905330324546e-05,0.3,0.0918,8.661659240722656,0.1154513208391431,16
sa,1837,0.24365234375,0.006839752197265625,,0.0020519256591796874,,1.993940350075718e-05,0.3,0.09185,10.766640663146973,0.09287948128731463,15
sa,1838,0.20703125,0.004611968994140625,,0.0013835906982421875,,1.9918892576242797e-05,0.3,0.09190000000000001,8.178658485412598,0.12226944086045329,16
sa,1839,0.27490234375,0.003021240234375,,0.0009063720703125,,1.9898372556781396e-05,0.3,0.09195,13.65805721282959,0.07321685540024372,16
sa,1840,0.24853515625,0.00493621826171875,,0.001480865478515625,,1.9877847080351785e-05,0.3,0.09200000000000001,7.4452595710754395,0.1343136515864354,16
sa,1841,0.212646484375,0.0030879974365234375,,0.0009263992309570312,,1.9857312508975156e-05,0.3,0.09205,7.354379653930664,0.1359733991249057,14
sa,1842,0.23486328125,0.0037631988525390625,,0.0011289596557617187,,1.9836767023662105e-05,0.3,0.09210000000000002,6.086390018463135,0.16430100551665083,15
sa,1843,0.210693359375,0.009632110595703125,,0.0028896331787109375,,1.981621426239144e-05,0.3,0.09215000000000001,6.049339294433594,0.1653073090015248,14
sa,1844,0.30029296875,0.004680633544921875,,0.0014041900634765624,,1.9795654225163162e-05,0.3,0.0922,10.045034408569336,0.09955167491979004,15
sa,1845,0.1524658203125,0.005077362060546875,,0.0015232086181640625,,1.977508691197727e-05,0.3,0.09225,5.176011085510254,0.19319896798509648,16
sa,1846,0.195068359375,0.00862884521484375,,0.002588653564453125,,1.9754514141823165e-05,0.3,0.09230000000000001,6.58640193939209,0.1518279645247854,16
sa,1847,0.27099609375,0.00702667236328125,,0.002108001708984375,,1.9733928638743237e-05,0.3,0.09235,8.289563179016113,0.12063361825039975,15
sa,1848,0.2177734375,0.00446319580078125,,0.001338958740234375,,1.9713335859705694e-05,0.3,0.09240000000000001,6.7274675369262695,0.1486443441772285,16
sa,1849,0.233642578125,0.004726409912109375,,0.0014179229736328125,,1.9692735804710537e-05,0.3,0.09245,7.661853790283203,0.1305167166291015,14
sa,1850,0.226806640625,0.00641632080078125,,0.0019248962402343749,,1.9672128473757766e-05,0.3,0.09250000000000001,6.790971279144287,0.147254340932216,16
sa,1851,0.2843017578125,0.00399017333984375,,0.001197052001953125,,1.9651512047857977e-05,0.3,0.09255000000000001,9.763113021850586,0.10242634677709091,16
sa,1852,0.226806640625,0.004303693771362305,,0.0012911081314086914,,1.963088652701117e-05,0.3,0.09260000000000002,7.220677852630615,0.13849115282655672,15
sa,1853,0.2098388671875,0.0060977935791015625,,0.0018293380737304686,,1.9610255549196154e-05,0.3,0.09265000000000001,6.170508861541748,0.16206118854031473,16
sa,1854,0.20263671875,0.01831817626953125,,0.005495452880859375,,1.9589619114412926e-05,0.3,0.0927,5.189421653747559,0.19269970079957688,16
sa,1855,0.193359375,0.005146026611328125,,0.0015438079833984375,,1.9568971765693277e-05,0.3,0.09275,5.7602972984313965,0.17360215075571064,14
sa,1856,0.237548828125,0.00467681884765625,,0.001403045654296875,,1.954831532202661e-05,0.3,0.09280000000000001,8.373473167419434,0.11942475720719166,16
sa,1857,0.28515625,0.00739288330078125,,0.002217864990234375,,1.9527653421391733e-05,0.3,0.09285,10.251704216003418,0.09754475733302473,14
sa,1858,0.246337890625,0.00478363037109375,,0.001435089111328125,,1.9506982425809838e-05,0.3,0.09290000000000001,6.197495460510254,0.16135550342422803,16
sa,1859,0.23583984375,0.00670623779296875,,0.002011871337890625,,1.9486307792249136e-05,0.3,0.09295,7.860527992248535,0.12721791729335805,16
sa,1860,0.31103515625,0.0024318695068359375,,0.0007295608520507812,,1.9465624063741416e-05,0.3,0.09300000000000001,7.789534091949463,0.1283773828056683,15
sa,1861,0.220703125,0.00598907470703125,,0.001796722412109375,,1.944493305927608e-05,0.3,0.09305000000000001,6.988735675811768,0.14308739754760383,16
sa,1862,0.234619140625,0.003902435302734375,,0.0011707305908203124,,1.942423295986373e-05,0.3,0.09310000000000002,8.394279479980469,0.11912874742673289,14
sa,1863,0.196533203125,0.0078008174896240234,,0.0023402452468872068,,1.9403527403483167e-05,0.3,0.09315000000000001,6.337587356567383,0.15778875204990128,15
sa,1864,0.25439453125,0.00601959228515625,,0.001805877685546875,,1.9382812752155587e-05,0.3,0.0932,7.434909343719482,0.13450063124774125,16
sa,1865,0.20068359375,0.003711700439453125,,0.0011135101318359374,,1.93620944628492e-05,0.3,0.09325,7.325969219207764,0.13650071001910938,14
sa,1866,0.2454833984375,0.00347900390625,,0.0010437011718749999,,1.9341367078595795e-05,0.3,0.09330000000000001,5.412351131439209,0.1847625875917788,15
sa,1867,0.2724609375,0.004421234130859375,,0.0013263702392578125,,1.9320632418384776e-05,0.3,0.09335,8.213096618652344,0.12175675587803889,16
sa,1868,0.212158203125,0.0070323944091796875,,0.002109718322753906,,1.9299892301205546e-05,0.3,0.09340000000000001,6.303016185760498,0.15865420150104592,16
sa,1869,0.214111328125,0.004673004150390625,,0.0014019012451171875,,1.9279143089079298e-05,0.3,0.09345,6.637683868408203,0.150654960348362,16
sa,1870,0.24072265625,0.004425048828125,,0.0013275146484375,,1.925838841998484e-05,0.3,0.09350000000000001,6.7931928634643555,0.14720618420511403,14
sa,1871,0.17333984375,0.017696380615234375,,0.005308914184570313,,1.9237626474932767e-05,0.3,0.09355000000000001,6.733973503112793,0.14850073281959722,15
sa,1872,0.171142578125,0.00432586669921875,,0.001297760009765625,,1.921685725392308e-05,0.3,0.09360000000000002,5.954206466674805,0.1679484924812259,16
sa,1873,0.26708984375,0.0029144287109375,,0.00087432861328125,,1.9196084394934587e-05,0.3,0.09365000000000001,8.582359313964844,0.11651807660544383,14
sa,1874,0.258056640625,0.0038089752197265625,,0.0011426925659179688,,1.9175300622009672e-05,0.3,0.0937,6.628444194793701,0.15086496478094333,15
sa,1875,0.21142578125,0.0032405853271484375,,0.0009721755981445312,,1.915451321110595e-05,0.3,0.09375,8.08548641204834,0.12367839719696772,15
sa,1876,0.22216796875,0.00385284423828125,,0.001155853271484375,,1.9133718524244614e-05,0.3,0.0938,6.422117710113525,0.15571187653960375,16
sa,1877,0.17138671875,0.00323486328125,,0.0009704589843749999,,1.9112916561425664e-05,0.3,0.09385,4.216719627380371,0.23715117161376179,15
sa,1878,0.24951171875,0.006256103515625,,0.0018768310546875,,1.9092109141638502e-05,0.3,0.0939,7.091690540313721,0.14101010109160264,15
sa,1879,0.24658203125,0.005649566650390625,,0.0016948699951171875,,1.9071294445893727e-05,0.3,0.09395,6.2855048179626465,0.1590962108790707,14
sa,1880,0.179931640625,0.0060577392578125,,0.00181732177734375,,1.9050472474191338e-05,0.3,0.094,4.693394184112549,0.2130654193472746,16
sa,1881,0.247802734375,0.006885528564453125,,0.0020656585693359375,,1.902964686451014e-05,0.3,0.09405000000000001,8.609176635742188,0.11615512636230063,14
sa,1882,0.297607421875,0.004810333251953125,,0.0014430999755859375,,1.9008812159881927e-05,0.3,0.0941,11.035850524902344,0.09061376807736791,16
sa,1883,0.2509765625,0.004673004150390625,,0.0014019012451171875,,1.8987973817274906e-05,0.3,0.09415000000000001,7.583808422088623,0.13185987097028942,14
sa,1884,0.225830078125,0.0089874267578125,,0.00269622802734375,,1.896712819871027e-05,0.3,0.0942,7.8328070640563965,0.12766815163734255,15
sa,1885,0.190185546875,0.0045986175537109375,,0.0013795852661132812,,1.8946278942166828e-05,0.3,0.09425,8.021824836730957,0.12465991471430815,16
sa,1886,0.2071533203125,0.0055084228515625,,0.00165252685546875,,1.8925418771686964e-05,0.3,0.0943,5.319314002990723,0.18799416605933802,16
sa,1887,0.259033203125,0.005290985107421875,,0.0015872955322265624,,1.890455314423889e-05,0.3,0.09435,7.700040340423584,0.12986944948199963,16
sa,1888,0.21826171875,0.0269622802734375,,0.00808868408203125,,1.8883683878812008e-05,0.3,0.0944,9.238306045532227,0.10824495259968292,16
sa,1889,0.192138671875,0.0030460357666015625,,0.0009138107299804687,,1.8862807337427512e-05,0.3,0.09445,9.058265686035156,0.11039640861292782,15
sa,1890,0.194091796875,0.005130767822265625,,0.0015392303466796875,,1.8841928977053612e-05,0.3,0.0945,6.4825119972229,0.15426118770445757,15
sa,1891,0.176025390625,0.009052276611328125,,0.0027156829833984374,,1.8821039702743292e-05,0.3,0.09455000000000001,7.467133522033691,0.13392019803171373,15
sa,1892,0.275146484375,0.0026607513427734375,,0.0007982254028320312,,1.8800148609443568e-05,0.3,0.0946,8.381387710571289,0.11931198442696053,14
sa,1893,0.2158203125,0.00295257568359375,,0.000885772705078125,,1.8779248421196826e-05,0.3,0.09465000000000001,7.172656059265137,0.13941836772004002,13
sa,1894,0.2080078125,0.003665924072265625,,0.0010997772216796875,,1.8758344594971277e-05,0.3,0.0947,6.563976287841797,0.15234668075389943,15
sa,1895,0.26611328125,0.0048828125,,0.00146484375,,1.8737435311777517e-05,0.3,0.09475,6.622742652893066,0.15099484494738172,16
sa,1896,0.241455078125,0.007110595703125,,0.0021331787109374997,,1.8716520571615547e-05,0.3,0.0948,9.427507400512695,0.10607257650581288,16
sa,1897,0.232177734375,0.009878158569335938,,0.0029634475708007813,,1.8695598555495963e-05,0.3,0.09485,7.569623947143555,0.13210695894309998,16
sa,1898,0.21142578125,0.004505157470703125,,0.0013515472412109375,,1.867467290139757e-05,0.3,0.0949,6.985983848571777,0.14314376066077525,15
sa,1899,0.253662109375,0.0050506591796875,,0.00151519775390625,,1.865374179033097e-05,0.3,0.09495,6.327477931976318,0.1580408514657057,14
sa,1900,0.168701171875,0.0031871795654296875,,0.0009561538696289062,,1.8632805222296156e-05,0.3,0.095,7.266181468963623,0.137623868089635,16
sa,1901,0.226806640625,0.0157928466796875,,0.00473785400390625,,1.8611863197293133e-05,0.3,0.09505000000000001,8.223406791687012,0.12160410220869694,16
sa,1902,0.195068359375,0.00730133056640625,,0.0021903991699218747,,1.8590917534311302e-05,0.3,0.0951,6.1274518966674805,0.1631999755957068,14
sa,1903,0.211669921875,0.00325775146484375,,0.000977325439453125,,1.856996641436126e-05,0.3,0.09515000000000001,7.095359802246094,0.14093717977253836,16
sa,1904,0.185302734375,0.0043964385986328125,,0.0013189315795898438,,1.8549008018453605e-05,0.3,0.0952,5.317746162414551,0.18804959271428343,15
sa,1905,0.220947265625,0.003032684326171875,,0.0009098052978515625,,1.852804416557774e-05,0.3,0.09525,8.469223976135254,0.1180745724540784,15
sa,1906,0.2030029296875,0.00540924072265625,,0.001622772216796875,,1.8507076674723066e-05,0.3,0.0953,6.3628458976745605,0.15716237923748422,15
sa,1907,0.215576171875,0.006008148193359375,,0.0018024444580078125,,1.8486103726900183e-05,0.3,0.09535,6.922001361846924,0.14446688865331003,14
sa,1908,0.2138671875,0.005359649658203125,,0.0016078948974609375,,1.8465127141098492e-05,0.3,0.0954,9.944902420043945,0.10055402836175653,16
sa,1909,0.20458984375,0.004169464111328125,,0.0012508392333984374,,1.844414509832859e-05,0.3,0.09545000000000001,5.97977352142334,0.16723041373011302,15
sa,1910,0.203369140625,0.005015373229980469,,0.0015046119689941407,,1.8423155779601075e-05,0.3,0.0955,6.89097261428833,0.1451173957543402,14
sa,1911,0.168701171875,0.005695343017578125,,0.0017086029052734374,,1.8402164641884156e-05,0.3,0.09555000000000001,7.60628604888916,0.1314702068226901,16
sa,1912,0.211181640625,0.007389068603515625,,0.0022167205810546876,,1.8381168047199026e-05,0.3,0.0956,8.28289794921875,0.12073069185819449,15
sa,1913,0.128662109375,0.016963958740234375,,0.005089187622070312,,1.836016781453509e-05,0.3,0.09565000000000001,4.245150566101074,0.23556290511468062,15
sa,1914,0.207763671875,0.00278472900390625,,0.000835418701171875,,1.833916212490294e-05,0.3,0.09570000000000001,7.920900344848633,0.1262482743707729,15
sa,1915,0.1534423828125,0.0030994415283203125,,0.0009298324584960938,,1.8318150978302583e-05,0.3,0.09575,7.809442520141602,0.12805011336223623,16
sa,1916,0.189208984375,0.004608154296875,,0.0013824462890625,,1.829713801271282e-05,0.3,0.0958,7.18810510635376,0.13911872255680752,16
sa,1917,0.210693359375,0.0035648345947265625,,0.0010694503784179686,,1.8276117771165445e-05,0.3,0.09585,10.525947570800781,0.09500332328977419,14
sa,1918,0.257568359375,0.004589080810546875,,0.0013767242431640624,,1.825509207264986e-05,0.3,0.0959,23.93800163269043,0.04177458149365196,15
sa,1919,0.26953125,0.004383087158203125,,0.0013149261474609375,,1.823406455514487e-05,0.3,0.09595000000000001,8.226409912109375,0.12155970960406287,15
sa,1920,0.2177734375,0.0043487548828125,,0.00130462646484375,,1.821303339966107e-05,0.3,0.096,10.01437759399414,0.09985643047848762,14
sa,1921,0.2119140625,0.003803253173828125,,0.0011409759521484374,,1.8191996787209064e-05,0.3,0.09605000000000001,8.162201881408691,0.12251596009622502,15
sa,1922,0.20947265625,0.003101348876953125,,0.0009304046630859374,,1.8170954717788845e-05,0.3,0.0961,6.7926225662231445,0.14721854339038054,15
sa,1923,0.241943359375,0.0051555633544921875,,0.0015466690063476562,,1.8149910829379223e-05,0.3,0.09615000000000001,7.2147088050842285,0.1386057326797856,15
sa,1924,0.2431640625,0.003368377685546875,,0.0010105133056640624,,1.8128863302990794e-05,0.3,0.09620000000000001,8.624533653259277,0.11594829821576409,14
sa,1925,0.261962890625,0.004299163818359375,,0.0012897491455078124,,1.810780850064475e-05,0.3,0.09625,9.530563354492188,0.10492559178347569,15
sa,1926,0.17822265625,0.00311279296875,,0.0009338378906249999,,1.8086753698298708e-05,0.3,0.0963,5.340261936187744,0.18725673233809026,16
sa,1927,0.1646728515625,0.00353240966796875,,0.001059722900390625,,1.806569161999505e-05,0.3,0.09635,5.129449844360352,0.19495268115341152,14
sa,1928,0.19580078125,0.0043926239013671875,,0.0013177871704101562,,1.804462772270199e-05,0.3,0.0964,5.306680202484131,0.18844173039330428,15
sa,1929,0.200927734375,0.003330230712890625,,0.0009990692138671874,,1.8023558368440717e-05,0.3,0.09645000000000001,7.598092555999756,0.13161197927371393,14
sa,1930,0.207275390625,0.0028493404388427734,,0.000854802131652832,,1.8002487195190042e-05,0.3,0.0965,8.565329551696777,0.11674974021307816,16
sa,1931,0.19189453125,0.0050201416015625,,0.00150604248046875,,1.7981410564971156e-05,0.3,0.09655000000000001,8.525347709655762,0.11729726857561545,15
sa,1932,0.23193359375,0.002643585205078125,,0.0007930755615234375,,1.796033393475227e-05,0.3,0.0966,8.099638938903809,0.12346229351000408,15
sa,1933,0.204833984375,0.0047473907470703125,,0.0014242172241210936,,1.793925002857577e-05,0.3,0.09665000000000001,6.956127643585205,0.14375814407634957,16
sa,1934,0.228515625,0.00281524658203125,,0.000844573974609375,,1.7918162484420463e-05,0.3,0.09670000000000001,7.672490119934082,0.13033578204315646,16
sa,1935,0.1436767578125,0.003787994384765625,,0.0011363983154296874,,1.7897073121275753e-05,0.3,0.09675,6.06437873840332,0.1648973527440485,15
sa,1936,0.191162109375,0.00505828857421875,,0.001517486572265625,,1.7875976482173428e-05,0.3,0.0968,8.030065536499023,0.12453198488290092,16
sa,1937,0.19921875,0.00829315185546875,,0.0024879455566406247,,1.7854879843071103e-05,0.3,0.09685,7.7274580001831055,0.12940866193983902,15
sa,1938,0.20556640625,0.00299072265625,,0.000897216796875,,1.783377956598997e-05,0.3,0.0969,6.313239574432373,0.15839728370991063,16
sa,1939,0.169677734375,0.00846099853515625,,0.002538299560546875,,1.7812677469919436e-05,0.3,0.09695000000000001,5.114368915557861,0.19552754533565414,15
sa,1940,0.1785888671875,0.00270843505859375,,0.000812530517578125,,1.779156991688069e-05,0.3,0.097,6.832785129547119,0.1463532045923242,15
sa,1941,0.23779296875,0.002231597900390625,,0.0006694793701171875,,1.777046054485254e-05,0.3,0.09705000000000001,12.827078819274902,0.07796007291210585,15
sa,1942,0.2080078125,0.00664520263671875,,0.001993560791015625,,1.774934571585618e-05,0.3,0.0971,8.52031421661377,0.11736656355350122,16
sa,1943,0.1591796875,0.0034999847412109375,,0.0010499954223632812,,1.7728229067870416e-05,0.3,0.09715000000000001,4.559313774108887,0.2193312523649349,16
sa,1944,0.246826171875,0.005924224853515625,,0.0017772674560546874,,1.7707112419884652e-05,0.3,0.09720000000000001,8.617010116577148,0.11604953301333948,16
sa,1945,0.1595458984375,0.00485992431640625,,0.001457977294921875,,1.7685988495941274e-05,0.3,0.09725,6.336829662322998,0.1578076188390731,14
sa,1946,0.18505859375,0.004535675048828125,,0.0013607025146484375,,1.7664862753008492e-05,0.3,0.0973,10.098544120788574,0.09902417497403695,15
sa,1947,0.18359375,0.004550933837890625,,0.0013652801513671874,,1.7643735191086307e-05,0.3,0.09735,5.066464424133301,0.1973762995821422,14
sa,1948,0.179931640625,0.005527496337890625,,0.0016582489013671875,,1.7622603991185315e-05,0.3,0.0974,5.238993167877197,0.19087637031700747,15
sa,1949,0.20556640625,0.0074920654296875,,0.0022476196289062497,,1.760147097229492e-05,0.3,0.09745000000000001,7.418668270111084,0.13479508229649234,16
sa,1950,0.181396484375,0.0047817230224609375,,0.0014345169067382813,,1.7580334315425716e-05,0.3,0.0975,5.810745716094971,0.1720949511230782,15
sa,1951,0.22314453125,0.0037436485290527344,,0.0011230945587158202,,1.7559197658556513e-05,0.3,0.09755000000000001,8.065691947937012,0.12398192324413942,14
sa,1952,0.243408203125,0.0024814605712890625,,0.0007444381713867188,,1.7538051906740293e-05,0.3,0.0976,7.219947814941406,0.13850515621879403,16
sa,1953,0.247802734375,0.00405120849609375,,0.0012153625488281249,,1.751690979290288e-05,0.3,0.09765000000000001,10.508735656738281,0.09515892612245816,16
sa,1954,0.224853515625,0.003692626953125,,0.0011077880859375,,1.7495760403107852e-05,0.3,0.09770000000000001,9.379951477050781,0.10661035960011354,15
sa,1955,0.188232421875,0.003383636474609375,,0.0010150909423828124,,1.7474611013312824e-05,0.3,0.09775,7.710113048553467,0.12969978438741764,15
sa,1956,0.170166015625,0.00440216064453125,,0.001320648193359375,,1.7453465261496603e-05,0.3,0.0978,3.9235095977783203,0.25487385084166686,15
sa,1957,0.16943359375,0.001918792724609375,,0.0005756378173828125,,1.743230859574396e-05,0.3,0.09785,4.6519670486450195,0.2149628296037201,14
sa,1958,0.14410400390625,0.00678253173828125,,0.002034759521484375,,1.7411153748980723e-05,0.3,0.0979,4.923851490020752,0.20309304657679378,14
sa,1959,0.20751953125,0.004669189453125,,0.0014007568359375,,1.7389993445249274e-05,0.3,0.09795000000000001,7.021282196044922,0.1424241288241197,16
sa,1960,0.18359375,0.0031766891479492188,,0.0009530067443847656,,1.7368831322528422e-05,0.3,0.098,6.843514442443848,0.14612375094848135,15
sa,1961,0.1512451171875,0.0038299560546875,,0.00114898681640625,,1.7347671018796973e-05,0.3,0.09805000000000001,4.6938042640686035,0.2130468046260619,16
sa,1962,0.262939453125,0.0054473876953125,,0.00163421630859375,,1.7326505258097313e-05,0.3,0.0981,8.563438415527344,0.11677552304069663,15
sa,1963,0.2119140625,0.0035076141357421875,,0.0010522842407226561,,1.730533767840825e-05,0.3,0.09815000000000002,5.860866546630859,0.17062323327850787,15
sa,1964,0.20654296875,0.00514984130859375,,0.001544952392578125,,1.7284168279729784e-05,0.3,0.09820000000000001,6.8538408279418945,0.14590359261381985,14
sa,1965,0.202392578125,0.00482940673828125,,0.001448822021484375,,1.7262998881051317e-05,0.3,0.09825,7.583128452301025,0.1318716946824974,14
sa,1966,0.169921875,0.01322174072265625,,0.003966522216796875,,1.724182402540464e-05,0.3,0.0983,11.015772819519043,0.09077892367461339,14
sa,1967,0.1502685546875,0.0029296875,,0.0008789062499999999,,1.722065280773677e-05,0.3,0.09835,4.523442268371582,0.2210705787033279,16
sa,1968,0.1728515625,0.0050029754638671875,,0.0015008926391601562,,1.719947613310069e-05,0.3,0.0984,4.59689998626709,0.21753790662999598,15
sa,1969,0.1865234375,0.0059967041015625,,0.0017990112304687499,,1.71782958204858e-05,0.3,0.09845000000000001,6.797496318817139,0.14711298882674706,15
sa,1970,0.230712890625,0.0028228759765625,,0.00084686279296875,,1.7157115507870913e-05,0.3,0.0985,6.7132697105407715,0.14895871060116359,14
sa,1971,0.18701171875,0.007110595703125,,0.0021331787109374997,,1.713593337626662e-05,0.3,0.09855000000000001,5.5509033203125,0.18015085875134695,15
sa,1972,0.21044921875,0.0034008026123046875,,0.0010202407836914062,,1.7114749425672926e-05,0.3,0.09860000000000001,7.5592241287231445,0.13228870886368513,16
sa,1973,0.176513671875,0.00605010986328125,,0.0018150329589843748,,1.7093569113058038e-05,0.3,0.09865000000000002,5.565695285797119,0.1796720712597869,16
sa,1974,0.1534423828125,0.00345611572265625,,0.001036834716796875,,1.7072381524485536e-05,0.3,0.09870000000000001,5.793999195098877,0.172592360876732,16
sa,1975,0.194580078125,0.00353240966796875,,0.001059722900390625,,1.7051193935913034e-05,0.3,0.09875,5.040430545806885,0.19839575030587342,15
sa,1976,0.177490234375,0.003917694091796875,,0.0011753082275390624,,1.7030004528351128e-05,0.3,0.0988,7.269830703735352,0.13755478507720745,16
sa,1977,0.18798828125,0.00220489501953125,,0.000661468505859375,,1.7008815120789222e-05,0.3,0.09885000000000001,6.943729877471924,0.1440148187855603,14
sa,1978,0.17236328125,0.004878997802734375,,0.0014636993408203125,,1.6987623894237913e-05,0.3,0.0989,4.88188362121582,0.20483896741294144,16
sa,1979,0.179931640625,0.0053730010986328125,,0.0016119003295898438,,1.6966432667686604e-05,0.3,0.09895000000000001,6.939466953277588,0.14410328728890176,15
sa,1980,0.22802734375,0.00482940673828125,,0.001448822021484375,,1.6945237803156488e-05,0.3,0.099,8.15523624420166,0.12262060473244978,16
sa,1981,0.1806640625,0.00428009033203125,,0.0012840270996093749,,1.692404293862637e-05,0.3,0.09905000000000001,4.941281318664551,0.20237665809933358,16
sa,1982,0.1610107421875,0.004817962646484375,,0.0014453887939453124,,1.690284625510685e-05,0.3,0.09910000000000001,4.803082466125488,0.20819963160171845,15
sa,1983,0.173828125,0.00516510009765625,,0.001549530029296875,,1.688164957158733e-05,0.3,0.09915000000000002,6.416254997253418,0.15585415486573806,15
sa,1984,0.2001953125,0.005706787109375,,0.0017120361328125,,1.6860452888067812e-05,0.3,0.09920000000000001,9.709300994873047,0.10299402609189329,16
sa,1985,0.31982421875,0.003940582275390625,,0.0011821746826171874,,1.683925438555889e-05,0.3,0.09925,10.244369506835938,0.09761459690932787,16
sa,1986,0.14501953125,0.012424468994140625,,0.003727340698242187,,1.681805406406056e-05,0.3,0.0993,5.994918346405029,0.1668079433641777,15
sa,1987,0.21435546875,0.006015777587890625,,0.0018047332763671874,,1.6796855561551638e-05,0.3,0.09935000000000001,8.284058570861816,0.12071377712337528,16
sa,1988,0.1427001953125,0.007091522216796875,,0.0021274566650390622,,1.6775653421063907e-05,0.3,0.0994,5.490335464477539,0.1821382329859438,16
sa,1989,0.14892578125,0.0042724609375,,0.00128173828125,,1.6754451280576177e-05,0.3,0.09945000000000001,4.583468437194824,0.2181753869809607,16
sa,1990,0.225341796875,0.00446319580078125,,0.001338958740234375,,1.6733249140088446e-05,0.3,0.0995,7.692086696624756,0.1300037349343442,14
sa,1991,0.1490478515625,0.00283050537109375,,0.000849151611328125,,1.671204881859012e-05,0.3,0.09955000000000001,5.287547588348389,0.18912359336558873,14
sa,1992,0.1590576171875,0.004764556884765625,,0.0014293670654296875,,1.6690844859112985e-05,0.3,0.09960000000000001,5.176862716674805,0.1931671853647915,16
sa,1993,0.165283203125,0.0029430389404296875,,0.0008829116821289062,,1.666964089963585e-05,0.3,0.09965000000000002,5.017025947570801,0.19932127329024302,16
sa,1994,0.24072265625,0.004039764404296875,,0.0012119293212890625,,1.6648435121169314e-05,0.3,0.09970000000000001,4.642462253570557,0.2154029360671466,15
sa,1995,0.2423095703125,0.00347900390625,,0.0010437011718749999,,1.6627229342702776e-05,0.3,0.09975,9.106447219848633,0.10981230943944591,15
sa,1996,0.218994140625,0.0038127899169921875,,0.0011438369750976561,,1.6606025383225642e-05,0.3,0.0998,10.488262176513672,0.0953446799069627,15
sa,1997,0.19580078125,0.00218963623046875,,0.000656890869140625,,1.6584819604759105e-05,0.3,0.09985000000000001,8.98915958404541,0.11124510480099498,16
sa,1998,0.2236328125,0.0043010711669921875,,0.0012903213500976562,,1.656361564528197e-05,0.3,0.0999,8.307350158691406,0.12037532798033909,15
sa,1999,0.15234375,0.005062103271484375,,0.0015186309814453124,,1.6542409866815433e-05,0.3,0.09995000000000001,5.255241870880127,0.19028619891714404,16
sa,2000,0.2252197265625,0.004138946533203125,,0.0012416839599609375,,1.6521204088348895e-05,0.3,0.1,7.857090950012207,0.12727356808800164,15
sa,2001,0.14208984375,0.004787445068359375,,0.0014362335205078125,,1.6499996490892954e-05,0.3,0.1,4.256361484527588,0.23494245111349832,16
sa,2002,0.178955078125,0.0053253173828125,,0.00159759521484375,,1.6478790712426417e-05,0.3,0.1,6.776590824127197,0.14756682614503241,15
sa,2003,0.1773681640625,0.0041179656982421875,,0.0012353897094726561,,1.6457586752949283e-05,0.3,0.1,6.174026012420654,0.1619688673141708,16
sa,2004,0.183837890625,0.00330352783203125,,0.000991058349609375,,1.6436380974482745e-05,0.3,0.1,6.864389896392822,0.145679370649603,14
sa,2005,0.17333984375,0.004909515380859375,,0.0014728546142578124,,1.6415175196016207e-05,0.3,0.1,6.556829929351807,0.1525127250172337,16
sa,2006,0.21630859375,0.0046520233154296875,,0.0013956069946289061,,1.6393971236539073e-05,0.3,0.1,8.245731353759766,0.12127487024471575,14
sa,2007,0.183837890625,0.004116058349609375,,0.0012348175048828125,,1.6372765458072536e-05,0.3,0.1,4.885797023773193,0.20467489646709106,16
sa,2008,0.174072265625,0.0034542083740234375,,0.0010362625122070312,,1.6351559679605998e-05,0.3,0.1,8.504960060119629,0.11757844750959762,15
sa,2009,0.162841796875,0.0025472640991210938,,0.0007641792297363281,,1.6330357539118268e-05,0.3,0.1,7.3489580154418945,0.13607371247716535,15
sa,2010,0.185302734375,0.005126953125,,0.0015380859375,,1.630915176065173e-05,0.3,0.1,6.906125545501709,0.14479898944949646,14
sa,2011,0.1468505859375,0.0024824142456054688,,0.0007447242736816406,,1.6287947801174596e-05,0.3,0.1,6.2067413330078125,0.16111514019151107,15
sa,2012,0.208984375,0.0030121803283691406,,0.0009036540985107421,,1.626674747967627e-05,0.3,0.1,6.325616836547852,0.15808734955652815,16
sa,2013,0.152587890625,0.0035190582275390625,,0.0010557174682617188,,1.6245543520199135e-05,0.3,0.1,6.186553478240967,0.16164088834229745,15
sa,2014,0.1591796875,0.00412750244140625,,0.0012382507324218749,,1.6224341379711404e-05,0.3,0.1,5.030756950378418,0.1987772436362244,15
sa,2015,0.2049560546875,0.0041027069091796875,,0.0012308120727539062,,1.620314287720248e-05,0.3,0.1,6.233031272888184,0.16043558201764527,16
sa,2016,0.174072265625,0.0026416778564453125,,0.0007925033569335938,,1.6181942555704154e-05,0.3,0.1,6.175586700439453,0.16192793470599973,16
sa,2017,0.18359375,0.003948211669921875,,0.0011844635009765625,,1.6160742234205827e-05,0.3,0.1,4.577805042266846,0.21844530091758085,15
sa,2018,0.165771484375,0.00677490234375,,0.002032470703125,,1.6139543731696904e-05,0.3,0.1,4.041819095611572,0.24741334937176074,16
sa,2019,0.21533203125,0.0025501251220703125,,0.0007650375366210937,,1.611834522918798e-05,0.3,0.1,12.21158504486084,0.08188945139606124,16
sa,2020,0.181396484375,0.00372314453125,,0.001116943359375,,1.609714854566846e-05,0.3,0.1,8.20866870880127,0.12182243375564761,16
sa,2021,0.1370849609375,0.0048503875732421875,,0.0014551162719726562,,1.6075953681138344e-05,0.3,0.1,4.3482136726379395,0.2299794985450492,15
sa,2022,0.1640625,0.0045928955078125,,0.00137786865234375,,1.6054758816608228e-05,0.3,0.1,5.912484169006348,0.1691336452522054,15
sa,2023,0.176513671875,0.00402069091796875,,0.001206207275390625,,1.6033565771067515e-05,0.3,0.1,13.661500930786133,0.0731983992876291,16
sa,2024,0.1011962890625,0.0027914047241210938,,0.0008374214172363281,,1.60123709065374e-05,0.3,0.1,4.100366115570068,0.2438806613396695,15
sa,2025,0.196044921875,0.0034427642822265625,,0.0010328292846679688,,1.599117967998609e-05,0.3,0.1,6.1037797927856445,0.1638329091069027,15
sa,2026,0.175537109375,0.0069732666015625,,0.00209197998046875,,1.5969990272424184e-05,0.3,0.1,6.635603427886963,0.1507021947389703,15
sa,2027,0.175537109375,0.002582550048828125,,0.0007747650146484375,,1.594880268385168e-05,0.3,0.1,7.441858291625977,0.13437503924594477,15
sa,2028,0.218017578125,0.004693031311035156,,0.0014079093933105468,,1.592761509527918e-05,0.3,0.1,6.183416843414307,0.16172288320899106,15
sa,2029,0.2008056640625,0.004413604736328125,,0.0013240814208984374,,1.590642932569608e-05,0.3,0.1,7.850743293762207,0.12737647412246278,16
sa,2030,0.1346435546875,0.0021533966064453125,,0.0006460189819335937,,1.5885243556112982e-05,0.3,0.1,4.074611663818359,0.24542216105642078,13
sa,2031,0.2060546875,0.00360870361328125,,0.001082611083984375,,1.586406142450869e-05,0.3,0.1,10.203217506408691,0.09800829977131185,15
sa,2032,0.1700439453125,0.00251007080078125,,0.000753021240234375,,1.58428792929044e-05,0.3,0.1,5.837874412536621,0.1712952231128057,14
sa,2033,0.2021484375,0.0016698837280273438,,0.0005009651184082031,,1.582169898028951e-05,0.3,0.1,9.7073335647583,0.10301490036671039,16
sa,2034,0.17626953125,0.002475738525390625,,0.0007427215576171875,,1.5800520486664027e-05,0.3,0.1,10.025115013122559,0.0997494790524629,15
sa,2035,0.160400390625,0.0022978782653808594,,0.0006893634796142578,,1.5779343812027946e-05,0.3,0.1,7.141773223876953,0.1400212480363727,16
sa,2036,0.1610107421875,0.0013661384582519531,,0.00040984153747558594,,1.575816895638127e-05,0.3,0.1,8.722210884094238,0.11464983056344039,15
sa,2037,0.15753173828125,0.00289154052734375,,0.000867462158203125,,1.57369977387134e-05,0.3,0.1,10.478676795959473,0.09543189655258717,16
sa,2038,0.19140625,0.004009246826171875,,0.0012027740478515625,,1.571582652104553e-05,0.3,0.1,7.408939361572266,0.13497208590836515,15
sa,2039,0.1507568359375,0.0033750534057617188,,0.0010125160217285157,,1.5694658941356465e-05,0.3,0.1,4.32015323638916,0.23147327080365623,15
sa,2040,0.1541748046875,0.0050678253173828125,,0.0015203475952148438,,1.5673491361667402e-05,0.3,0.1,3.7414631843566895,0.2672751142336687,15
sa,2041,0.1666259765625,0.002655029296875,,0.0007965087890624999,,1.5652327419957146e-05,0.3,0.1,5.0985212326049805,0.19613530166453214,14
sa,2042,0.146240234375,0.0034537315368652344,,0.0010361194610595704,,1.563116347824689e-05,0.3,0.1,4.373733043670654,0.22863763974967027,15
sa,2043,0.24462890625,0.0043659210205078125,,0.0013097763061523436,,1.5610001355526038e-05,0.3,0.1,10.478585243225098,0.0954327303532266,15
sa,2044,0.1644287109375,0.00321197509765625,,0.000963592529296875,,1.5588844689773396e-05,0.3,0.1,6.3536529541015625,0.15738977360330264,15
sa,2045,0.1761474609375,0.0061492919921875,,0.0018447875976562499,,1.5567689843010157e-05,0.3,0.1,9.534798622131348,0.10487898482500582,15
sa,2046,0.142333984375,0.00432586669921875,,0.001297760009765625,,1.554653499624692e-05,0.3,0.1,7.2545647621154785,0.13784424466401668,16
sa,2047,0.1566162109375,0.0019245147705078125,,0.0005773544311523437,,1.5525381968473084e-05,0.3,0.1,5.115569591522217,0.19548165304157938,15
sa,2048,0.126220703125,0.0023276805877685547,,0.0006983041763305664,,1.5504232578678057e-05,0.3,0.1,5.277486324310303,0.18948414804858574,16
sa,2049,0.172119140625,0.004909515380859375,,0.0014728546142578124,,1.5483086826861836e-05,0.3,0.1,5.115184307098389,0.19549637705376338,15
sa,2050,0.198486328125,0.002875804901123047,,0.000862741470336914,,1.5461941075045615e-05,0.3,0.1,5.340688705444336,0.18724176883415672,15
sa,2051,0.130126953125,0.0032405853271484375,,0.0009721755981445312,,1.5440800780197605e-05,0.3,0.1,5.78062629699707,0.17299163596157077,15
sa,2052,0.19140625,0.003124237060546875,,0.0009372711181640625,,1.5419662304339e-05,0.3,0.1,6.675357818603516,0.14980470368391427,16
sa,2053,0.1358642578125,0.004833221435546875,,0.0014499664306640624,,1.5398525647469796e-05,0.3,0.1,5.879383563995361,0.17008585834131998,16
sa,2054,0.13525390625,0.0032482147216796875,,0.0009744644165039062,,1.5377390809589997e-05,0.3,0.1,5.06088924407959,0.1975937333878302,16
sa,2055,0.1019287109375,0.0026464462280273438,,0.0007939338684082031,,1.5356259609689005e-05,0.3,0.1,4.181378364562988,0.23915558765859588,15
sa,2056,0.131591796875,0.0060577392578125,,0.00181732177734375,,1.5335130228777416e-05,0.3,0.1,5.940627574920654,0.16833238363934241,16
sa,2057,0.14990234375,0.00365447998046875,,0.001096343994140625,,1.531400812382344e-05,0.3,0.1,6.0148396492004395,0.1662554711883186,14
sa,2058,0.174560546875,0.0035512447357177734,,0.001065373420715332,,1.5292884199880064e-05,0.3,0.1,8.355623245239258,0.11967988151808605,14
sa,2059,0.130859375,0.0029163360595703125,,0.0008749008178710937,,1.5271763913915493e-05,0.3,0.1,4.090130805969238,0.24449095822084105,15
sa,2060,0.1658935546875,0.0048370361328125,,0.00145111083984375,,1.525064817542443e-05,0.3,0.1,5.825315952301025,0.17166450853279394,15
sa,2061,0.1300048828125,0.004573822021484375,,0.0013721466064453125,,1.5229534255922772e-05,0.3,0.1,3.836158037185669,0.2606774773892352,15
sa,2062,0.13330078125,0.0021991729736328125,,0.0006597518920898437,,1.5208423064905219e-05,0.3,0.1,5.524855613708496,0.18100020523952867,16
sa,2063,0.1505126953125,0.0030231475830078125,,0.0009069442749023438,,1.5187318240350578e-05,0.3,0.1,6.778161525726318,0.14753263052297125,16
sa,2064,0.1800537109375,0.0049228668212890625,,0.0014768600463867187,,1.5166214325290639e-05,0.3,0.1,7.391350746154785,0.1352932683542628,16
sa,2065,0.1832275390625,0.0031604766845703125,,0.0009481430053710937,,1.5145114048209507e-05,0.3,0.1,6.371943950653076,0.15693797807143417,16
sa,2066,0.1480712890625,0.0035495758056640625,,0.0010648727416992187,,1.5124015590117779e-05,0.3,0.1,5.400667667388916,0.18516229132896717,15
sa,2067,0.14794921875,0.004436492919921875,,0.0013309478759765624,,1.5102925317478366e-05,0.3,0.1,4.323323726654053,0.2313035209079588,15
sa,2068,0.1533203125,0.00460052490234375,,0.001380157470703125,,1.5081835954333656e-05,0.3,0.1,4.972275257110596,0.20111517329414766,15
sa,2069,0.1298828125,0.002034902572631836,,0.0006104707717895508,,1.5060748410178348e-05,0.3,0.1,4.647360324859619,0.21517591279738066,12
sa,2070,0.1839599609375,0.0032806396484375,,0.00098419189453125,,1.5039664504001848e-05,0.3,0.1,7.341735363006592,0.13620757907439468,16
sa,2071,0.1346435546875,0.002231597900390625,,0.0006694793701171875,,1.5018585145298857e-05,0.3,0.1,6.663318634033203,0.15007536858472512,16
sa,2072,0.113037109375,0.003040313720703125,,0.0009120941162109375,,1.4997508515079971e-05,0.3,0.1,4.914954662322998,0.20346067638543816,16
sa,2073,0.1663818359375,0.004055976867675781,,0.0012167930603027342,,1.4976436432334594e-05,0.3,0.1,7.577785491943359,0.13196467504433743,14
sa,2074,0.1435546875,0.00304412841796875,,0.0009132385253906249,,1.4955368897062726e-05,0.3,0.1,6.726256370544434,0.14867110988798937,15
sa,2075,0.129638671875,0.0030536651611328125,,0.0009160995483398437,,1.4934304090274964e-05,0.3,0.1,5.025807857513428,0.19897298670203456,16
sa,2076,0.1812744140625,0.0026063919067382812,,0.0007819175720214844,,1.4913242921466008e-05,0.3,0.1,15.981834411621094,0.06257103998480025,13
sa,2077,0.138427734375,0.003002166748046875,,0.0009006500244140625,,1.489218539063586e-05,0.3,0.1,3.7915968894958496,0.26374111730347083,14
sa,2078,0.17822265625,0.0021905899047851562,,0.0006571769714355469,,1.4871133316773921e-05,0.3,0.1,8.784036636352539,0.1138428767318117,15
sa,2079,0.184326171875,0.0017452239990234375,,0.0005235671997070312,,1.4850083061901387e-05,0.3,0.1,5.721826076507568,0.17476938072370946,15
sa,2080,0.152099609375,0.0043697357177734375,,0.0013109207153320312,,1.4829040082986467e-05,0.3,0.1,6.553136348724365,0.1525986866112835,16
sa,2081,0.214111328125,0.0041351318359375,,0.00124053955078125,,1.480799892306095e-05,0.3,0.1,9.227757453918457,0.10836869141758401,14
sa,2082,0.1292724609375,0.003055572509765625,,0.0009166717529296874,,1.4786962310608942e-05,0.3,0.1,5.489133834838867,0.18217810497771456,15
sa,2083,0.1571044921875,0.003131866455078125,,0.0009395599365234374,,1.4765930245630443e-05,0.3,0.1,4.640045166015625,0.21551514354303003,15
sa,2084,0.154052734375,0.0022237300872802734,,0.000667119026184082,,1.4744901818630751e-05,0.3,0.1,7.244086742401123,0.13804362586477537,16
sa,2085,0.1512451171875,0.0027294158935546875,,0.0008188247680664063,,1.4723877939104568e-05,0.3,0.1,8.044711112976074,0.1243052716196366,16
sa,2086,0.1495361328125,0.002346038818359375,,0.0007038116455078125,,1.4702860426041298e-05,0.3,0.1,9.625414848327637,0.10389162605014833,15
sa,2087,0.1737060546875,0.00693511962890625,,0.002080535888671875,,1.4681843822472729e-05,0.3,0.1,8.927543640136719,0.11201289406239023,16
sa,2088,0.154296875,0.0035636425018310547,,0.0010690927505493163,,1.4660834494861774e-05,0.3,0.1,6.585932731628418,0.1518387813464264,13
sa,2089,0.1407470703125,0.00432586669921875,,0.001297760009765625,,1.4639827895734925e-05,0.3,0.1,8.39670467376709,0.11909433984551,15
sa,2090,0.1324462890625,0.0015354156494140625,,0.00046062469482421875,,1.4618826753576286e-05,0.3,0.1,5.7530341148376465,0.1738213228078903,15
sa,2091,0.203369140625,0.004428863525390625,,0.0013286590576171875,,1.4597829249396455e-05,0.3,0.1,25.66303062438965,0.03896655911907845,15
sa,2092,0.1409912109375,0.003200531005859375,,0.0009601593017578125,,1.4576839021174237e-05,0.3,0.1,11.810463905334473,0.084670679154976,16
sa,2093,0.187255859375,0.00293731689453125,,0.000881195068359375,,1.4555851521436125e-05,0.3,0.1,7.1763787269592285,0.1393460459720915,13
sa,2094,0.139404296875,0.00299835205078125,,0.0008995056152343749,,1.4534868569171522e-05,0.3,0.1,4.550043106079102,0.21977813763213505,14
sa,2095,0.1318359375,0.0031681060791015625,,0.0009504318237304687,,1.4513892892864533e-05,0.3,0.1,4.433319568634033,0.2255646101118115,16
sa,2096,0.14306640625,0.004573822021484375,,0.0013721466064453125,,1.4492919945041649e-05,0.3,0.1,4.604726791381836,0.21716815031710257,14
sa,2097,0.1259765625,0.0025959014892578125,,0.0007787704467773438,,1.4471952454186976e-05,0.3,0.1,4.203427314758301,0.2379011042938661,16
sa,2098,0.1512451171875,0.0026092529296875,,0.00078277587890625,,1.4450990420300514e-05,0.3,0.1,4.504640579223633,0.2219932938961244,15
sa,2099,0.127197265625,0.0034275054931640625,,0.0010282516479492188,,1.443003293388756e-05,0.3,0.1,5.89857816696167,0.1695323808034056,14
sa,2100,0.1290283203125,0.003757476806640625,,0.0011272430419921875,,1.4409079085453413e-05,0.3,0.1,5.366136074066162,0.18635382819173557,16
sa,2101,0.1612548828125,0.003437042236328125,,0.0010311126708984375,,1.4388133422471583e-05,0.3,0.1,7.420616626739502,0.13475969050827838,16
sa,2102,0.144287109375,0.0029659271240234375,,0.0008897781372070312,,1.4367189578479156e-05,0.3,0.1,7.049180030822754,0.1418604710941513,16
sa,2103,0.1395263671875,0.0019054412841796875,,0.0005716323852539062,,1.4346252100949641e-05,0.3,0.1,5.668974876403809,0.17639873553900165,16
sa,2104,0.157958984375,0.0037136077880859375,,0.0011140823364257813,,1.4325321899377741e-05,0.3,0.1,6.381373882293701,0.1567060665062557,15
sa,2105,0.1407470703125,0.0031821727752685547,,0.0009546518325805664,,1.430439624527935e-05,0.3,0.1,4.965300559997559,0.20139767732418834,16
sa,2106,0.159912109375,0.00283050537109375,,0.000849151611328125,,1.4283475138654467e-05,0.3,0.1,10.481488227844238,0.09540629901615348,14
sa,2107,0.141357421875,0.005855560302734375,,0.0017566680908203125,,1.4262559488997795e-05,0.3,0.1,5.135263442993164,0.1947319764800879,16
sa,2108,0.1480712890625,0.0031833648681640625,,0.0009550094604492187,,1.4241649296309333e-05,0.3,0.1,7.341135501861572,0.1362187089104157,14
sa,2109,0.1297607421875,0.0037384033203125,,0.00112152099609375,,1.4220745470083784e-05,0.3,0.1,7.987772464752197,0.12519134770209342,16
sa,2110,0.118896484375,0.003376007080078125,,0.0010128021240234375,,1.4199848010321148e-05,0.3,0.1,4.951703071594238,0.20195071989202343,15
sa,2111,0.1737060546875,0.0022840499877929688,,0.0006852149963378906,,1.4178954188537318e-05,0.3,0.1,8.619573593139648,0.11601501967520804,15
sa,2112,0.183837890625,0.003887176513671875,,0.0011661529541015625,,1.4158066733216401e-05,0.3,0.1,8.541425704956055,0.11707647347675958,15
sa,2113,0.13525390625,0.00504302978515625,,0.0015129089355468749,,1.4137185644358397e-05,0.3,0.1,4.970027446746826,0.20120613230306375,15
sa,2114,0.1207275390625,0.0038213729858398438,,0.001146411895751953,,1.4116310012468603e-05,0.3,0.1,5.54879093170166,0.18021944101132817,16
sa,2115,0.1280517578125,0.0032138824462890625,,0.0009641647338867188,,1.4095439837547019e-05,0.3,0.1,4.504035949707031,0.2220230946569256,16
sa,2116,0.13433837890625,0.0019207000732421875,,0.0005762100219726562,,1.4074577848077752e-05,0.3,0.1,7.348461151123047,0.13608291306638703,13
sa,2117,0.18798828125,0.005039215087890625,,0.0015117645263671875,,1.4053719496587291e-05,0.3,0.1,5.9919843673706055,0.16688962098190832,15
sa,2118,0.09332275390625,0.00514984130859375,,0.001544952392578125,,1.4032867511559743e-05,0.3,0.1,4.536130428314209,0.2204522149006276,15
sa,2119,0.1781005859375,0.00399470329284668,,0.001198410987854004,,1.4012020983500406e-05,0.3,0.1,6.081128120422363,0.16444317241757855,15
sa,2120,0.1512451171875,0.00399017333984375,,0.001197052001953125,,1.3991181731398683e-05,0.3,0.1,6.366711139678955,0.15706696566893807,14
sa,2121,0.0931396484375,0.0036029815673828125,,0.0010808944702148436,,1.397034793626517e-05,0.3,0.1,4.488793849945068,0.22277699387158034,16
sa,2122,0.1044921875,0.002830028533935547,,0.0008490085601806641,,1.3949524145573378e-05,0.3,0.1,4.301816940307617,0.23245991493271012,16
sa,2123,0.11669921875,0.0039825439453125,,0.00119476318359375,,1.392870308336569e-05,0.3,0.1,5.232170581817627,0.19112526710713731,15
sa,2124,0.154052734375,0.0025572776794433594,,0.0007671833038330077,,1.3907888387620915e-05,0.3,0.1,6.500912189483643,0.15382456659200444,16
sa,2125,0.1466064453125,0.0020923614501953125,,0.0006277084350585937,,1.388707914884435e-05,0.3,0.1,7.380143642425537,0.13549871770129163,15
sa,2126,0.1494140625,0.0024013519287109375,,0.0007204055786132812,,1.3866278095520101e-05,0.3,0.1,5.8602800369262695,0.17064030962665436,16
sa,2127,0.1358642578125,0.00470733642578125,,0.001412200927734375,,1.3845483408658765e-05,0.3,0.1,4.368581295013428,0.22890726587632984,16
sa,2128,0.101318359375,0.003582000732421875,,0.0010746002197265625,,1.3824695088260341e-05,0.3,0.1,4.631407260894775,0.2159170946687169,16
sa,2129,0.1470947265625,0.0025556087493896484,,0.0007666826248168945,,1.380391313432483e-05,0.3,0.1,10.088311195373535,0.09912461864366323,13
sa,2130,0.1639404296875,0.003524303436279297,,0.001057291030883789,,1.3783137546852231e-05,0.3,0.1,6.797379970550537,0.14711550690596564,15
sa,2131,0.1497802734375,0.0015475749969482422,,0.00046427249908447265,,1.3762369235337246e-05,0.3,0.1,4.393853664398193,0.22759064738606072,14
sa,2132,0.13330078125,0.006259918212890625,,0.0018779754638671873,,1.3741607290285174e-05,0.3,0.1,7.205296993255615,0.13878678435268268,15
sa,2133,0.13427734375,0.0051422119140625,,0.00154266357421875,,1.3720851711696014e-05,0.3,0.1,5.7861409187316895,0.17282676209330863,16
sa,2134,0.115966796875,0.005001068115234375,,0.0015003204345703125,,1.370010431855917e-05,0.3,0.1,4.252572536468506,0.23515177964029207,16
sa,2135,0.179931640625,0.003432750701904297,,0.001029825210571289,,1.3679363291885238e-05,0.3,0.1,7.6563401222229,0.13061070747072107,15
sa,2136,0.1337890625,0.005023956298828125,,0.0015071868896484374,,1.3658628631674219e-05,0.3,0.1,5.26484489440918,0.1899391188260675,16
sa,2137,0.1397705078125,0.00383758544921875,,0.001151275634765625,,1.3637900337926112e-05,0.3,0.1,6.665365695953369,0.15002927755443532,16
sa,2138,0.1014404296875,0.0038805007934570312,,0.0011641502380371094,,1.3617180229630321e-05,0.3,0.1,4.999181270599365,0.20003275453944627,16
sa,2139,0.115234375,0.0026769638061523438,,0.0008030891418457031,,1.3596466487797443e-05,0.3,0.1,5.709749221801758,0.17513904046462514,16
sa,2140,0.1434326171875,0.00540924072265625,,0.001622772216796875,,1.3575762750406284e-05,0.3,0.1,6.516383171081543,0.15345936138896926,16
sa,2141,0.124755859375,0.00470733642578125,,0.001412200927734375,,1.3555064469983336e-05,0.3,0.1,6.558382511138916,0.15247662031020237,16
sa,2142,0.11572265625,0.00391387939453125,,0.001174163818359375,,1.3534371646528598e-05,0.3,0.1,6.381656646728516,0.15669912302672045,16
sa,2143,0.168212890625,0.004001617431640625,,0.0012004852294921875,,1.3513687918020878e-05,0.3,0.1,8.643506050109863,0.11569379302826883,16
sa,2144,0.1182861328125,0.0038547515869140625,,0.0011564254760742187,,1.349301055597607e-05,0.3,0.1,8.325861930847168,0.12010768474252714,16
sa,2145,0.1707763671875,0.003108978271484375,,0.0009326934814453125,,1.3472340469888877e-05,0.3,0.1,8.769035339355469,0.11403762914627515,14
sa,2146,0.1568603515625,0.003452301025390625,,0.0010356903076171875,,1.3451680388243403e-05,0.3,0.1,4.853472709655762,0.20603803911589855,15
sa,2147,0.1488037109375,0.00501251220703125,,0.001503753662109375,,1.343102576356614e-05,0.3,0.1,6.084973335266113,0.1643392575287706,16
sa,2148,0.1495361328125,0.004088878631591797,,0.001226663589477539,,1.3410378414846491e-05,0.3,0.1,7.772477149963379,0.1286591109508391,15
sa,2149,0.1031494140625,0.003818511962890625,,0.0011455535888671875,,1.338974016107386e-05,0.3,0.1,11.386529922485352,0.08782306873187655,16
sa,2150,0.15576171875,0.003879547119140625,,0.0011638641357421874,,1.3369109183258843e-05,0.3,0.1,4.5801777839660645,0.21833213625478107,16
sa,2151,0.0906982421875,0.0038700103759765625,,0.0011610031127929686,,1.3348484571906738e-05,0.3,0.1,4.12134313583374,0.24263934524289538,15
sa,2152,0.174072265625,0.0028781890869140625,,0.0008634567260742187,,1.3327869964996353e-05,0.3,0.1,9.640579223632812,0.10372820727914467,14
sa,2153,0.11083984375,0.004077911376953125,,0.0012233734130859375,,1.330726172454888e-05,0.3,0.1,5.445565700531006,0.18363565054453174,16
sa,2154,0.128173828125,0.0042324066162109375,,0.0012697219848632811,,1.3286660760059021e-05,0.3,0.1,4.819024085998535,0.20751089476922444,15
sa,2155,0.10791015625,0.002925872802734375,,0.0008777618408203125,,1.326606889051618e-05,0.3,0.1,5.142162322998047,0.19447071818941875,16
sa,2156,0.094482421875,0.0019919872283935547,,0.0005975961685180664,,1.3245483387436252e-05,0.3,0.1,5.2443437576293945,0.19068162695193552,16
sa,2157,0.1292724609375,0.0038318634033203125,,0.0011495590209960936,,1.3224907888798043e-05,0.3,0.1,5.046726703643799,0.1981482372084836,16
sa,2158,0.1219482421875,0.0014247894287109375,,0.00042743682861328124,,1.320434057561215e-05,0.3,0.1,8.099552154541016,0.12346361637283239,14
sa,2159,0.1597900390625,0.00308990478515625,,0.000926971435546875,,1.318377962888917e-05,0.3,0.1,5.644613265991211,0.17716005559229345,16
sa,2160,0.14990234375,0.003253936767578125,,0.0009761810302734374,,1.3163228686607908e-05,0.3,0.1,8.107394218444824,0.12334419334450741,16
sa,2161,0.15771484375,0.0034949779510498047,,0.0010484933853149414,,1.314268411078956e-05,0.3,0.1,5.432634353637695,0.1840727600837703,13
sa,2162,0.1121826171875,0.0014801025390625,,0.00044403076171874997,,1.3122148629918229e-05,0.3,0.1,4.419083118438721,0.2262912855898723,15
sa,2163,0.16162109375,0.0030517578125,,0.00091552734375,,1.3101620425004512e-05,0.3,0.1,6.338282585144043,0.15777144464083154,16
sa,2164,0.1268310546875,0.0020542144775390625,,0.0006162643432617187,,1.3081103134027217e-05,0.3,0.1,7.3179612159729,0.13665008196781664,16
sa,2165,0.110107421875,0.0026025772094726562,,0.0007807731628417968,,1.3060593119007535e-05,0.3,0.1,4.313831806182861,0.2318124685730064,15
sa,2166,0.10205078125,0.0032405853271484375,,0.0009721755981445312,,1.304009128944017e-05,0.3,0.1,4.152196407318115,0.24083639161132445,16
sa,2167,0.1290283203125,0.003997802734375,,0.0011993408203125,,1.3019596735830419e-05,0.3,0.1,5.859583377838135,0.1706605974380631,15
sa,2168,0.152587890625,0.0029125213623046875,,0.0008737564086914062,,1.2999113096157089e-05,0.3,0.1,6.126194477081299,0.16323347287473475,16
sa,2169,0.1153564453125,0.0023250579833984375,,0.0006975173950195312,,1.2978637641936075e-05,0.3,0.1,4.99537992477417,0.20018497392772538,15
sa,2170,0.072509765625,0.004459381103515625,,0.0013378143310546875,,1.2958169463672675e-05,0.3,0.1,3.035677433013916,0.3294157637187323,16
sa,2171,0.1572265625,0.00359344482421875,,0.0010780334472656249,,1.2937711289850995e-05,0.3,0.1,7.3041205406188965,0.13690902202926508,16
sa,2172,0.1107177734375,0.0035457611083984375,,0.0010637283325195311,,1.2917260391986929e-05,0.3,0.1,3.8530337810516357,0.25953574684908753,15
sa,2173,0.1265869140625,0.001222372055053711,,0.00036671161651611326,,1.2896819498564582e-05,0.3,0.1,4.771029472351074,0.20959836986863523,12
sa,2174,0.169189453125,0.0026798248291015625,,0.0008039474487304688,,1.2876387700089253e-05,0.3,0.1,8.826685905456543,0.11329280442411721,15
sa,2175,0.1510009765625,0.00266265869140625,,0.000798797607421875,,1.2855965906055644e-05,0.3,0.1,5.368917465209961,0.18625728677706416,16
sa,2176,0.116943359375,0.0035500526428222656,,0.0010650157928466797,,1.2835550478484947e-05,0.3,0.1,5.867753982543945,0.17042295961536774,16
sa,2177,0.13671875,0.002445220947265625,,0.0007335662841796874,,1.2815146874345373e-05,0.3,0.1,7.646315574645996,0.1307819420003859,16
sa,2178,0.1058349609375,0.0021409988403320312,,0.0006422996520996094,,1.2794750546163414e-05,0.3,0.1,3.1736202239990234,0.3150975634822233,15
sa,2179,0.1280517578125,0.003116607666015625,,0.0009349822998046875,,1.2774364222423173e-05,0.3,0.1,6.082746982574463,0.16439940751518153,16
sa,2180,0.1336669921875,0.004364013671875,,0.0013092041015625,,1.275398608413525e-05,0.3,0.1,5.180545330047607,0.1930298716237293,16
sa,2181,0.10888671875,0.00191497802734375,,0.000574493408203125,,1.2733619769278448e-05,0.3,0.1,4.946410655975342,0.20216679720920144,15
sa,2182,0.115966796875,0.004467010498046875,,0.0013401031494140625,,1.271325982088456e-05,0.3,0.1,8.449464797973633,0.11835069130530279,15
sa,2183,0.10015869140625,0.001590728759765625,,0.0004772186279296875,,1.269290987693239e-05,0.3,0.1,4.5865936279296875,0.21802672770279485,15
sa,2184,0.129150390625,0.0041408538818359375,,0.0012422561645507812,,1.2672569027927238e-05,0.3,0.1,4.882158279418945,0.2048274436770239,16
sa,2185,0.09295654296875,0.0020995140075683594,,0.0006298542022705077,,1.2652237273869105e-05,0.3,0.1,3.4365460872650146,0.2909898411389713,15
sa,2186,0.108642578125,0.002132415771484375,,0.0006397247314453125,,1.2631916433747392e-05,0.3,0.1,5.211628437042236,0.19187860609793042,16
sa,2187,0.10107421875,0.0021495819091796875,,0.0006448745727539062,,1.2611605598067399e-05,0.3,0.1,3.4861016273498535,0.28685337000923966,16
sa,2188,0.134033203125,0.002521514892578125,,0.0007564544677734374,,1.2591302947839722e-05,0.3,0.1,4.489227294921875,0.22275548425253053,15
sa,2189,0.1671142578125,0.002716064453125,,0.0008148193359375,,1.2571010302053764e-05,0.3,0.1,6.655696392059326,0.15024723801900944,15
sa,2190,0.12890625,0.0024623870849609375,,0.0007387161254882813,,1.2550725841720123e-05,0.3,0.1,4.941738128662109,0.20235795057613318,16
sa,2191,0.0955810546875,0.00260162353515625,,0.000780487060546875,,1.2530453204817604e-05,0.3,0.1,3.706958532333374,0.26976293132972873,16
sa,2192,0.15625,0.0034942626953125,,0.00104827880859375,,1.2510188753367402e-05,0.3,0.1,5.465893745422363,0.18295269659010313,16
sa,2193,0.1380615234375,0.003050565719604492,,0.0009151697158813477,,1.2489937034843024e-05,0.3,0.1,6.955036640167236,0.14378069473059665,14
sa,2194,0.125,0.003387451171875,,0.0010162353515625,,1.2469693501770962e-05,0.3,0.1,6.1025190353393555,0.16386675636881334,16
sa,2195,0.0906982421875,0.001575469970703125,,0.00047264099121093747,,1.2449459063645918e-05,0.3,0.1,4.78383207321167,0.20903743791504803,15
sa,2196,0.1185302734375,0.0021076202392578125,,0.0006322860717773438,,1.2429234629962593e-05,0.3,0.1,7.160942077636719,0.13964643047776526,16
sa,2197,0.09771728515625,0.00228118896484375,,0.000684356689453125,,1.2409020200720988e-05,0.3,0.1,4.7830352783203125,0.209072260983025,16
sa,2198,0.1571044921875,0.00324249267578125,,0.000972747802734375,,1.2388816685415804e-05,0.3,0.1,9.26287841796875,0.10795780262646364,16
sa,2199,0.1298828125,0.0030231475830078125,,0.0009069442749023438,,1.2368624993541744e-05,0.3,0.1,3.7314393520355225,0.26799310015704636,15
sa,2200,0.1072998046875,0.002323150634765625,,0.0006969451904296875,,1.2348441487119999e-05,0.3,0.1,3.801502227783203,0.2630539034520406,15
sa,2201,0.12744140625,0.0029048919677734375,,0.0008714675903320312,,1.2328267075645272e-05,0.3,0.1,4.8033246994018555,0.20818913202443448,16
sa,2202,0.10888671875,0.004268646240234375,,0.0012805938720703125,,1.230810539709637e-05,0.3,0.1,3.715667247772217,0.2691306657235157,14
sa,2203,0.1298828125,0.0042095184326171875,,0.0012628555297851563,,1.2287951903999783e-05,0.3,0.1,4.136341571807861,0.24175953137325945,14
sa,2204,0.0880126953125,0.0020101070404052734,,0.000603032112121582,,1.2267809324839618e-05,0.3,0.1,3.5532643795013428,0.2814313524681599,13
sa,2205,0.0859375,0.0024671554565429688,,0.0007401466369628906,,1.2247681297594681e-05,0.3,0.1,5.0817413330078125,0.19678294003368996,16
sa,2206,0.1605224609375,0.0039234161376953125,,0.0011770248413085938,,1.2227559636812657e-05,0.3,0.1,5.033712863922119,0.19866051700470452,15
sa,2207,0.156982421875,0.003220081329345703,,0.0009660243988037109,,1.2207448889967054e-05,0.3,0.1,5.458827018737793,0.18318953807611643,13
sa,2208,0.1417236328125,0.003025054931640625,,0.0009075164794921874,,1.218734814756317e-05,0.3,0.1,8.06723403930664,0.1239582234911766,14
sa,2209,0.101806640625,0.0024127960205078125,,0.0007238388061523438,,1.216725922859041e-05,0.3,0.1,6.194239616394043,0.16144031583042745,15
sa,2210,0.122802734375,0.0022056102752685547,,0.0006616830825805663,,1.2147179404564667e-05,0.3,0.1,5.506309986114502,0.18160982627598934,15
sa,2211,0.09210205078125,0.002899169921875,,0.0008697509765625,,1.2127113222959451e-05,0.3,0.1,7.397796630859375,0.13517538395534856,16
sa,2212,0.102294921875,0.003093719482421875,,0.0009281158447265624,,1.2107056136301253e-05,0.3,0.1,6.235154151916504,0.16038095861553467,16
sa,2213,0.09246826171875,0.002773284912109375,,0.0008319854736328125,,1.2087009963579476e-05,0.3,0.1,5.444370746612549,0.18367595568729284,16
sa,2214,0.06640625,0.0031452178955078125,,0.0009435653686523437,,1.2066973795299418e-05,0.3,0.1,3.1598052978515625,0.31647519569637,16
sa,2215,0.156005859375,0.0034637451171875,,0.00103912353515625,,1.2046949450450484e-05,0.3,0.1,6.340365409851074,0.15771961635622647,15
sa,2216,0.10986328125,0.0020589828491210938,,0.0006176948547363281,,1.2026935110043269e-05,0.3,0.1,9.665294647216797,0.10346296067528148,15
sa,2217,0.08087158203125,0.001983642578125,,0.0005950927734375,,1.2006935321551282e-05,0.3,0.1,3.0933761596679688,0.32327138646705555,16
sa,2218,0.088623046875,0.001401662826538086,,0.0004204988479614258,,1.198694280901691e-05,0.3,0.1,3.9110870361328125,0.2556833920496885,14
sa,2219,0.1068115234375,0.0028057098388671875,,0.0008417129516601563,,1.196696211991366e-05,0.3,0.1,5.581455707550049,0.17916472913102177,15
sa,2220,0.09112548828125,0.003337860107421875,,0.0010013580322265625,,1.1946993254241534e-05,0.3,0.1,4.0794596672058105,0.24513050295333377,16
sa,2221,0.082763671875,0.00223541259765625,,0.0006706237792968749,,1.1927035302505828e-05,0.3,0.1,3.207878351211548,0.31173251929030327,16
sa,2222,0.10589599609375,0.0022830963134765625,,0.0006849288940429687,,1.1907088264706545e-05,0.3,0.1,3.3623692989349365,0.29740932987841634,16
sa,2223,0.148193359375,0.005611419677734375,,0.0016834259033203125,,1.1887154869327787e-05,0.3,0.1,4.355225563049316,0.22960923275345785,15
sa,2224,0.09466552734375,0.0021724700927734375,,0.0006517410278320312,,1.186723147839075e-05,0.3,0.1,8.220941543579102,0.12164056813918617,16
sa,2225,0.1236572265625,0.0029430389404296875,,0.0008829116821289062,,1.1847318091895431e-05,0.3,0.1,6.0363945960998535,0.16566180094424332,15
sa,2226,0.1085205078125,0.002524852752685547,,0.0007574558258056641,,1.1827416528831236e-05,0.3,0.1,3.81459641456604,0.26215093061522815,14
sa,2227,0.073486328125,0.0028798580169677734,,0.000863957405090332,,1.1807526789198164e-05,0.3,0.1,2.5892348289489746,0.3862144865423123,14
sa,2228,0.1226806640625,0.0018482208251953125,,0.0005544662475585937,,1.1787649782490917e-05,0.3,0.1,6.9500041007995605,0.14388480718809293,16
sa,2229,0.1182861328125,0.003154754638671875,,0.0009464263916015625,,1.176778368972009e-05,0.3,0.1,5.306769847869873,0.18843854711381502,16
sa,2230,0.082275390625,0.0020198822021484375,,0.0006059646606445312,,1.174793032987509e-05,0.3,0.1,3.017788887023926,0.33136844141081623,13
sa,2231,0.0987548828125,0.003536224365234375,,0.0010608673095703124,,1.1728086974471807e-05,0.3,0.1,2.9615437984466553,0.3376617291712873,15
sa,2232,0.1219482421875,0.0018739700317382812,,0.0005621910095214844,,1.1708255442499649e-05,0.3,0.1,4.5378642082214355,0.22036798681376557,14
sa,2233,0.1558837890625,0.0036449432373046875,,0.0010934829711914062,,1.1688438462442718e-05,0.3,0.1,12.186155319213867,0.08206033599648148,16
sa,2234,0.1136474609375,0.00263214111328125,,0.000789642333984375,,1.1668630577332806e-05,0.3,0.1,6.431338310241699,0.1554886326548134,14
sa,2235,0.1019287109375,0.0029773712158203125,,0.0008932113647460937,,1.164883633464342e-05,0.3,0.1,5.512784957885742,0.18139651875401994,16
sa,2236,0.1524658203125,0.0027942657470703125,,0.0008382797241210938,,1.1629052096395753e-05,0.3,0.1,5.53462028503418,0.18068086851487128,15
sa,2237,0.1285400390625,0.003376007080078125,,0.0010128021240234375,,1.1609280591073912e-05,0.3,0.1,4.700316905975342,0.21275161228570277,14
sa,2238,0.10028076171875,0.0022373199462890625,,0.0006711959838867187,,1.1589520909183193e-05,0.3,0.1,3.7443768978118896,0.26706713220679584,13
sa,2239,0.09722900390625,0.0020999908447265625,,0.0006299972534179688,,1.15697739602183e-05,0.3,0.1,3.3819327354431152,0.29568890874731596,14
sa,2240,0.14013671875,0.003658294677734375,,0.0010974884033203125,,1.1550038834684528e-05,0.3,0.1,3.8818697929382324,0.257607816166108,16
sa,2241,0.10546875,0.0023097991943359375,,0.0006929397583007813,,1.1530317351571284e-05,0.3,0.1,6.401670932769775,0.15620921639084243,16
sa,2242,0.1314697265625,0.014781951904296875,,0.0044345855712890625,,1.151060587289976e-05,0.3,0.1,7.235779762268066,0.1382021057653845,13
sa,2243,0.0977783203125,0.0046329498291015625,,0.0013898849487304686,,1.1490908036648761e-05,0.3,0.1,3.6031744480133057,0.27753305159881264,14
sa,2244,0.1116943359375,0.0019207000732421875,,0.0005762100219726562,,1.1471221114334185e-05,0.3,0.1,9.891840934753418,0.10109341694796752,14
sa,2245,0.122314453125,0.0008428096771240234,,0.00025284290313720703,,1.1451547834440134e-05,0.3,0.1,6.77457332611084,0.14761077220107113,15
sa,2246,0.127685546875,0.001995086669921875,,0.0005985260009765625,,1.1431886377977207e-05,0.3,0.1,4.692751884460449,0.21309458173388499,15
sa,2247,0.1348876953125,0.005145072937011719,,0.0015435218811035156,,1.1412239473429509e-05,0.3,0.1,5.0323967933654785,0.1987124706299714,16
sa,2248,0.0972900390625,0.002040863037109375,,0.0006122589111328125,,1.139260257332353e-05,0.3,0.1,4.683303356170654,0.21352449840397678,16
sa,2249,0.0726318359375,0.0020771026611328125,,0.0006231307983398437,,1.1372980225132778e-05,0.3,0.1,3.081644058227539,0.3245021102713489,15
sa,2250,0.10205078125,0.00333404541015625,,0.001000213623046875,,1.1353368790878449e-05,0.3,0.1,4.8152618408203125,0.20767302652635047,16
sa,2251,0.1072998046875,0.002964019775390625,,0.0008892059326171875,,1.1333770089549944e-05,0.3,0.1,4.844822883605957,0.20640589429674036,15
sa,2252,0.110595703125,0.0023193359375,,0.00069580078125,,1.1314185030641966e-05,0.3,0.1,4.4709062576293945,0.22366829952955206,14
sa,2253,0.1134033203125,0.0024127960205078125,,0.0007238388061523438,,1.1294613614154514e-05,0.3,0.1,3.773934841156006,0.26497542805844704,16
sa,2254,0.09173583984375,0.0031585693359375,,0.0009475708007812499,,1.1275054021098185e-05,0.3,0.1,4.525084018707275,0.22099037186179799,16
sa,2255,0.0994873046875,0.0032100677490234375,,0.0009630203247070312,,1.1255507160967682e-05,0.3,0.1,4.168935298919678,0.23986939789138398,15
sa,2256,0.07843017578125,0.00325775146484375,,0.000977325439453125,,1.1235973943257704e-05,0.3,0.1,3.788250207901001,0.2639741160481798,16
sa,2257,0.07635498046875,0.002506256103515625,,0.0007518768310546875,,1.121645254897885e-05,0.3,0.1,3.586111068725586,0.27885360515489416,11
sa,2258,0.1168212890625,0.003795623779296875,,0.0011386871337890625,,1.1196943887625821e-05,0.3,0.1,6.368503093719482,0.1570227705449628,16
sa,2259,0.09075927734375,0.006946563720703125,,0.0020839691162109373,,1.1177450687682722e-05,0.3,0.1,4.990944862365723,0.20036286265963615,16
sa,2260,0.1455078125,0.0034332275390625,,0.00102996826171875,,1.1157969311170746e-05,0.3,0.1,9.160767555236816,0.10916115860055231,15
sa,2261,0.08331298828125,0.0043792724609375,,0.00131378173828125,,1.1138502486573998e-05,0.3,0.1,4.929073333740234,0.2028778904859971,14
sa,2262,0.060455322265625,0.00208282470703125,,0.0006248474121093749,,1.1119046575913671e-05,0.3,0.1,3.39670467376709,0.29440298643654456,15
sa,2263,0.1141357421875,0.002933025360107422,,0.0008799076080322265,,1.1099604307673872e-05,0.3,0.1,4.028386116027832,0.24823836921224535,16
sa,2264,0.0999755859375,0.002674102783203125,,0.0008022308349609374,,1.1080175681854598e-05,0.3,0.1,3.8322362899780273,0.26094424360396984,16
sa,2265,0.181640625,0.0041046142578125,,0.00123138427734375,,1.1060761607950553e-05,0.3,0.1,10.414717674255371,0.0960179652754243,15
sa,2266,0.097900390625,0.00380706787109375,,0.001142120361328125,,1.1041359357477631e-05,0.3,0.1,4.867634296417236,0.20543860510146333,15
sa,2267,0.1318359375,0.002712249755859375,,0.0008136749267578124,,1.1021971658919938e-05,0.3,0.1,5.713314533233643,0.17502974747550198,16
sa,2268,0.09136962890625,0.0028839111328125,,0.0008651733398437499,,1.1002597602782771e-05,0.3,0.1,3.9428699016571045,0.2536223677021961,16
sa,2269,0.0712890625,0.00261688232421875,,0.0007850646972656249,,1.0983235370076727e-05,0.3,0.1,4.296288013458252,0.232759069426321,15
sa,2270,0.1112060546875,0.0034122467041015625,,0.0010236740112304686,,1.0963888598780613e-05,0.3,0.1,13.875630378723145,0.07206879779194734,14
sa,2271,0.0792236328125,0.003345489501953125,,0.0010036468505859374,,1.0944555469905026e-05,0.3,0.1,3.827733278274536,0.2612512229302402,16
sa,2272,0.082275390625,0.00197601318359375,,0.000592803955078125,,1.0925234164460562e-05,0.3,0.1,4.065863609313965,0.24595020789906194,15
sa,2273,0.1226806640625,0.003688812255859375,,0.0011066436767578124,,1.0905927410931326e-05,0.3,0.1,4.952949047088623,0.2018999166946421,15
sa,2274,0.127685546875,0.002349853515625,,0.0007049560546874999,,1.0886634299822617e-05,0.3,0.1,5.246002674102783,0.19062132868070425,15
sa,2275,0.14794921875,0.0031862258911132812,,0.0009558677673339843,,1.0867355740629137e-05,0.3,0.1,12.677437782287598,0.0788802924670756,14
sa,2276,0.08428955078125,0.00270843505859375,,0.000812530517578125,,1.0848091733350884e-05,0.3,0.1,3.330655097961426,0.30024123500871164,15
sa,2277,0.1014404296875,0.00208282470703125,,0.0006248474121093749,,1.0828839549503755e-05,0.3,0.1,3.2234153747558594,0.31022995293485556,14
sa,2278,0.09991455078125,0.0036237239837646484,,0.0010871171951293945,,1.0809603736561257e-05,0.3,0.1,5.79483699798584,0.17256740790941633,15
sa,2279,0.14599609375,0.002887725830078125,,0.0008663177490234375,,1.0790381566039287e-05,0.3,0.1,5.6587114334106445,0.17671867734688063,16
sa,2280,0.1041259765625,0.003570556640625,,0.0010711669921875,,1.0771171218948439e-05,0.3,0.1,4.409160137176514,0.22680056266687748,16
sa,2281,0.1270751953125,0.005828857421875,,0.0017486572265625,,1.0751978152256925e-05,0.3,0.1,5.273489475250244,0.18962776064942213,16
sa,2282,0.13525390625,0.00408172607421875,,0.001224517822265625,,1.073279509000713e-05,0.3,0.1,7.4540181159973145,0.13415583171898482,15
sa,2283,0.10986328125,0.0025191307067871094,,0.0007557392120361327,,1.0713630217651371e-05,0.3,0.1,5.182433128356934,0.192959556878459,15
sa,2284,0.106689453125,0.004094123840332031,,0.0012282371520996092,,1.0694476259232033e-05,0.3,0.1,3.4312164783477783,0.29144182720920203,15
sa,2285,0.1068115234375,0.0024852752685546875,,0.0007455825805664062,,1.067534049070673e-05,0.3,0.1,5.110864639282227,0.19566160925374082,16
sa,2286,0.1668701171875,0.0017650127410888672,,0.0005295038223266602,,1.0656218364601955e-05,0.3,0.1,6.517203330993652,0.15344004923773552,15
sa,2287,0.1441650390625,0.0021123886108398438,,0.0006337165832519531,,1.0637108061928302e-05,0.3,0.1,6.4998650550842285,0.15384934787496776,15
sa,2288,0.1038818359375,0.002785205841064453,,0.0008355617523193359,,1.0618015039653983e-05,0.3,0.1,5.812660217285156,0.17203826864441374,16
sa,2289,0.0936279296875,0.003902435302734375,,0.0011707305908203124,,1.0598936569294892e-05,0.3,0.1,4.160381317138672,0.24036258308355163,16
sa,2290,0.0941162109375,0.00182342529296875,,0.000547027587890625,,1.0579869012872223e-05,0.3,0.1,4.434430122375488,0.22550811996205458,15
sa,2291,0.089111328125,0.003093719482421875,,0.0009281158447265624,,1.0560819646343589e-05,0.3,0.1,5.413690567016602,0.18471687430615083,16
sa,2292,0.1004638671875,0.0022068023681640625,,0.0006620407104492187,,1.0541783922235481e-05,0.3,0.1,3.928179979324341,0.25457082039606627,14
sa,2293,0.10888671875,0.002659320831298828,,0.0007977962493896484,,1.05227618405479e-05,0.3,0.1,4.961833953857422,0.20153838465766905,16
sa,2294,0.1021728515625,0.0029296875,,0.0008789062499999999,,1.050375522027025e-05,0.3,0.1,6.345178127288818,0.1575999885171517,16
sa,2295,0.1064453125,0.0020580291748046875,,0.0006174087524414062,,1.0484763151907828e-05,0.3,0.1,5.426853179931641,0.18426885099784412,16
sa,2296,0.083740234375,0.0029506683349609375,,0.0008852005004882812,,1.0465787454450037e-05,0.3,0.1,5.4459710121154785,0.18362198362336704,16
sa,2297,0.1324462890625,0.002765655517578125,,0.0008296966552734375,,1.0446826308907475e-05,0.3,0.1,5.339655876159668,0.18727798629585277,16
sa,2298,0.08544921875,0.0021610260009765625,,0.0006483078002929687,,1.0427877896290738e-05,0.3,0.1,4.109887599945068,0.2433156566163429,15
sa,2299,0.1182861328125,0.0024564266204833984,,0.0007369279861450196,,1.0408945854578633e-05,0.3,0.1,4.232889652252197,0.2362452324898026,15
sa,2300,0.0838623046875,0.0021944046020507812,,0.0006583213806152343,,1.0390027455287054e-05,0.3,0.1,3.818505048751831,0.261882592070128,15
sa,2301,0.0797119140625,0.0017852783203125,,0.00053558349609375,,1.037112633639481e-05,0.3,0.1,3.624535083770752,0.275897453573455,15
sa,2302,0.0753173828125,0.0024471282958984375,,0.0007341384887695312,,1.035223885992309e-05,0.3,0.1,2.399444341659546,0.4167631574685172,15
sa,2303,0.0859375,0.0014734268188476562,,0.0004420280456542969,,1.0333367754356004e-05,0.3,0.1,4.536431789398193,0.2204375699722933,14
sa,2304,0.0880126953125,0.0034847259521484375,,0.0010454177856445313,,1.0314512110198848e-05,0.3,0.1,4.462880611419678,0.22407052463854552,16
sa,2305,0.10089111328125,0.0022220611572265625,,0.0006666183471679688,,1.0295671927451622e-05,0.3,0.1,6.670035362243652,0.1499242426300454,16
sa,2306,0.1231689453125,0.0013594627380371094,,0.0004078388214111328,,1.027684447763022e-05,0.3,0.1,5.981067657470703,0.1671942297377194,15
sa,2307,0.1063232421875,0.0020494461059570312,,0.0006148338317871093,,1.0258035217702854e-05,0.3,0.1,4.017518520355225,0.24890986685770924,15
sa,2308,0.0792236328125,0.0043010711669921875,,0.0012903213500976562,,1.0239237781206612e-05,0.3,0.1,3.32491397857666,0.30075966068393845,16
sa,2309,0.1068115234375,0.0025634765625,,0.00076904296875,,1.0220459444099106e-05,0.3,0.1,4.23971700668335,0.23586479909475871,13
sa,2310,0.07098388671875,0.0018472671508789062,,0.0005541801452636719,,1.0201695658906829e-05,0.3,0.1,3.321732997894287,0.301047676208148,15
sa,2311,0.06585693359375,0.0045928955078125,,0.00137786865234375,,1.018294642562978e-05,0.3,0.1,2.075550079345703,0.48179998639938393,14
sa,2312,0.080078125,0.002155303955078125,,0.0006465911865234375,,1.0164213563257363e-05,0.3,0.1,4.40052604675293,0.22724555868448554,16
sa,2313,0.07794189453125,0.0021228790283203125,,0.0006368637084960937,,1.0145494343305472e-05,0.3,0.1,3.198932409286499,0.31260429169963094,16
sa,2314,0.0872802734375,0.00348663330078125,,0.001045989990234375,,1.0126794222742319e-05,0.3,0.1,3.284625291824341,0.30444873041959125,15
sa,2315,0.085693359375,0.001949310302734375,,0.0005847930908203124,,1.0108109563589096e-05,0.3,0.1,3.669283151626587,0.27253279691884824,15
sa,2316,0.094482421875,0.00348663330078125,,0.001045989990234375,,1.0089436727866996e-05,0.3,0.1,7.081614017486572,0.1412107462409993,16
sa,2317,0.09710693359375,0.0025310516357421875,,0.0007593154907226562,,1.0070783901028335e-05,0.3,0.1,4.7784857749938965,0.20927131461457105,15
sa,2318,0.1226806640625,0.0045318603515625,,0.00135955810546875,,1.0052142897620797e-05,0.3,0.1,5.290205001831055,0.1890285914541834,16
sa,2319,0.0770263671875,0.0036163330078125,,0.00108489990234375,,1.0033520993601996e-05,0.3,0.1,3.367969274520874,0.29691482269898667,16
sa,2320,0.08856201171875,0.00289154052734375,,0.000867462158203125,,1.0014912732003722e-05,0.3,0.1,5.093029975891113,0.1963467728903427,14
sa,2321,0.08349609375,0.0017871856689453125,,0.0005361557006835937,,9.996322660299484e-06,0.3,0.1,3.938683271408081,0.2538919560400447,16
sa,2322,0.09716796875,0.0026335716247558594,,0.0007900714874267577,,9.977748959499877e-06,0.3,0.1,4.951927661895752,0.20194156059565072,15
sa,2323,0.095703125,0.00335693359375,,0.001007080078125,,9.959188901120797e-06,0.3,0.1,4.022455215454102,0.2486043837500148,15
sa,2324,0.087646484375,0.002834320068359375,,0.0008502960205078125,,9.940647942130454e-06,0.3,0.1,3.226165533065796,0.3099654961131858,14
sa,2325,0.0906982421875,0.0021123886108398438,,0.0006337165832519531,,9.922120625560638e-06,0.3,0.1,5.543287754058838,0.1803983564208429,16
sa,2326,0.1077880859375,0.002201080322265625,,0.0006603240966796875,,9.903611498884857e-06,0.3,0.1,4.581789016723633,0.21825535753610162,16
sa,2327,0.0789794921875,0.0026836395263671875,,0.0008050918579101562,,9.885118743113708e-06,0.3,0.1,3.773613452911377,0.26499799528446427,16
sa,2328,0.0631103515625,0.0025424957275390625,,0.0007627487182617187,,9.866638720268384e-06,0.3,0.1,2.999661445617676,0.3333709547325548,14
sa,2329,0.0836181640625,0.0028896331787109375,,0.0008668899536132812,,9.8481796158012e-06,0.3,0.1,3.7431201934814453,0.26715679655210545,14
sa,2330,0.0928955078125,0.0033111572265625,,0.00099334716796875,,9.82973233476514e-06,0.3,0.1,3.9188828468322754,0.25517476257508526,16
sa,2331,0.0997314453125,0.0022268295288085938,,0.0006680488586425781,,9.811305062612519e-06,0.3,0.1,4.619112014770508,0.21649182717420704,15
sa,2332,0.1160888671875,0.0024700164794921875,,0.0007410049438476562,,9.792893251869828e-06,0.3,0.1,5.699100017547607,0.17546630115649597,16
sa,2333,0.0745849609375,0.0021686553955078125,,0.0006505966186523437,,9.77449872152647e-06,0.3,0.1,2.934279680252075,0.3407991428799633,14
sa,2334,0.096923828125,0.0024394989013671875,,0.0007318496704101562,,9.756121471582446e-06,0.3,0.1,3.7591607570648193,0.2660168225369557,16
sa,2335,0.08135986328125,0.00304412841796875,,0.0009132385253906249,,9.737757864058949e-06,0.3,0.1,4.24105167388916,0.23579057198399395,16
sa,2336,0.1217041015625,0.00225067138671875,,0.000675201416015625,,9.719412446429487e-06,0.3,0.1,4.061922073364258,0.24618886870268222,15
sa,2337,0.08294677734375,0.002192974090576172,,0.0006578922271728516,,9.701082490209956e-06,0.3,0.1,2.9067931175231934,0.344021731017471,15
sa,2338,0.077728271484375,0.00260162353515625,,0.000780487060546875,,9.682772542873863e-06,0.3,0.1,4.3774237632751465,0.22844486942059491,15
sa,2339,0.1241455078125,0.00470733642578125,,0.001412200927734375,,9.6644780569477e-06,0.3,0.1,3.516127347946167,0.2844038059611572,15
sa,2340,0.0653076171875,0.0022029876708984375,,0.0006608963012695312,,9.646199032431468e-06,0.3,0.1,3.20216965675354,0.3122882630190904,16
sa,2341,0.0933837890625,0.002795696258544922,,0.0008387088775634765,,9.627938197809272e-06,0.3,0.1,5.9963274002075195,0.16676874581020915,12
sa,2342,0.09814453125,0.0015659332275390625,,0.0004697799682617187,,9.609692824597005e-06,0.3,0.1,5.181639671325684,0.19298910449791223,16
sa,2343,0.1041259765625,0.0027513504028320312,,0.0008254051208496094,,9.591466550773475e-06,0.3,0.1,5.703433990478516,0.17533296636191986,16
sa,2344,0.09735107421875,0.0024127960205078125,,0.0007238388061523438,,9.573253919370472e-06,0.3,0.1,6.058106422424316,0.16506808072873416,15
sa,2345,0.1478271484375,0.0032196044921875,,0.00096588134765625,,9.555063115840312e-06,0.3,0.1,16.954086303710938,0.05898283057466319,16
sa,2346,0.0771484375,0.00189208984375,,0.0005676269531249999,,9.536887773720082e-06,0.3,0.1,3.5866756439208984,0.2788097110746305,14
sa,2347,0.0711669921875,0.0016021728515625,,0.00048065185546875,,9.518727893009782e-06,0.3,0.1,3.183992862701416,0.31407105578483097,15
sa,2348,0.0787353515625,0.002605438232421875,,0.0007816314697265625,,9.500587111688219e-06,0.3,0.1,3.669804573059082,0.27249407430064276,15
sa,2349,0.09429931640625,0.0035686492919921875,,0.0010705947875976562,,9.482461791776586e-06,0.3,0.1,4.119058609008789,0.2427739187330088,15
sa,2350,0.0814208984375,0.0018205642700195312,,0.0005461692810058593,,9.464355571253691e-06,0.3,0.1,3.120358943939209,0.3204759509935028,16
sa,2351,0.0966796875,0.0019621849060058594,,0.0005886554718017578,,9.446266631130129e-06,0.3,0.1,6.28955602645874,0.15899373434201494,14
sa,2352,0.0777587890625,0.00351715087890625,,0.0010551452636718749,,9.428193152416497e-06,0.3,0.1,3.1903340816497803,0.31344679723412594,16
sa,2353,0.09271240234375,0.0026760101318359375,,0.0008028030395507812,,9.410140592081007e-06,0.3,0.1,3.8389604091644287,0.2604871875242015,15
sa,2354,0.0509033203125,0.002353668212890625,,0.0007061004638671875,,9.39210076467134e-06,0.3,0.1,2.6063320636749268,0.38368096450074,16
sa,2355,0.09814453125,0.0031719207763671875,,0.0009515762329101562,,9.374082765134517e-06,0.3,0.1,5.7822957038879395,0.1729416915374309,15
sa,2356,0.081787109375,0.0029277801513671875,,0.0008783340454101562,,9.35607840801822e-06,0.3,0.1,5.780416011810303,0.17299792920731694,16
sa,2357,0.11376953125,0.0037174224853515625,,0.0011152267456054686,,9.338094969280064e-06,0.3,0.1,5.210395336151123,0.19192401641037318,15
sa,2358,0.085693359375,0.0031585693359375,,0.0009475708007812499,,9.320131539425347e-06,0.3,0.1,4.309160232543945,0.2320637771711827,16
sa,2359,0.07611083984375,0.0012118816375732422,,0.0003635644912719726,,9.302181751991156e-06,0.3,0.1,3.4176032543182373,0.2926027176315659,16
sa,2360,0.0972900390625,0.0023403167724609375,,0.0007020950317382812,,9.284251063945703e-06,0.3,0.1,5.228291034698486,0.19126708772777215,16
sa,2361,0.0865478515625,0.0030727386474609375,,0.0009218215942382812,,9.266336746804882e-06,0.3,0.1,6.146734237670898,0.16268801632440788,15
sa,2362,0.0771484375,0.0029468536376953125,,0.0008840560913085938,,9.248441529052798e-06,0.3,0.1,2.4307496547698975,0.41139571820474585,13
sa,2363,0.11279296875,0.00222015380859375,,0.000666046142578125,,9.230564501194749e-06,0.3,0.1,3.730552911758423,0.26805677969291763,13
sa,2364,0.0667724609375,0.001903533935546875,,0.0005710601806640625,,9.21270293474663e-06,0.3,0.1,3.302802801132202,0.3027731475997294,16
sa,2365,0.09344482421875,0.0031337738037109375,,0.0009401321411132812,,9.194861377181951e-06,0.3,0.1,4.652548313140869,0.2149359732978064,16
sa,2366,0.13525390625,0.00191497802734375,,0.000574493408203125,,9.177037100016605e-06,0.3,0.1,4.677888870239258,0.2137716452312501,15
sa,2367,0.05462646484375,0.002338409423828125,,0.0007015228271484375,,9.159231922239996e-06,0.3,0.1,3.7986834049224854,0.263249103282511,15
sa,2368,0.093017578125,0.002651214599609375,,0.0007953643798828125,,9.141445843852125e-06,0.3,0.1,5.919560432434082,0.16893146229589331,15
sa,2369,0.09033203125,0.0022602081298828125,,0.0006780624389648438,,9.123674317379482e-06,0.3,0.1,7.22345495223999,0.13843790909084308,16
sa,2370,0.091064453125,0.00295257568359375,,0.000885772705078125,,9.10592370928498e-06,0.3,0.1,3.793307304382324,0.26362219555603156,15
sa,2371,0.08642578125,0.002330780029296875,,0.0006992340087890624,,9.08818947209511e-06,0.3,0.1,3.497452974319458,0.2859223575964112,16
sa,2372,0.1087646484375,0.0029926300048828125,,0.0008977890014648437,,9.07047615328338e-06,0.3,0.1,5.6081767082214355,0.17831107185585415,15
sa,2373,0.06390380859375,0.00257110595703125,,0.000771331787109375,,9.05277829588158e-06,0.3,0.1,3.260249376296997,0.306725003084213,15
sa,2374,0.1124267578125,0.002658843994140625,,0.0007976531982421875,,9.035101356857922e-06,0.3,0.1,5.353305339813232,0.18680047868050215,16
sa,2375,0.110107421875,0.0018672943115234375,,0.0005601882934570312,,9.017441698233597e-06,0.3,0.1,3.1370227336883545,0.31877359040501757,14
sa,2376,0.07733154296875,0.00177001953125,,0.000531005859375,,8.999800229503307e-06,0.3,0.1,4.131944179534912,0.2420168222390069,15
sa,2377,0.146484375,0.0018968582153320312,,0.0005690574645996093,,8.982177860161755e-06,0.3,0.1,2.8717260360717773,0.34822263246528073,16
sa,2378,0.08349609375,0.0021371841430664062,,0.0006411552429199218,,8.964572771219537e-06,0.3,0.1,3.7382986545562744,0.26750136690689236,16
sa,2379,0.0849609375,0.0019884109497070312,,0.0005965232849121094,,8.946986781666055e-06,0.3,0.1,5.033169269561768,0.19868197281731176,16
sa,2380,0.095947265625,0.0023441314697265625,,0.0007032394409179687,,8.929421710490715e-06,0.3,0.1,4.217875003814697,0.2370862102588597,14
sa,2381,0.0849609375,0.0032596588134765625,,0.0009778976440429686,,8.911872100725304e-06,0.3,0.1,4.741310119628906,0.21091216874003343,16
sa,2382,0.09375,0.0050945281982421875,,0.0015283584594726562,,8.894343409338035e-06,0.3,0.1,4.7488694190979,0.21057643656791913,14
sa,2383,0.08819580078125,0.0025634765625,,0.00076904296875,,8.876831088855397e-06,0.3,0.1,4.541783332824707,0.220177830318925,15
sa,2384,0.100830078125,0.0022449493408203125,,0.0006734848022460937,,8.859340596245602e-06,0.3,0.1,4.253713130950928,0.23508872582962537,16
sa,2385,0.0760498046875,0.00299072265625,,0.000897216796875,,8.841865565045737e-06,0.3,0.1,2.9579505920410156,0.3380719078576596,15
sa,2386,0.08740234375,0.0031280517578125,,0.00093841552734375,,8.824412361718714e-06,0.3,0.1,22.03483009338379,0.04538269620242098,16
sa,2387,0.06658935546875,0.002872467041015625,,0.0008617401123046875,,8.806978257780429e-06,0.3,0.1,3.5486209392547607,0.28179961092435196,15
sa,2388,0.0625,0.0023956298828125,,0.00071868896484375,,8.789560524746776e-06,0.3,0.1,3.9305288791656494,0.25441868785156324,16
sa,2389,0.1099853515625,0.00254058837890625,,0.0007621765136718749,,8.772164619585965e-06,0.3,0.1,5.378516674041748,0.18592486750599557,15
sa,2390,0.076416015625,0.003429412841796875,,0.0010288238525390625,,8.754784175835084e-06,0.3,0.1,2.502462387084961,0.39960640573897627,15
sa,2391,0.1123046875,0.0016460418701171875,,0.0004938125610351562,,8.737426469451748e-06,0.3,0.1,4.033106327056885,0.24794783943366527,14
sa,2392,0.0875244140625,0.0021800994873046875,,0.0006540298461914062,,8.720087862457149e-06,0.3,0.1,4.0946478843688965,0.2442212439847264,14
sa,2393,0.06768798828125,0.003475189208984375,,0.0010425567626953125,,8.702765626367182e-06,0.3,0.1,3.3589839935302734,0.2977090697443323,16
sa,2394,0.070556640625,0.0035400390625,,0.00106201171875,,8.685464308655355e-06,0.3,0.1,3.294869899749756,0.3035021200915853,16
sa,2395,0.074462890625,0.0032501220703125,,0.00097503662109375,,8.668181180837564e-06,0.3,0.1,2.573796272277832,0.3885311400793161,16
sa,2396,0.0926513671875,0.0020427703857421875,,0.0006128311157226563,,8.650919880892616e-06,0.3,0.1,4.953244686126709,0.20188786610943107,14
sa,2397,0.08746337890625,0.002391815185546875,,0.0007175445556640625,,8.633674042357598e-06,0.3,0.1,3.2772603034973145,0.30513291816730403,16
sa,2398,0.05731201171875,0.002262115478515625,,0.0006786346435546875,,8.616451850684825e-06,0.3,0.1,2.4315876960754395,0.41125393158305207,16
sa,2399,0.09039306640625,0.00179290771484375,,0.000537872314453125,,8.599247848906089e-06,0.3,0.1,5.022793292999268,0.1990924056926238,14
sa,2400,0.072265625,0.0019998550415039062,,0.0005999565124511719,,8.582061127526686e-06,0.3,0.1,3.686328411102295,0.271272629152696,16
sa,2401,0.0771484375,0.002708911895751953,,0.0008126735687255859,,8.564896234020125e-06,0.3,0.1,3.467663288116455,0.28837863336586356,14
sa,2402,0.0816650390625,0.0018658638000488281,,0.0005597591400146484,,8.5477495304076e-06,0.3,0.1,2.845663547515869,0.35141188805435314,15
sa,2403,0.09197998046875,0.0020475387573242188,,0.0006142616271972656,,8.530623745173216e-06,0.3,0.1,6.9891157150268555,0.14307961704654043,16
sa,2404,0.07281494140625,0.00311279296875,,0.0009338378906249999,,8.51351796882227e-06,0.3,0.1,2.45707631111145,0.4069877665084213,14
sa,2405,0.0633544921875,0.0024499893188476562,,0.0007349967956542968,,8.496429472870659e-06,0.3,0.1,3.747715950012207,0.26682918698700814,16
sa,2406,0.08642578125,0.0029850006103515625,,0.0008955001831054688,,8.47936280479189e-06,0.3,0.1,3.90726637840271,0.2559334079517762,16
sa,2407,0.1029052734375,0.0021190643310546875,,0.0006357192993164063,,8.462313417112455e-06,0.3,0.1,5.509644508361816,0.18149991319445946,15
sa,2408,0.0936279296875,0.0021877288818359375,,0.0006563186645507812,,8.445286766800564e-06,0.3,0.1,4.861212730407715,0.20570998544145774,15
sa,2409,0.1082763671875,0.00350189208984375,,0.001050567626953125,,8.428277396888006e-06,0.3,0.1,4.900676727294922,0.2040534513183408,15
sa,2410,0.073486328125,0.0028171539306640625,,0.0008451461791992187,,8.411290764342993e-06,0.3,0.1,3.878880500793457,0.25780634381374773,15
sa,2411,0.10711669921875,0.00165557861328125,,0.000496673583984375,,8.39432414068142e-06,0.3,0.1,4.087392807006836,0.24465473401179952,15
sa,2412,0.08990478515625,0.003566741943359375,,0.0010700225830078125,,8.37737479741918e-06,0.3,0.1,3.932594060897827,0.2542850811740523,15
sa,2413,0.07489013671875,0.0024662017822265625,,0.0007398605346679687,,8.360450010513887e-06,0.3,0.1,3.379180908203125,0.29592970224602405,16
sa,2414,0.06329345703125,0.0023136138916015625,,0.0006940841674804687,,8.343540685018525e-06,0.3,0.1,3.441861867904663,0.2905404221258827,15
sa,2415,0.08612060546875,0.0027008056640625,,0.00081024169921875,,8.326654096890707e-06,0.3,0.1,4.217514991760254,0.23710644821742113,15
sa,2416,0.084716796875,0.002193450927734375,,0.0006580352783203125,,8.30978842714103e-06,0.3,0.1,3.4146721363067627,0.29285388467238876,16
sa,2417,0.07232666015625,0.002063751220703125,,0.0006191253662109374,,8.292938218801282e-06,0.3,0.1,2.7645986080169678,0.3617161627370184,15
sa,2418,0.090179443359375,0.0036334991455078125,,0.0010900497436523438,,8.276113476313185e-06,0.3,0.1,3.408508539199829,0.29338345158869894,15
sa,2419,0.1134033203125,0.0028324127197265625,,0.0008497238159179688,,8.259304195235018e-06,0.3,0.1,5.463984489440918,0.18301662494329687,16
sa,2420,0.05670166015625,0.0020198822021484375,,0.0006059646606445312,,8.242519470513798e-06,0.3,0.1,2.9129512310028076,0.34329445318442275,16
sa,2421,0.08599853515625,0.0021190643310546875,,0.0006357192993164063,,8.225752026191913e-06,0.3,0.1,2.5109219551086426,0.3982600884768368,16
sa,2422,0.0802001953125,0.004001617431640625,,0.0012004852294921875,,8.209007319237571e-06,0.3,0.1,3.353972911834717,0.298153868944926,16
sa,2423,0.08697509765625,0.002029895782470703,,0.0006089687347412109,,8.19228353066137e-06,0.3,0.1,4.513519287109375,0.22155660281678713,14
sa,2424,0.0767822265625,0.002284526824951172,,0.0006853580474853515,,8.175577931979205e-06,0.3,0.1,4.831535339355469,0.20697354562522996,15
sa,2425,0.0948486328125,0.00445556640625,,0.001336669921875,,8.158894161169883e-06,0.3,0.1,4.802787780761719,0.20821240613746225,16
sa,2426,0.079345703125,0.00140380859375,,0.00042114257812499997,,8.142228580254596e-06,0.3,0.1,4.962335109710693,0.2015180309050713,15
sa,2427,0.07720947265625,0.0025920867919921875,,0.0007776260375976562,,8.125586646201555e-06,0.3,0.1,3.404775857925415,0.29370509006408313,15
sa,2428,0.0821533203125,0.0021152496337890625,,0.0006345748901367187,,8.108965630526654e-06,0.3,0.1,4.232933521270752,0.23624278410585434,16
sa,2429,0.08050537109375,0.002529144287109375,,0.0007587432861328125,,8.092361895251088e-06,0.3,0.1,5.107409954071045,0.19579395603497896,16
sa,2430,0.06378173828125,0.0020999908447265625,,0.0006299972534179688,,8.075783625827171e-06,0.3,0.1,3.9985079765319824,0.25009328626307453,14
sa,2431,0.0699462890625,0.0014295578002929688,,0.0004288673400878906,,8.059221727307886e-06,0.3,0.1,2.634244203567505,0.379615526398699,15
sa,2432,0.08770751953125,0.0015583038330078125,,0.00046749114990234374,,8.042683475650847e-06,0.3,0.1,5.479854106903076,0.18248661013443424,13
sa,2433,0.07666015625,0.0018472671508789062,,0.0005541801452636719,,8.026163413887843e-06,0.3,0.1,3.193073272705078,0.31317790560842007,16
sa,2434,0.089599609375,0.004543304443359375,,0.0013629913330078125,,8.009666998987086e-06,0.3,0.1,3.9457147121429443,0.25343950917751307,16
sa,2435,0.10870361328125,0.0023555755615234375,,0.0007066726684570312,,7.99319150246447e-06,0.3,0.1,3.861316680908203,0.25897901742801227,14
sa,2436,0.06817626953125,0.0014295578002929688,,0.0004288673400878906,,7.97673510533059e-06,0.3,0.1,4.478409767150879,0.2232935465921401,15
sa,2437,0.066650390625,0.0011868476867675781,,0.0003560543060302734,,7.960300536069553e-06,0.3,0.1,6.001291275024414,0.1666308056337312,16
sa,2438,0.06561279296875,0.0029211044311523438,,0.0008763313293457031,,7.943885975691956e-06,0.3,0.1,1.8175934553146362,0.5501780373801435,15
sa,2439,0.0943603515625,0.0030946731567382812,,0.0009284019470214844,,7.927495062176604e-06,0.3,0.1,5.2322282791137695,0.19112315951347963,14
sa,2440,0.0694580078125,0.0018680095672607422,,0.0005604028701782227,,7.911125067039393e-06,0.3,0.1,3.3471882343292236,0.298758220330683,15
sa,2441,0.072509765625,0.002410411834716797,,0.0007231235504150391,,7.894773261796217e-06,0.3,0.1,3.8145856857299805,0.26215166793628714,14
sa,2442,0.07830810546875,0.003078460693359375,,0.0009235382080078125,,7.87844601290999e-06,0.3,0.1,2.7470030784606934,0.36403308312284766,15
sa,2443,0.05517578125,0.0023527145385742188,,0.0007058143615722656,,7.862136953917798e-06,0.3,0.1,1.808276891708374,0.5530126523130247,16
sa,2444,0.053466796875,0.004177093505859375,,0.0012531280517578125,,7.845851541787852e-06,0.3,0.1,2.6060709953308105,0.38371940050430653,15
sa,2445,0.0726318359375,0.002460479736328125,,0.0007381439208984375,,7.829585229046643e-06,0.3,0.1,3.838400363922119,0.26052519414055836,16
sa,2446,0.0555419921875,0.00304412841796875,,0.0009132385253906249,,7.813343472662382e-06,0.3,0.1,2.415797710418701,0.4139419437675856,16
sa,2447,0.08233642578125,0.002273082733154297,,0.000681924819946289,,7.797122634656262e-06,0.3,0.1,3.235269069671631,0.3090933021226258,16
sa,2448,0.07415771484375,0.0019183158874511719,,0.0005754947662353515,,7.780919986544177e-06,0.3,0.1,3.0286004543304443,0.33018551475489283,15
sa,2449,0.1011962890625,0.0022211074829101562,,0.0006663322448730468,,7.764742804283742e-06,0.3,0.1,4.759912967681885,0.21008787488125186,14
sa,2450,0.0777587890625,0.00214385986328125,,0.000643157958984375,,7.748583811917342e-06,0.3,0.1,4.2077555656433105,0.23765639053872017,13
sa,2451,0.0665283203125,0.001422882080078125,,0.00042686462402343747,,7.73244937590789e-06,0.3,0.1,2.851264238357544,0.35072161553712916,15
sa,2452,0.06695556640625,0.0016193389892578125,,0.00048580169677734373,,7.716334948781878e-06,0.3,0.1,2.8648788928985596,0.34905489459913736,15
sa,2453,0.076904296875,0.0024585723876953125,,0.0007375717163085937,,7.700241440034006e-06,0.3,0.1,4.48512077331543,0.22295943644362418,15
sa,2454,0.107666015625,0.0011610984802246094,,0.0003483295440673828,,7.68417157814838e-06,0.3,0.1,5.776835918426514,0.17310514165899638,13
sa,2455,0.07305908203125,0.0016345977783203125,,0.0004903793334960937,,7.668120815651491e-06,0.3,0.1,3.6914522647857666,0.27089609407641496,15
sa,2456,0.0828857421875,0.0028862953186035156,,0.0008658885955810546,,7.652095519006252e-06,0.3,0.1,3.3750994205474854,0.2962875682748886,14
sa,2457,0.06085205078125,0.001811981201171875,,0.0005435943603515625,,7.636087502760347e-06,0.3,0.1,2.514382839202881,0.3977119094230789,15
sa,2458,0.0745849609375,0.0030059814453125,,0.0009017944335937499,,7.6201044976187404e-06,0.3,0.1,3.177708148956299,0.314692209959069,16
sa,2459,0.069580078125,0.0018062591552734375,,0.0005418777465820312,,7.604144684592029e-06,0.3,0.1,3.4185404777526855,0.29252249798059726,14
sa,2460,0.073486328125,0.0018477439880371094,,0.0005543231964111328,,7.588203516206704e-06,0.3,0.1,4.419764995574951,0.22625637358574394,14
sa,2461,0.08551025390625,0.0041348934173583984,,0.0012404680252075194,,7.572286904178327e-06,0.3,0.1,3.3832826614379883,0.295570929203702,15
sa,2462,0.063812255859375,0.0012865066528320312,,0.00038595199584960936,,7.556389846286038e-06,0.3,0.1,2.7624621391296387,0.3619959114860728,14
sa,2463,0.07122802734375,0.0022287368774414062,,0.0006686210632324219,,7.540517344750697e-06,0.3,0.1,7.274339199066162,0.1374695312707406,15
sa,2464,0.06884765625,0.0013685226440429688,,0.0004105567932128906,,7.524666216340847e-06,0.3,0.1,2.6775217056274414,0.37347969874465065,14
sa,2465,0.0736083984375,0.0017385482788085938,,0.0005215644836425781,,7.508836006309139e-06,0.3,0.1,5.073156833648682,0.1971159246186337,15
sa,2466,0.0975341796875,0.0022716522216796875,,0.0006814956665039063,,7.493029443139676e-06,0.3,0.1,4.535158157348633,0.22049947660141253,15
sa,2467,0.059814453125,0.0019016265869140625,,0.0005704879760742187,,7.477243798348354e-06,0.3,0.1,3.441516637802124,0.290569567212273,16
sa,2468,0.0703125,0.003292083740234375,,0.0009876251220703124,,7.461484074156033e-06,0.3,0.1,3.4831604957580566,0.28709558494873927,15
sa,2469,0.0894775390625,0.0024776458740234375,,0.0007432937622070312,,7.4457448135945015e-06,0.3,0.1,5.0527167320251465,0.19791333119107915,15
sa,2470,0.067626953125,0.0032825469970703125,,0.0009847640991210937,,7.430025561916409e-06,0.3,0.1,3.078456401824951,0.32483812322538863,16
sa,2471,0.07806396484375,0.0023212432861328125,,0.0006963729858398437,,7.414329957100563e-06,0.3,0.1,3.658115863800049,0.2733647695240578,16
sa,2472,0.062744140625,0.0016012191772460938,,0.0004803657531738281,,7.398656180157559e-06,0.3,0.1,4.463748931884766,0.22402693683261476,14
sa,2473,0.0496826171875,0.001861572265625,,0.0005584716796875,,7.383006504824152e-06,0.3,0.1,3.3155293464660645,0.3016109632888256,16
sa,2474,0.08734130859375,0.0026197433471679688,,0.0007859230041503906,,7.3673763836268336e-06,0.3,0.1,5.807612419128418,0.17218779901811626,16
sa,2475,0.089599609375,0.002689361572265625,,0.0008068084716796875,,7.3517721830285154e-06,0.3,0.1,4.037489891052246,0.2476786387047476,15
sa,2476,0.06390380859375,0.006366729736328125,,0.0019100189208984375,,7.336189355555689e-06,0.3,0.1,5.159895420074463,0.19380237748802454,16
sa,2477,0.06121826171875,0.0017337799072265625,,0.0005201339721679687,,7.320626991713652e-06,0.3,0.1,3.51365065574646,0.28460427571663477,15
sa,2478,0.06231689453125,0.0028104782104492188,,0.0008431434631347656,,7.3050900937232655e-06,0.3,0.1,3.5719950199127197,0.2799555974813298,16
sa,2479,0.102783203125,0.002899169921875,,0.0008697509765625,,7.2895732046163175e-06,0.3,0.1,4.086838245391846,0.24468793232214653,16
sa,2480,0.086151123046875,0.0021638870239257812,,0.0006491661071777343,,7.274082690855721e-06,0.3,0.1,3.578712224960327,0.2794301237817706,13
sa,2481,0.05047607421875,0.002796173095703125,,0.0008388519287109375,,7.258613550220616e-06,0.3,0.1,2.6274235248565674,0.38060099201349373,16
sa,2482,0.0704345703125,0.0021820068359375,,0.00065460205078125,,7.243165782711003e-06,0.3,0.1,3.7198898792266846,0.26882516215987734,16
sa,2483,0.0653076171875,0.0019030570983886719,,0.0005709171295166015,,7.227742116810987e-06,0.3,0.1,2.996011972427368,0.333777037342678,14
sa,2484,0.059326171875,0.0014438629150390625,,0.00043315887451171874,,7.212340278783813e-06,0.3,0.1,2.809347152709961,0.35595458504847893,16
sa,2485,0.06903076171875,0.0016646385192871094,,0.0004993915557861328,,7.1969620876188856e-06,0.3,0.1,2.2290046215057373,0.44863074322586194,13
sa,2486,0.05181884765625,0.0018520355224609375,,0.0005556106567382813,,7.1816057243268006e-06,0.3,0.1,2.7931721210479736,0.35801588898317116,16
sa,2487,0.056610107421875,0.00193023681640625,,0.0005790710449218749,,7.166273917391663e-06,0.3,0.1,2.006943702697754,0.49827008034943376,15
sa,2488,0.04803466796875,0.0026683807373046875,,0.0008005142211914062,,7.150965757318772e-06,0.3,0.1,2.037910223007202,0.49069875047016037,14
sa,2489,0.059814453125,0.003192901611328125,,0.0009578704833984375,,7.135678060876671e-06,0.3,0.1,4.178456783294678,0.23932280549076507,16
sa,2490,0.0770263671875,0.0011272430419921875,,0.0003381729125976562,,7.120416285033571e-06,0.3,0.1,2.695657968521118,0.37096694450023876,14
sa,2491,0.0604248046875,0.00222015380859375,,0.000666046142578125,,7.105174063326558e-06,0.3,0.1,2.8237173557281494,0.35414309366743646,16
sa,2492,0.06494140625,0.003086090087890625,,0.0009258270263671875,,7.089959126460599e-06,0.3,0.1,2.498751640319824,0.40019983733637743,15
sa,2493,0.06939697265625,0.0013637542724609375,,0.00040912628173828125,,7.074766017467482e-06,0.3,0.1,3.3638174533843994,0.297281292417899,16
sa,2494,0.0718994140625,0.0022144317626953125,,0.0006643295288085938,,7.059593826852506e-06,0.3,0.1,3.699575185775757,0.2703013048213837,15
sa,2495,0.052978515625,0.003139495849609375,,0.0009418487548828124,,7.0444480115838815e-06,0.3,0.1,3.0840437412261963,0.3242496163826802,16
sa,2496,0.0677490234375,0.0027866363525390625,,0.0008359909057617188,,7.029322205198696e-06,0.3,0.1,4.9892706871032715,0.20043009544158277,16
sa,2497,0.10009765625,0.0015869140625,,0.00047607421875,,7.014224138401914e-06,0.3,0.1,5.98939323425293,0.16696182082035765,14
sa,2498,0.06842041015625,0.002655029296875,,0.0007965087890624999,,6.999145625741221e-06,0.3,0.1,3.5804736614227295,0.2792926563807321,16
sa,2499,0.04962158203125,0.002376556396484375,,0.0007129669189453125,,6.984092124184826e-06,0.3,0.1,1.9755973815917969,0.5061760100098284,16
sa,2500,0.06787109375,0.0033054351806640625,,0.0009916305541992187,,6.9690636337327305e-06,0.3,0.1,4.351277828216553,0.22981754773628588,14
sa,2501,0.040985107421875,0.002238035202026367,,0.0006714105606079101,,6.9540560616587754e-06,0.3,0.1,2.201350688934326,0.4542665578123311,15
sa,2502,0.0413818359375,0.001873016357421875,,0.0005619049072265624,,6.93907395543647e-06,0.3,0.1,3.0726194381713867,0.3254552085354025,15
sa,2503,0.05828857421875,0.001544952392578125,,0.0004634857177734375,,6.924112767592305e-06,0.3,0.1,6.536740303039551,0.15298144849582063,16
sa,2504,0.070068359375,0.0015311241149902344,,0.0004593372344970703,,6.909177955094492e-06,0.3,0.1,3.473466634750366,0.28789682042587655,13
sa,2505,0.06756591796875,0.0026416778564453125,,0.0007925033569335938,,6.894266789458925e-06,0.3,0.1,3.9877490997314453,0.25076803354236726,16
sa,2506,0.04388427734375,0.014314651489257812,,0.004294395446777344,,6.879377906443551e-06,0.3,0.1,3.4046952724456787,0.2937120417480636,16
sa,2507,0.05645751953125,0.0025730133056640625,,0.0007719039916992187,,6.864514034532476e-06,0.3,0.1,4.109468460083008,0.24334047327858085,16
sa,2508,0.0634765625,0.00203704833984375,,0.000611114501953125,,6.849672445241595e-06,0.3,0.1,10.61994457244873,0.09416245001826987,16
sa,2509,0.0679931640625,0.0014095306396484375,,0.00042285919189453123,,6.834855867055012e-06,0.3,0.1,4.3079657554626465,0.23212812189418314,14
sa,2510,0.1007080078125,0.0030040740966796875,,0.0009012222290039062,,6.820060661993921e-06,0.3,0.1,4.373787879943848,0.22863477321008954,15
sa,2511,0.059478759765625,0.0018954277038574219,,0.0005686283111572266,,6.805292287026532e-06,0.3,0.1,2.2391960620880127,0.4465888525489442,13
sa,2512,0.056396484375,0.00395965576171875,,0.001187896728515625,,6.790547558921389e-06,0.3,0.1,3.219249963760376,0.31063136173244194,15
sa,2513,0.07147216796875,0.003269195556640625,,0.0009807586669921874,,6.775825568183791e-06,0.3,0.1,3.0198278427124023,0.331144704958347,16
sa,2514,0.068115234375,0.0014643669128417969,,0.00043931007385253904,,6.76112813380314e-06,0.3,0.1,4.656635761260986,0.21474730927402547,15
sa,2515,0.10028076171875,0.0022907257080078125,,0.0006872177124023438,,6.746453891537385e-06,0.3,0.1,4.484057903289795,0.22301228520406377,15
sa,2516,0.075927734375,0.0016350746154785156,,0.0004905223846435547,,6.73180556987063e-06,0.3,0.1,3.4507203102111816,0.28979456754024807,15
sa,2517,0.051239013671875,0.0017337799072265625,,0.0005201339721679687,,6.717180895066122e-06,0.3,0.1,2.9462037086486816,0.33941984292004856,15
sa,2518,0.06451416015625,0.00279998779296875,,0.000839996337890625,,6.702578957629157e-06,0.3,0.1,3.5302345752716064,0.2832672953250034,16
sa,2519,0.053955078125,0.0014934539794921875,,0.0004480361938476562,,6.688002031296492e-06,0.3,0.1,2.220667839050293,0.4503149829141792,16
sa,2520,0.053466796875,0.0012116432189941406,,0.00036349296569824217,,6.673448297078721e-06,0.3,0.1,4.529682636260986,0.22076601835077947,15
sa,2521,0.08551025390625,0.0014429092407226562,,0.00043287277221679685,,6.658920938207302e-06,0.3,0.1,3.8596255779266357,0.2590924896236161,15
sa,2522,0.064453125,0.002045154571533203,,0.000613546371459961,,6.644415407208726e-06,0.3,0.1,6.247138023376465,0.16007330016690077,14
sa,2523,0.087158203125,0.0014781951904296875,,0.00044345855712890625,,6.62993579680915e-06,0.3,0.1,4.261436462402344,0.23466265631853622,15
sa,2524,0.0599365234375,0.003917694091796875,,0.0011753082275390624,,6.615483925997978e-06,0.3,0.1,2.3305089473724365,0.4290908220401657,15
sa,2525,0.05572509765625,0.0018715858459472656,,0.0005614757537841797,,6.6010511545755435e-06,0.3,0.1,2.3666813373565674,0.42253259203747995,15
sa,2526,0.06396484375,0.0012478828430175781,,0.00037436485290527345,,6.586645213246811e-06,0.3,0.1,2.3888118267059326,0.4186181551934781,15
sa,2527,0.05828857421875,0.00199127197265625,,0.000597381591796875,,6.572262009285623e-06,0.3,0.1,2.571416139602661,0.38889076901979835,16
sa,2528,0.0875244140625,0.0018491744995117188,,0.0005547523498535156,,6.557905180670787e-06,0.3,0.1,4.159023761749268,0.24044104032226166,15
sa,2529,0.0513916015625,0.0024023056030273438,,0.0007206916809082031,,6.543573363160249e-06,0.3,0.1,1.8239020109176636,0.5482750685147103,15
sa,2530,0.05633544921875,0.001962423324584961,,0.0005887269973754882,,6.529263373522554e-06,0.3,0.1,1.8818061351776123,0.5314043680198843,15
sa,2531,0.05584716796875,0.00226593017578125,,0.000679779052734375,,6.514980213978561e-06,0.3,0.1,3.235936403274536,0.3090295591063136,15
sa,2532,0.091064453125,0.000904083251953125,,0.0002712249755859375,,6.500719791802112e-06,0.3,0.1,7.509840488433838,0.13315862055127992,14
sa,2533,0.04345703125,0.0017986297607421875,,0.0005395889282226562,,6.486485290224664e-06,0.3,0.1,1.974388837814331,0.5064858455677912,14
sa,2534,0.0767822265625,0.001682281494140625,,0.0005046844482421874,,6.472273980762111e-06,0.3,0.1,3.3733270168304443,0.2964432428314031,14
sa,2535,0.067626953125,0.0019435882568359375,,0.0005830764770507812,,6.4580895013932604e-06,0.3,0.1,3.530447006225586,0.28325025081430233,16
sa,2536,0.0716552734375,0.0031385421752929688,,0.0009415626525878906,,6.443929578381358e-06,0.3,0.1,4.8501200675964355,0.20618046276441318,16
sa,2537,0.046600341796875,0.0024280548095703125,,0.0007284164428710937,,6.429793302231701e-06,0.3,0.1,2.6520354747772217,0.3770688625814867,16
sa,2538,0.075927734375,0.0016498565673828125,,0.0004949569702148438,,6.415682946681045e-06,0.3,0.1,3.8589775562286377,0.2591359979240967,16
sa,2539,0.0574951171875,0.0025310516357421875,,0.0007593154907226562,,6.401595328497933e-06,0.3,0.1,2.8355348110198975,0.3526671568670729,16
sa,2540,0.06201171875,0.0017766952514648438,,0.0005330085754394531,,6.387535904650576e-06,0.3,0.1,2.264716625213623,0.4415563469913916,15
sa,2541,0.07867431640625,0.002437591552734375,,0.0007312774658203125,,6.373499672918115e-06,0.3,0.1,3.508509635925293,0.2850213064147027,15
sa,2542,0.048828125,0.0019125938415527344,,0.0005737781524658203,,6.35948754279525e-06,0.3,0.1,3.538949966430664,0.2825696914298526,15
sa,2543,0.06524658203125,0.0022530555725097656,,0.0006759166717529297,,6.345502242766088e-06,0.3,0.1,3.539365768432617,0.282536495357145,15
sa,2544,0.09063720703125,0.004558563232421875,,0.0013675689697265625,,6.331540134851821e-06,0.3,0.1,4.01791524887085,0.24888528952446892,14
sa,2545,0.070220947265625,0.0024280548095703125,,0.0007284164428710937,,6.317604857031256e-06,0.3,0.1,3.9571595191955566,0.25270651717454345,16
sa,2546,0.060211181640625,0.0015065670013427734,,0.000451970100402832,,6.303693226072937e-06,0.3,0.1,4.576907634735107,0.21848813212020957,14
sa,2547,0.068267822265625,0.0014820098876953125,,0.00044460296630859374,,6.289807515713619e-06,0.3,0.1,3.1089367866516113,0.32165337175511394,15
sa,2548,0.0626220703125,0.0023632049560546875,,0.0007089614868164062,,6.275948180700652e-06,0.3,0.1,5.014681816101074,0.19941444675297507,14
sa,2549,0.0628662109375,0.002117156982421875,,0.0006351470947265625,,6.262112037802581e-06,0.3,0.1,2.2808103561401367,0.43844066092909234,16
sa,2550,0.07232666015625,0.00238800048828125,,0.0007164001464843749,,6.248302270250861e-06,0.3,0.1,3.0470991134643555,0.3281809887907008,14
sa,2551,0.08447265625,0.002513885498046875,,0.0007541656494140625,,6.2345166043087374e-06,0.3,0.1,3.3575258255004883,0.29783836431129623,16
sa,2552,0.049652099609375,0.002124786376953125,,0.0006374359130859375,,6.220757768460317e-06,0.3,0.1,3.468048572540283,0.28834659581123395,16
sa,2553,0.075042724609375,0.0013127326965332031,,0.0003938198089599609,,6.207024853210896e-06,0.3,0.1,9.601570129394531,0.10414963245840078,15
sa,2554,0.0748291015625,0.0019702911376953125,,0.0005910873413085937,,6.193315130076371e-06,0.3,0.1,3.1416335105895996,0.31830574655804683,16
sa,2555,0.057952880859375,0.0013625621795654297,,0.0004087686538696289,,6.179632237035548e-06,0.3,0.1,3.159088134765625,0.3165470405827062,16
sa,2556,0.04583740234375,0.0020003318786621094,,0.0006000995635986328,,6.165974355099024e-06,0.3,0.1,2.680382013320923,0.37308114851920915,16
sa,2557,0.05572509765625,0.00252532958984375,,0.000757598876953125,,6.152342848508852e-06,0.3,0.1,1.9369016885757446,0.5162884651803503,16
sa,2558,0.08221435546875,0.0017824172973632812,,0.0005347251892089843,,6.138734988780925e-06,0.3,0.1,3.6257030963897705,0.2758085737896554,15
sa,2559,0.073944091796875,0.00185394287109375,,0.0005561828613281249,,6.125154413894052e-06,0.3,0.1,2.4970312118530273,0.40047557085115804,14
sa,2560,0.06878662109375,0.0017099380493164062,,0.0005129814147949219,,6.111599759606179e-06,0.3,0.1,3.176788330078125,0.31478332708915724,14
sa,2561,0.057037353515625,0.0024318695068359375,,0.0007295608520507812,,6.098068752180552e-06,0.3,0.1,1.7491874694824219,0.5716940107602625,16
sa,2562,0.05029296875,0.002773284912109375,,0.0008319854736328125,,6.0845650295959786e-06,0.3,0.1,2.840555429458618,0.35204382552414765,15
sa,2563,0.0401611328125,0.001481771469116211,,0.0004445314407348633,,6.071084953873651e-06,0.3,0.1,2.323141574859619,0.43045159658873877,16
sa,2564,0.058837890625,0.0031948089599609375,,0.0009584426879882812,,6.05763398198178e-06,0.3,0.1,3.700833797454834,0.2702093784075707,16
sa,2565,0.057281494140625,0.0019376277923583984,,0.0005812883377075195,,6.044206656952156e-06,0.3,0.1,2.298030376434326,0.43515525741292493,15
sa,2566,0.08099365234375,0.002971649169921875,,0.0008914947509765625,,6.030804797774181e-06,0.3,0.1,4.6640944480896,0.2144038915012961,13
sa,2567,0.06573486328125,0.0017442703247070312,,0.0005232810974121093,,6.017430223437259e-06,0.3,0.1,2.8896090984344482,0.3460675703650666,15
sa,2568,0.05279541015625,0.002139568328857422,,0.0006418704986572265,,6.004079295962583e-06,0.3,0.1,2.275601863861084,0.43944418216606185,16
sa,2569,0.0670166015625,0.0013837814331054688,,0.00041513442993164064,,5.9907565628236625e-06,0.3,0.1,4.970423221588135,0.20119011106673587,16
sa,2570,0.0552978515625,0.001934051513671875,,0.0005802154541015625,,5.977457931294339e-06,0.3,0.1,2.772552490234375,0.360678473544595,15
sa,2571,0.041229248046875,0.0016994476318359375,,0.0005098342895507813,,5.964186584606068e-06,0.3,0.1,2.0405402183532715,0.49006630254365,16
sa,2572,0.05584716796875,0.0013284683227539062,,0.00039854049682617185,,5.9509420680115e-06,0.3,0.1,2.8704960346221924,0.3483718451231435,14
sa,2573,0.0538330078125,0.0021953582763671875,,0.0006586074829101563,,5.937721198279178e-06,0.3,0.1,2.724759578704834,0.3670048571681074,16
sa,2574,0.0712890625,0.0019741058349609375,,0.0005922317504882812,,5.92452806813526e-06,0.3,0.1,3.218102216720581,0.31074214945821504,15
sa,2575,0.06695556640625,0.003314971923828125,,0.0009944915771484375,,5.9113594943482894e-06,0.3,0.1,3.946084976196289,0.253415728762111,16
sa,2576,0.041961669921875,0.002796173095703125,,0.0008388519287109375,,5.898218660149723e-06,0.3,0.1,2.929490804672241,0.34135625153869786,16
sa,2577,0.05474853515625,0.0018076896667480469,,0.000542306900024414,,5.8851042012975086e-06,0.3,0.1,2.2461578845977783,0.44520467900192645,14
sa,2578,0.051544189453125,0.0021467208862304688,,0.0006440162658691406,,5.872014298802242e-06,0.3,0.1,2.4242188930511475,0.41250400401813114,16
sa,2579,0.057769775390625,0.002410888671875,,0.0007232666015625,,5.858954864379484e-06,0.3,0.1,2.8479762077331543,0.3511265288258674,16
sa,2580,0.0596923828125,0.0017657279968261719,,0.0005297183990478515,,5.8459163483348675e-06,0.3,0.1,2.4220972061157227,0.41286534556706894,15
sa,2581,0.0447998046875,0.0019693374633789062,,0.0005908012390136719,,5.8329069361207075e-06,0.3,0.1,2.450129508972168,0.4081416906078165,16
sa,2582,0.063568115234375,0.002864837646484375,,0.0008594512939453124,,5.819922989758197e-06,0.3,0.1,5.770765781402588,0.17328722701286786,15
sa,2583,0.06903076171875,0.00286865234375,,0.000860595703125,,5.8069645092473365e-06,0.3,0.1,2.4276175498962402,0.4119264997251076,15
sa,2584,0.05767822265625,0.0025882720947265625,,0.0007764816284179687,,5.794034677819582e-06,0.3,0.1,2.2489097118377686,0.44465991441818176,15
sa,2585,0.0618896484375,0.0024480819702148438,,0.0007344245910644531,,5.781128038506722e-06,0.3,0.1,2.6052353382110596,0.38384248260914167,15
sa,2586,0.061981201171875,0.003528594970703125,,0.0010585784912109375,,5.768250503024319e-06,0.3,0.1,3.504377603530884,0.28535737672573763,15
sa,2587,0.05621337890625,0.00213623046875,,0.000640869140625,,5.755397069151513e-06,0.3,0.1,3.3571043014526367,0.29787576143144995,15
sa,2588,0.04925537109375,0.00293731689453125,,0.000881195068359375,,5.742572739109164e-06,0.3,0.1,2.5161290168762207,0.39743589986554106,15
sa,2589,0.0609130859375,0.002818584442138672,,0.0008455753326416015,,5.7297743296658155e-06,0.3,0.1,3.9480783939361572,0.25328777704513095,14
sa,2590,0.06640625,0.002223968505859375,,0.0006671905517578125,,5.7170013860741165e-06,0.3,0.1,6.327213764190674,0.15804744983638339,16
sa,2591,0.0498046875,0.0017004013061523438,,0.0005101203918457031,,5.704256636818172e-06,0.3,0.1,2.00889253616333,0.49778670685383863,16
sa,2592,0.04833984375,0.0016336441040039062,,0.0004900932312011719,,5.691536443919176e-06,0.3,0.1,2.352970838546753,0.42499464235503326,14
sa,2593,0.065185546875,0.0021610260009765625,,0.0006483078002929687,,5.678844445355935e-06,0.3,0.1,2.2101845741271973,0.45245090012217665,14
sa,2594,0.05767822265625,0.0025539398193359375,,0.0007661819458007812,,5.666179731633747e-06,0.3,0.1,2.1891322135925293,0.45680201213563315,14
sa,2595,0.04510498046875,0.00164794921875,,0.000494384765625,,5.653539574268507e-06,0.3,0.1,3.4519171714782715,0.28969408891458237,16
sa,2596,0.0745849609375,0.0023193359375,,0.00069580078125,,5.640928520733723e-06,0.3,0.1,3.74560809135437,0.26697934637321097,14
sa,2597,0.04498291015625,0.00261688232421875,,0.0007850646972656249,,5.628342023555888e-06,0.3,0.1,2.485792636871338,0.4022861702811291,16
sa,2598,0.05841064453125,0.0024399757385253906,,0.0007319927215576171,,5.615783720713807e-06,0.3,0.1,2.1993653774261475,0.4546766127464781,16
sa,2599,0.04815673828125,0.002330780029296875,,0.0006992340087890624,,5.603250883723376e-06,0.3,0.1,2.6578898429870605,0.3762383165120769,16
sa,2600,0.0535888671875,0.00273895263671875,,0.000821685791015625,,5.590747150563402e-06,0.3,0.1,2.9984681606292725,0.33350362466084527,16
sa,2601,0.051055908203125,0.0014925003051757812,,0.0004477500915527344,,5.578269338002428e-06,0.3,0.1,2.810168981552124,0.35585048677310355,15
sa,2602,0.0662841796875,0.0017852783203125,,0.00053558349609375,,5.565817900787806e-06,0.3,0.1,3.380384683609009,0.2958243198914176,13
sa,2603,0.05657958984375,0.002685546875,,0.0008056640625,,5.553394657908939e-06,0.3,0.1,2.253852605819702,0.44368473671165853,16
sa,2604,0.0469970703125,0.0018110275268554688,,0.0005433082580566406,,5.54099642613437e-06,0.3,0.1,2.418236494064331,0.41352448466249864,15
sa,2605,0.06256103515625,0.0025615692138671875,,0.0007684707641601562,,5.5286272981902584e-06,0.3,0.1,3.4322829246520996,0.2913512731766893,16
sa,2606,0.041656494140625,0.0024566650390625,,0.00073699951171875,,5.5162854550872e-06,0.3,0.1,1.9363040924072266,0.5164478058592508,16
sa,2607,0.0855712890625,0.0016970634460449219,,0.0005091190338134766,,5.50396862308844e-06,0.3,0.1,4.032144069671631,0.24800701133713157,13
sa,2608,0.044769287109375,0.0017461776733398438,,0.0005238533020019531,,5.491680440172786e-06,0.3,0.1,1.8474379777908325,0.5412901607640439,12
sa,2609,0.068603515625,0.002685546875,,0.0008056640625,,5.4794177231087815e-06,0.3,0.1,3.332956552505493,0.3000339141079613,15
sa,2610,0.05133056640625,0.0021028518676757812,,0.0006308555603027344,,5.467184109875234e-06,0.3,0.1,2.7865214347839355,0.3588703777825198,15
sa,2611,0.04278564453125,0.0016307830810546875,,0.0004892349243164062,,5.454975962493336e-06,0.3,0.1,2.9212327003479004,0.3423212398933184,16
sa,2612,0.047454833984375,0.001918792724609375,,0.0005756378173828125,,5.4427973736892454e-06,0.3,0.1,3.1651251316070557,0.31594327504273473,16
sa,2613,0.04669189453125,0.0023784637451171875,,0.0007135391235351562,,5.4306451602315065e-06,0.3,0.1,3.172037363052368,0.31525479858715355,16
sa,2614,0.0631103515625,0.0026044845581054688,,0.0007813453674316406,,5.418518867372768e-06,0.3,0.1,3.1550917625427246,0.3169479924077037,16
sa,2615,0.04058837890625,0.0010323524475097656,,0.0003097057342529297,,5.406421678344486e-06,0.3,0.1,2.324596881866455,0.43018211363902564,15
sa,2616,0.0589599609375,0.0023469924926757812,,0.0007040977478027343,,5.394350409915205e-06,0.3,0.1,2.7836077213287354,0.35924602175002485,15
sa,2617,0.05682373046875,0.0021314620971679688,,0.0006394386291503906,,5.382308245316381e-06,0.3,0.1,2.913015604019165,0.34328686692246807,16
sa,2618,0.06439208984375,0.0021598339080810547,,0.0006479501724243164,,5.370293365558609e-06,0.3,0.1,4.080598831176758,0.24506207088032256,16
sa,2619,0.04644775390625,0.0024814605712890625,,0.0007444381713867188,,5.358303951652488e-06,0.3,0.1,2.3369860649108887,0.42790156732840035,15
sa,2620,0.0772705078125,0.0022945404052734375,,0.0006883621215820312,,5.346344096324174e-06,0.3,0.1,4.657214641571045,0.214720616712367,16
sa,2621,0.05816650390625,0.0032444000244140625,,0.0009733200073242187,,5.3344092521001585e-06,0.3,0.1,3.177051544189453,0.31475724774717984,15
sa,2622,0.04522705078125,0.001926422119140625,,0.0005779266357421875,,5.322504875948653e-06,0.3,0.1,2.661235809326172,0.3757652728463778,16
sa,2623,0.0526123046875,0.002394437789916992,,0.0007183313369750977,,5.310625965648796e-06,0.3,0.1,2.5333433151245117,0.3947352867768934,16
sa,2624,0.05224609375,0.002335071563720703,,0.0007005214691162109,,5.298775249684695e-06,0.3,0.1,3.577148914337158,0.27955224228771,16
sa,2625,0.0792236328125,0.00238800048828125,,0.0007164001464843749,,5.286954547045752e-06,0.3,0.1,4.813574314117432,0.20774583183792603,14
sa,2626,0.0538330078125,0.001374959945678711,,0.00041248798370361326,,5.275157946016407e-06,0.3,0.1,2.431856632232666,0.4112084514957236,14
sa,2627,0.07745361328125,0.0020122528076171875,,0.0006036758422851562,,5.26339181305957e-06,0.3,0.1,4.808160305023193,0.20797975453423995,15
sa,2628,0.04656982421875,0.0018396377563476562,,0.0005518913269042968,,5.251649781712331e-06,0.3,0.1,2.1246654987335205,0.47066232336152874,16
sa,2629,0.04742431640625,0.0014998912811279297,,0.0004499673843383789,,5.239938218437601e-06,0.3,0.1,3.7149510383605957,0.2691825517144094,16
sa,2630,0.05804443359375,0.0022115707397460938,,0.0006634712219238281,,5.228255758993328e-06,0.3,0.1,1.7613270282745361,0.5677537356476262,16
sa,2631,0.05242919921875,0.0020046234130859375,,0.0006013870239257813,,5.216597855906002e-06,0.3,0.1,4.0464067459106445,0.24713284224592943,16
sa,2632,0.0567626953125,0.0027866363525390625,,0.0008359909057617188,,5.204970420891186e-06,0.3,0.1,3.701441526412964,0.27016501351274663,16
sa,2633,0.05816650390625,0.0019044876098632812,,0.0005713462829589844,,5.193368906475371e-06,0.3,0.1,2.8595426082611084,0.3497062771895892,16
sa,2634,0.0352783203125,0.0024623870849609375,,0.0007387161254882813,,5.1817987696267664e-06,0.3,0.1,1.5997017621994019,0.6251165208601868,15
sa,2635,0.054718017578125,0.0016379356384277344,,0.0004913806915283203,,5.170252279640408e-06,0.3,0.1,2.121490955352783,0.4713666101082716,15
sa,2636,0.0538330078125,0.0014576911926269531,,0.00043730735778808595,,5.158736257726559e-06,0.3,0.1,2.6322100162506104,0.37990889550083334,16
sa,2637,0.04620361328125,0.0016040802001953125,,0.0004812240600585937,,5.147247975401115e-06,0.3,0.1,2.6888298988342285,0.37190898555299495,16
sa,2638,0.05291748046875,0.0025060176849365234,,0.000751805305480957,,5.135786523169372e-06,0.3,0.1,2.2238564491271973,0.44966931224021794,16
sa,2639,0.060546875,0.0030231475830078125,,0.0009069442749023438,,5.124353720020736e-06,0.3,0.1,2.1018152236938477,0.4757792163302272,16
sa,2640,0.060302734375,0.003353118896484375,,0.0010059356689453125,,5.112948201713152e-06,0.3,0.1,2.1232504844665527,0.4709759904994162,15
sa,2641,0.06591796875,0.0028781890869140625,,0.0008634567260742187,,5.1015722419833764e-06,0.3,0.1,4.275500297546387,0.23389075673176246,16
sa,2642,0.062255859375,0.0014095306396484375,,0.00042285919189453123,,5.090224476589356e-06,0.3,0.1,4.1675238609313965,0.23995063576588876,16
sa,2643,0.031707763671875,0.0017595291137695312,,0.0005278587341308594,,5.078903086541686e-06,0.3,0.1,1.2356632947921753,0.809281949390743,15
sa,2644,0.0697021484375,0.0014514923095703125,,0.0004354476928710937,,5.067611255071824e-06,0.3,0.1,3.0287270545959473,0.3301717130576518,16
sa,2645,0.0487060546875,0.0021991729736328125,,0.0006597518920898437,,5.056346253695665e-06,0.3,0.1,1.8456603288650513,0.5418115047284612,16
sa,2646,0.05633544921875,0.0013530254364013672,,0.00040590763092041016,,5.045111265644664e-06,0.3,0.1,2.0834755897521973,0.4799672263589789,15
sa,2647,0.040985107421875,0.0018396377563476562,,0.0005518913269042968,,5.033903107687365e-06,0.3,0.1,2.0500435829162598,0.48779450755747567,14
sa,2648,0.06878662109375,0.0022687911987304688,,0.0006806373596191406,,5.022724053560523e-06,0.3,0.1,3.376072883605957,0.296202136173052,14
sa,2649,0.04510498046875,0.002452850341796875,,0.0007358551025390625,,5.011573648516787e-06,0.3,0.1,2.188739061355591,0.45688406519352387,15
sa,2650,0.036956787109375,0.0026454925537109375,,0.0007936477661132812,,5.000450073566753e-06,0.3,0.1,2.3494837284088135,0.425625420558775,16
sa,2651,0.055908203125,0.0027790069580078125,,0.0008337020874023437,,4.989356966689229e-06,0.3,0.1,2.6391143798828125,0.3789149904311476,16
sa,2652,0.044921875,0.001552581787109375,,0.0004657745361328125,,4.978290689905407e-06,0.3,0.1,3.666841506958008,0.27271426869758403,16
sa,2653,0.050384521484375,0.0007157325744628906,,0.0002147197723388672,,4.967253971699392e-06,0.3,0.1,1.9972167015075684,0.5006967943163931,12
sa,2654,0.0546875,0.0025682449340820312,,0.0007704734802246094,,4.956244993081782e-06,0.3,0.1,2.5955405235290527,0.3852762039100588,16
sa,2655,0.05682373046875,0.00286865234375,,0.000860595703125,,4.945263754052576e-06,0.3,0.1,3.5011746883392334,0.285618424961922,16
sa,2656,0.05718994140625,0.0021457672119140625,,0.0006437301635742188,,4.934312073601177e-06,0.3,0.1,3.589848041534424,0.2785633231351391,15
sa,2657,0.06597900390625,0.0030803680419921875,,0.0009241104125976562,,4.923388587485533e-06,0.3,0.1,4.50363826751709,0.22204269983506292,15
sa,2658,0.06298828125,0.002780914306640625,,0.0008342742919921875,,4.912494205200346e-06,0.3,0.1,4.555651664733887,0.21950756414086237,16
sa,2659,0.0452880859375,0.0018939971923828125,,0.0005681991577148437,,4.9016266530088615e-06,0.3,0.1,2.8856794834136963,0.3465388327940779,16
sa,2660,0.0679931640625,0.0020771026611328125,,0.0006231307983398437,,4.890790023637237e-06,0.3,0.1,3.781771183013916,0.26442636309980055,15
sa,2661,0.06640625,0.0029845237731933594,,0.0008953571319580077,,4.8799815886013675e-06,0.3,0.1,3.174867630004883,0.3149737615985149,16
sa,2662,0.0511474609375,0.0016756057739257812,,0.0005026817321777344,,4.869200893153902e-06,0.3,0.1,2.131436347961426,0.4691671890443419,15
sa,2663,0.0491943359375,0.0029048919677734375,,0.0008714675903320312,,4.858449756284244e-06,0.3,0.1,1.6608030796051025,0.6021183439988412,16
sa,2664,0.05621337890625,0.0023784637451171875,,0.0007135391235351562,,4.84772590425564e-06,0.3,0.1,2.013901472091675,0.4965486215973524,15
sa,2665,0.0433349609375,0.0017910003662109375,,0.0005373001098632812,,4.8370329750468954e-06,0.3,0.1,3.1150341033935547,0.3210237727126609,16
sa,2666,0.0343017578125,0.0014357566833496094,,0.0004307270050048828,,4.826367785426555e-06,0.3,0.1,1.3985886573791504,0.7150065136906834,14
sa,2667,0.056640625,0.0015773773193359375,,0.00047321319580078124,,4.815729880647268e-06,0.3,0.1,2.8676836490631104,0.34871349924762657,15
sa,2668,0.06103515625,0.0019683837890625,,0.0005905151367187499,,4.805122898687841e-06,0.3,0.1,3.5023977756500244,0.28551868292984106,15
sa,2669,0.051513671875,0.001811981201171875,,0.0005435943603515625,,4.794543201569468e-06,0.3,0.1,1.8767390251159668,0.5328391356588369,16
sa,2670,0.037567138671875,0.0016422271728515625,,0.0004926681518554688,,4.783993972523604e-06,0.3,0.1,1.397261381149292,0.7156857074067761,16
sa,2671,0.034698486328125,0.0024557113647460938,,0.0007367134094238281,,4.773472937813494e-06,0.3,0.1,2.005136251449585,0.4987192263254251,14
sa,2672,0.061279296875,0.0024318695068359375,,0.0007295608520507812,,4.762980552186491e-06,0.3,0.1,3.711792230606079,0.2694116313284904,15
sa,2673,0.05010986328125,0.0019550323486328125,,0.0005865097045898438,,4.752518634631997e-06,0.3,0.1,4.065167427062988,0.24599232822311634,15
sa,2674,0.043792724609375,0.002635955810546875,,0.0007907867431640624,,4.742083092423854e-06,0.3,0.1,2.153390884399414,0.4643838734735345,16
sa,2675,0.0400390625,0.0013284683227539062,,0.00039854049682617185,,4.731678473035572e-06,0.3,0.1,1.8014768362045288,0.555100115584537,14
sa,2676,0.0665283203125,0.0031299591064453125,,0.0009389877319335937,,4.721301138488343e-06,0.3,0.1,1.908620834350586,0.52393853299849,15
sa,2677,0.06365966796875,0.0015015602111816406,,0.00045046806335449215,,4.710954726760974e-06,0.3,0.1,2.7388007640838623,0.36512330984926655,15
sa,2678,0.0531005859375,0.002422332763671875,,0.0007266998291015625,,4.700637418864062e-06,0.3,0.1,1.8746787309646606,0.5334247321862057,16
sa,2679,0.0350341796875,0.0017337799072265625,,0.0005201339721679687,,4.690347395808203e-06,0.3,0.1,2.1265697479248047,0.47024086605945636,16
sa,2680,0.07806396484375,0.0016498565673828125,,0.0004949569702148438,,4.680088750319555e-06,0.3,0.1,3.3255066871643066,0.3007060559702889,14
sa,2681,0.055908203125,0.0028362274169921875,,0.0008508682250976562,,4.669857844419312e-06,0.3,0.1,3.237637758255005,0.30886716633147115,16
sa,2682,0.07177734375,0.0018215179443359375,,0.0005464553833007812,,4.6596569518442266e-06,0.3,0.1,3.5929880142211914,0.2783198819595166,14
sa,2683,0.04736328125,0.001338958740234375,,0.0004016876220703125,,4.6494837988575455e-06,0.3,0.1,2.438525676727295,0.4100838508873458,15
sa,2684,0.0443115234375,0.0018434524536132812,,0.0005530357360839844,,4.639340659196023e-06,0.3,0.1,3.6989197731018066,0.2703491995884596,13
sa,2685,0.0635986328125,0.002201557159423828,,0.0006604671478271484,,4.62922798760701e-06,0.3,0.1,3.225628614425659,0.3100170910959182,15
sa,2686,0.06427001953125,0.003021240234375,,0.0009063720703125,,4.619143055606401e-06,0.3,0.1,4.038453102111816,0.24761956489653747,16
sa,2687,0.04486083984375,0.0013246536254882812,,0.00039739608764648436,,4.609088591678301e-06,0.3,0.1,2.072345018386841,0.4825451317842924,14
sa,2688,0.05657958984375,0.0010192394256591797,,0.0003057718276977539,,4.599061867338605e-06,0.3,0.1,2.070986747741699,0.4828616122678944,14
sa,2689,0.040557861328125,0.002391338348388672,,0.0007174015045166016,,4.589066520566121e-06,0.3,0.1,1.7889760732650757,0.5589789684413673,15
sa,2690,0.04296875,0.001804351806640625,,0.0005413055419921875,,4.579101187118795e-06,0.3,0.1,2.361515522003174,0.4234568821092238,16
sa,2691,0.033111572265625,0.0016326904296875,,0.00048980712890625,,4.569163138512522e-06,0.3,0.1,2.724442720413208,0.3670475405877988,15
sa,2692,0.038787841796875,0.0025959014892578125,,0.0007787704467773438,,4.559255557978759e-06,0.3,0.1,1.7177273035049438,0.5821645833768525,16
sa,2693,0.033111572265625,0.0016779899597167969,,0.0005033969879150391,,4.549375717033399e-06,0.3,0.1,1.7293936014175415,0.5782373655021763,15
sa,2694,0.0478515625,0.00202178955078125,,0.000606536865234375,,4.539527253655251e-06,0.3,0.1,2.8290233612060547,0.3534788767434162,15
sa,2695,0.036712646484375,0.00194549560546875,,0.000583648681640625,,4.5297088036022615e-06,0.3,0.1,1.9452372789382935,0.5140761031198199,14
sa,2696,0.0513916015625,0.0029144287109375,,0.00087432861328125,,4.519917638390325e-06,0.3,0.1,5.355668067932129,0.18671806902814814,15
sa,2697,0.040130615234375,0.002002716064453125,,0.0006008148193359375,,4.510157395998249e-06,0.3,0.1,1.5475962162017822,0.6461633787489279,16
sa,2698,0.0358734130859375,0.0010313987731933594,,0.0003094196319580078,,4.5004258026892785e-06,0.3,0.1,1.722464680671692,0.5805634282207983,14
sa,2699,0.03924560546875,0.0025663375854492188,,0.0007699012756347656,,4.4907251322001684e-06,0.3,0.1,2.2081480026245117,0.45286819489066954,15
sa,2700,0.05023193359375,0.0026607513427734375,,0.0007982254028320312,,4.481052656046813e-06,0.3,0.1,1.9096311330795288,0.5236613410189693,16
sa,2701,0.036346435546875,0.0017709732055664062,,0.0005312919616699219,,4.471410647965968e-06,0.3,0.1,1.3982375860214233,0.7151860384796425,14
sa,2702,0.064208984375,0.0013577938079833984,,0.00040733814239501953,,4.461799107957631e-06,0.3,0.1,3.0382649898529053,0.3291352147820438,16
sa,2703,0.06488037109375,0.002223968505859375,,0.0006671905517578125,,4.45221576228505e-06,0.3,0.1,2.253925085067749,0.44367046918506686,15
sa,2704,0.06378173828125,0.0015411376953125,,0.00046234130859374996,,4.442662429937627e-06,0.3,0.1,1.2899439334869385,0.7752274917072012,13
sa,2705,0.047607421875,0.0020513534545898438,,0.0006154060363769531,,4.433139565662714e-06,0.3,0.1,2.4926507472991943,0.40117934736083966,15
sa,2706,0.0535888671875,0.00162506103515625,,0.000487518310546875,,4.423646259965608e-06,0.3,0.1,2.689243793487549,0.371851745989585,15
sa,2707,0.06072998046875,0.0014281272888183594,,0.0004284381866455078,,4.4141834223410115e-06,0.3,0.1,2.229278326034546,0.44857566160381873,16
sa,2708,0.028106689453125,0.0023407936096191406,,0.0007022380828857422,,4.40474877905217e-06,0.3,0.1,1.4292776584625244,0.6996541183437381,15
sa,2709,0.0604248046875,0.002574920654296875,,0.0007724761962890625,,4.39534551333054e-06,0.3,0.1,2.8109750747680664,0.3557484408083946,15
sa,2710,0.0577392578125,0.0016608238220214844,,0.0004982471466064452,,4.385970441944664e-06,0.3,0.1,2.0104334354400635,0.4974051775959994,15
sa,2711,0.0369415283203125,0.0018024444580078125,,0.0005407333374023438,,4.376626293378649e-06,0.3,0.1,2.3301851749420166,0.42915044295777205,16
sa,2712,0.050537109375,0.0019652843475341797,,0.0005895853042602539,,4.367311703390442e-06,0.3,0.1,2.1506876945495605,0.4649675555099318,15
sa,2713,0.064208984375,0.0024852752685546875,,0.0007455825805664062,,4.358027581474744e-06,0.3,0.1,7.721537113189697,0.12950789270854246,15
sa,2714,0.0499267578125,0.002841949462890625,,0.0008525848388671875,,4.348773927631555e-06,0.3,0.1,3.4293768405914307,0.2915981668050047,16
sa,2715,0.0672607421875,0.00152587890625,,0.000457763671875,,4.3395484681241214e-06,0.3,0.1,3.9238550662994385,0.25485141094752345,15
sa,2716,0.03607177734375,0.00269317626953125,,0.0008079528808593749,,4.330355295678601e-06,0.3,0.1,5.627832889556885,0.17768828954669555,16
sa,2717,0.07061767578125,0.002223968505859375,,0.0006671905517578125,,4.321189408074133e-06,0.3,0.1,2.55161190032959,0.39190913001731603,15
sa,2718,0.043853759765625,0.0014667510986328125,,0.00044002532958984373,,4.312055352784228e-06,0.3,0.1,1.2721532583236694,0.7860688116443699,15
sa,2719,0.037322998046875,0.0022945404052734375,,0.0006883621215820312,,4.302952675061533e-06,0.3,0.1,1.6673693656921387,0.5997471349636389,15
sa,2720,0.0506591796875,0.0019626617431640625,,0.0005887985229492187,,4.293877736927243e-06,0.3,0.1,2.626932382583618,0.3806721507679191,15
sa,2721,0.0587158203125,0.0021953582763671875,,0.0006586074829101563,,4.284833721612813e-06,0.3,0.1,2.4206182956695557,0.4131175913976122,16
sa,2722,0.0648193359375,0.0016584396362304688,,0.0004975318908691406,,4.2758192648761906e-06,0.3,0.1,2.9142937660217285,0.3431363068676118,13
sa,2723,0.036895751953125,0.002581357955932617,,0.0007744073867797851,,4.2668357309594285e-06,0.3,0.1,1.8200836181640625,0.5494253066288848,14
sa,2724,0.05780029296875,0.0023212432861328125,,0.0006963729858398437,,4.257881755620474e-06,0.3,0.1,3.440673589706421,0.2906407637712957,16
sa,2725,0.0373382568359375,0.00226593017578125,,0.000679779052734375,,4.24895870310138e-06,0.3,0.1,1.2264351844787598,0.8153712586328028,15
sa,2726,0.05096435546875,0.003879547119140625,,0.0011638641357421874,,4.240066118654795e-06,0.3,0.1,1.870414137840271,0.5346409545185964,15
sa,2727,0.0452880859375,0.0019397735595703125,,0.0005819320678710937,,4.231202638038667e-06,0.3,0.1,2.710517406463623,0.3689332514948454,16
sa,2728,0.04852294921875,0.0027446746826171875,,0.0008234024047851562,,4.22237053498975e-06,0.3,0.1,2.1688528060913086,0.4610732444320152,15
sa,2729,0.038421630859375,0.0017976760864257812,,0.0005393028259277344,,4.21356753577129e-06,0.3,0.1,1.447258710861206,0.6909614656283117,16
sa,2730,0.031768798828125,0.0017414093017578125,,0.0005224227905273437,,4.204795914120041e-06,0.3,0.1,1.9496960639953613,0.5129004558540152,15
sa,2731,0.0516357421875,0.0020093917846679688,,0.0006028175354003906,,4.196054760541301e-06,0.3,0.1,2.54891300201416,0.3923241001987108,15
sa,2732,0.03509521484375,0.0022268295288085938,,0.0006680488586425781,,4.187342710793018e-06,0.3,0.1,2.4177346229553223,0.4136103236912115,16
sa,2733,0.0447998046875,0.002758026123046875,,0.0008274078369140625,,4.1786624933592975e-06,0.3,0.1,1.9766252040863037,0.5059128042750273,15
sa,2734,0.031890869140625,0.001781463623046875,,0.0005344390869140625,,4.1700109250086825e-06,0.3,0.1,1.9325369596481323,0.5174545278461714,16
sa,2735,0.04547119140625,0.001194000244140625,,0.00035820007324218747,,4.16139118897263e-06,0.3,0.1,4.275002956390381,0.23391796688822755,16
sa,2736,0.041748046875,0.0017468929290771484,,0.0005240678787231445,,4.152800556767033e-06,0.3,0.1,2.500826597213745,0.39986778816017615,15
sa,2737,0.05902099609375,0.0018110275268554688,,0.0005433082580566406,,4.144242666370701e-06,0.3,0.1,1.8235204219818115,0.5483898002706187,16
sa,2738,0.03607177734375,0.001995086669921875,,0.0005985260009765625,,4.135714334552176e-06,0.3,0.1,1.7771724462509155,0.5626915959166362,15
sa,2739,0.04351806640625,0.0029239654541015625,,0.0008771896362304687,,4.127215106564108e-06,0.3,0.1,2.808846950531006,0.35601797378491995,16
sa,2740,0.04559326171875,0.0020809173583984375,,0.0006242752075195313,,4.118748165637953e-06,0.3,0.1,1.7182363271713257,0.5819921184219554,14
sa,2741,0.057373046875,0.0018634796142578125,,0.0005590438842773437,,4.110310328542255e-06,0.3,0.1,2.371365785598755,0.42169791184176436,14
sa,2742,0.036102294921875,0.0022411346435546875,,0.0006723403930664062,,4.1019043237611186e-06,0.3,0.1,2.051320791244507,0.48749079337967144,16
sa,2743,0.0487060546875,0.0018968582153320312,,0.0005690574645996093,,4.093528332305141e-06,0.3,0.1,1.937755823135376,0.5160608927403222,16
sa,2744,0.047882080078125,0.0023365020751953125,,0.0007009506225585938,,4.085182808921672e-06,0.3,0.1,1.463584065437317,0.6832542274920173,16
sa,2745,0.04095458984375,0.0013146400451660156,,0.0003943920135498047,,4.076869572600117e-06,0.3,0.1,2.341574192047119,0.427063128469891,15
sa,2746,0.045684814453125,0.00203704833984375,,0.000611114501953125,,4.0685845306143165e-06,0.3,0.1,2.0886778831481934,0.47877176661282683,16
sa,2747,0.04412841796875,0.0019054412841796875,,0.0005716323852539062,,4.06033223043778e-06,0.3,0.1,2.757794141769409,0.3626086461110534,16
sa,2748,0.03729248046875,0.0017156600952148438,,0.0005146980285644531,,4.052108579344349e-06,0.3,0.1,1.8965989351272583,0.5272596021640715,16
sa,2749,0.043304443359375,0.0015540122985839844,,0.0004662036895751953,,4.043917215312831e-06,0.3,0.1,2.5253195762634277,0.3959894856078546,16
sa,2750,0.0372314453125,0.0017137527465820312,,0.0005141258239746094,,4.035757228848524e-06,0.3,0.1,1.7813897132873535,0.5613594782438779,15
sa,2751,0.04852294921875,0.0025482177734375,,0.00076446533203125,,4.027624981972622e-06,0.3,0.1,3.0558314323425293,0.32724318148446535,15
sa,2752,0.030181884765625,0.0028171539306640625,,0.0008451461791992187,,4.019525931653334e-06,0.3,0.1,0.9907760620117188,1.0,15
sa,2753,0.061279296875,0.0026569366455078125,,0.0007970809936523437,,4.0114564399118535e-06,0.3,0.1,3.9624886512756348,0.25236665338538505,15
sa,2754,0.0355224609375,0.002353668212890625,,0.0007061004638671875,,4.003419235232286e-06,0.3,0.1,2.1513419151306152,0.464826159415616,15
sa,2755,0.05230712890625,0.00208282470703125,,0.0006248474121093749,,3.995412043877877e-06,0.3,0.1,2.7058510780334473,0.36956948891909375,16
sa,2756,0.04302978515625,0.0021533966064453125,,0.0006460189819335937,,3.987435320595978e-06,0.3,0.1,5.701190948486328,0.17540194830090738,14
sa,2757,0.049346923828125,0.001445770263671875,,0.0004337310791015625,,3.9794899748812895e-06,0.3,0.1,2.4605000019073486,0.4064214587379852,15
sa,2758,0.03753662109375,0.0027618408203125,,0.00082855224609375,,3.97157464249176e-06,0.3,0.1,1.1437026262283325,0.8743531553282948,16
sa,2759,0.05206298828125,0.0016536712646484375,,0.0004961013793945312,,3.963691597164143e-06,0.3,0.1,2.6542160511016846,0.3767590809289735,13
sa,2760,0.0555419921875,0.0022077560424804688,,0.0006623268127441406,,3.955838110414334e-06,0.3,0.1,2.5927298069000244,0.3856938726660614,13
sa,2761,0.06719970703125,0.0015935897827148438,,0.0004780769348144531,,3.9480164559790865e-06,0.3,0.1,2.98774790763855,0.3347002594975886,16
sa,2762,0.0450439453125,0.0014388561248779297,,0.0004316568374633789,,3.9402257243636996e-06,0.3,0.1,2.7750563621520996,0.3603530413430898,16
sa,2763,0.0531005859375,0.0017604827880859375,,0.0005281448364257812,,3.932465460820822e-06,0.3,0.1,2.8317196369171143,0.35314230510782396,14
sa,2764,0.042999267578125,0.0019903182983398438,,0.0005970954895019531,,3.924737029592507e-06,0.3,0.1,1.9457752704620361,0.5139339651297675,15
sa,2765,0.03173828125,0.0020122528076171875,,0.0006036758422851562,,3.91703861168935e-06,0.3,0.1,2.279529094696045,0.4386870965265487,15
sa,2766,0.03790283203125,0.0017447471618652344,,0.0005234241485595703,,3.909372026100755e-06,0.3,0.1,2.2316441535949707,0.44810011416430046,16
sa,2767,0.04107666015625,0.0015597343444824219,,0.00046792030334472654,,3.901736818079371e-06,0.3,0.1,3.52203369140625,0.28392686942206047,16
sa,2768,0.05438232421875,0.0014181137084960938,,0.0004254341125488281,,3.894131623383146e-06,0.3,0.1,2.1394364833831787,0.46741280134601565,15
sa,2769,0.02685546875,0.0013225078582763672,,0.00039675235748291013,,3.8865587157488335e-06,0.3,0.1,1.2128593921661377,0.8244978819960523,14
sa,2770,0.0523681640625,0.0011577606201171875,,0.00034732818603515624,,3.879014911944978e-06,0.3,0.1,4.027322292327881,0.24830394177913634,15
sa,2771,0.0478515625,0.0019092559814453125,,0.0005727767944335938,,3.871504304697737e-06,0.3,0.1,1.6319812536239624,0.6127521365698345,16
sa,2772,0.02728271484375,0.0027179718017578125,,0.0008153915405273438,,3.864023256028304e-06,0.3,0.1,1.5123419761657715,0.6612261087504111,16
sa,2773,0.040435791015625,0.00269317626953125,,0.0008079528808593749,,3.856575858662836e-06,0.3,0.1,1.4189485311508179,0.7047471969888607,16
sa,2774,0.04376220703125,0.0010209083557128906,,0.00030627250671386717,,3.849158019875176e-06,0.3,0.1,2.388725996017456,0.41863319680332745,15
sa,2775,0.036773681640625,0.0020494461059570312,,0.0006148338317871093,,3.841770194412675e-06,0.3,0.1,1.9644256830215454,0.509054635480976,15
sa,2776,0.05078125,0.0019168853759765625,,0.0005750656127929688,,3.834415565506788e-06,0.3,0.1,2.4234204292297363,0.41263991503027875,16
sa,2777,0.045074462890625,0.0016489028930664062,,0.0004946708679199218,,3.82709094992606e-06,0.3,0.1,2.1106374263763428,0.4737905182117681,14
sa,2778,0.058502197265625,0.002384185791015625,,0.0007152557373046875,,3.819799076154595e-06,0.3,0.1,2.449068307876587,0.4083185417016926,15
sa,2779,0.05255126953125,0.0024166107177734375,,0.0007249832153320312,,3.8125378978293156e-06,0.3,0.1,2.8526594638824463,0.3505500788513355,16
sa,2780,0.04510498046875,0.0023856163024902344,,0.0007156848907470702,,3.80530696020287e-06,0.3,0.1,2.127140998840332,0.4701145812831292,15
sa,2781,0.04620361328125,0.00235748291015625,,0.000707244873046875,,3.7981089917593636e-06,0.3,0.1,2.692056894302368,0.3714631745400554,15
sa,2782,0.054931640625,0.0018892288208007812,,0.0005667686462402343,,3.7909408092673402e-06,0.3,0.1,2.096072196960449,0.4770828034693258,16
sa,2783,0.038330078125,0.001415252685546875,,0.0004245758056640625,,3.7838051412109053e-06,0.3,0.1,2.983513355255127,0.33517530539577145,14
sa,2784,0.04229736328125,0.0021648406982421875,,0.0006494522094726562,,3.776699031732278e-06,0.3,0.1,1.2487311363220215,0.8008128979192212,16
sa,2785,0.032379150390625,0.0012793540954589844,,0.0003838062286376953,,3.7696261188102653e-06,0.3,0.1,3.545213222503662,0.2820704813048708,16
sa,2786,0.06427001953125,0.0021295547485351562,,0.0006388664245605469,,3.7625843560817884e-06,0.3,0.1,3.0945916175842285,0.32314441566950375,15
sa,2787,0.039642333984375,0.0020885467529296875,,0.0006265640258789062,,3.755573516173172e-06,0.3,0.1,1.7962881326675415,0.5567035609788115,16
sa,2788,0.06298828125,0.0022449493408203125,,0.0006734848022460937,,3.748595418073819e-06,0.3,0.1,3.085475444793701,0.3240991600459362,14
sa,2789,0.05755615234375,0.0020885467529296875,,0.0006265640258789062,,3.7416461964312475e-06,0.3,0.1,1.9594247341156006,0.5103538720262999,16
sa,2790,0.0562744140625,0.0022525787353515625,,0.0006757736206054688,,3.7347310808399925e-06,0.3,0.1,1.964518666267395,0.5090305412572179,15
sa,2791,0.04388427734375,0.0029039382934570312,,0.0008711814880371094,,3.7278462059475714e-06,0.3,0.1,1.9166350364685059,0.5217477406875276,14
sa,2792,0.042236328125,0.0023603439331054688,,0.0007081031799316406,,3.720992935996037e-06,0.3,0.1,2.623512029647827,0.3811684447028197,15
sa,2793,0.028411865234375,0.0013751983642578125,,0.0004125595092773437,,3.7141719531064155e-06,0.3,0.1,1.5862270593643188,0.6304267690407138,16
sa,2794,0.03997802734375,0.003482818603515625,,0.0010448455810546874,,3.7073814382893033e-06,0.3,0.1,3.1934382915496826,0.3131421085061046,16
sa,2795,0.057373046875,0.0027637481689453125,,0.0008291244506835937,,3.7006229831604287e-06,0.3,0.1,2.2726166248321533,0.4400214224754499,16
sa,2796,0.054351806640625,0.0017247200012207031,,0.0005174160003662109,,3.693895223477739e-06,0.3,0.1,1.954647183418274,0.5116012794959788,15
sa,2797,0.0283355712890625,0.001949310302734375,,0.0005847930908203124,,3.6872004329779884e-06,0.3,0.1,1.6975011825561523,0.589101209634604,16
sa,2798,0.0325927734375,0.0017027854919433594,,0.0005108356475830078,,3.680537020045449e-06,0.3,0.1,2.475529909133911,0.4039539156082586,16
sa,2799,0.040283203125,0.00372314453125,,0.001116943359375,,3.673904075185419e-06,0.3,0.1,2.7674221992492676,0.3613471049958604,16
sa,2800,0.06341552734375,0.002826690673828125,,0.0008480072021484374,,3.6673052363767056e-06,0.3,0.1,2.7009687423706055,0.37023753156147704,16
sa,2801,0.0518798828125,0.0015354156494140625,,0.00046062469482421875,,3.6607357287721243e-06,0.3,0.1,2.270538091659546,0.44042423409382037,16
sa,2802,0.04791259765625,0.001434326171875,,0.0004302978515625,,3.6541994177241577e-06,0.3,0.1,2.3725907802581787,0.4214801845816761,14
sa,2803,0.04986572265625,0.0017504692077636719,,0.0005251407623291015,,3.6476947116170777e-06,0.3,0.1,2.154815673828125,0.46407681740288065,15
sa,2804,0.040069580078125,0.00225067138671875,,0.000675201416015625,,3.6412202462088317e-06,0.3,0.1,2.484819173812866,0.40244377157857153,16
sa,2805,0.05126953125,0.00209808349609375,,0.000629425048828125,,3.634778295236174e-06,0.3,0.1,2.43337345123291,0.4109521288207254,15
sa,2806,0.05621337890625,0.0011734962463378906,,0.00035204887390136717,,3.628367494457052e-06,0.3,0.1,2.2767324447631836,0.43922596276086184,14
sa,2807,0.032958984375,0.0016813278198242188,,0.0005043983459472656,,3.6219896628608694e-06,0.3,0.1,6.364245414733887,0.15712781874892764,15
sa,2808,0.036529541015625,0.0017976760864257812,,0.0005393028259277344,,3.6156434362055734e-06,0.3,0.1,1.9363871812820435,0.5164256454837302,16
sa,2809,0.05377197265625,0.0015876293182373047,,0.00047628879547119136,,3.6093274502491113e-06,0.3,0.1,3.074843168258667,0.32521983895728773,16
sa,2810,0.057861328125,0.0023899078369140625,,0.0007169723510742187,,3.6030455703439657e-06,0.3,0.1,4.654011249542236,0.21486841057772668,16
sa,2811,0.0364990234375,0.001470327377319336,,0.00044109821319580076,,3.5967932490166277e-06,0.3,0.1,1.5698506832122803,0.637003258140301,14
sa,2812,0.03582763671875,0.0024080276489257812,,0.0007224082946777344,,3.5905741242459044e-06,0.3,0.1,1.7456663846969604,0.5728471423671226,16
sa,2813,0.0479736328125,0.0019168853759765625,,0.0005750656127929688,,3.584386149668717e-06,0.3,0.1,2.3934741020202637,0.4178027241472671,16
sa,2814,0.03424072265625,0.0015382766723632812,,0.00046148300170898435,,3.578230462153442e-06,0.3,0.1,1.7662416696548462,0.5661739371121377,15
sa,2815,0.04180908203125,0.0011925697326660156,,0.00035777091979980467,,3.5721070617000805e-06,0.3,0.1,1.942939281463623,0.5146841229370258,14
sa,2816,0.041595458984375,0.002208709716796875,,0.0006626129150390625,,3.5660148114402546e-06,0.3,0.1,2.4784939289093018,0.4034708289320139,16
sa,2817,0.061279296875,0.0022640228271484375,,0.0006792068481445312,,3.559955075616017e-06,0.3,0.1,2.668426752090454,0.3747526512453815,14
sa,2818,0.03564453125,0.0016927719116210938,,0.0005078315734863281,,3.553926489985315e-06,0.3,0.1,3.6926305294036865,0.27080965507845906,16
sa,2819,0.030914306640625,0.0013570785522460938,,0.0004071235656738281,,3.547931100911228e-06,0.3,0.1,1.4453222751617432,0.6918872124129491,16
sa,2820,0.046051025390625,0.001689910888671875,,0.0005069732666015625,,3.5419668620306766e-06,0.3,0.1,1.8652806282043457,0.5361123601882214,16
sa,2821,0.04156494140625,0.0018157958984375,,0.0005447387695312499,,3.5360340007173363e-06,0.3,0.1,2.2036654949188232,0.45378938060508006,16
sa,2822,0.040924072265625,0.002552032470703125,,0.0007656097412109375,,3.5301343359606108e-06,0.3,0.1,3.4397623538970947,0.2907177581227509,16
sa,2823,0.02862548828125,0.0021114349365234375,,0.0006334304809570312,,3.524265821397421e-06,0.3,0.1,1.1614130735397339,0.8610200993796445,16
sa,2824,0.055999755859375,0.001529693603515625,,0.0004589080810546875,,3.518429593896144e-06,0.3,0.1,2.5348029136657715,0.3945079890072494,15
sa,2825,0.041259765625,0.001861572265625,,0.0005584716796875,,3.5126254260831047e-06,0.3,0.1,2.2565104961395264,0.44316213095875945,16
sa,2826,0.0254364013671875,0.0017657279968261719,,0.0005297183990478515,,3.5068535453319782e-06,0.3,0.1,1.4109516143798828,0.7087415257960513,15
sa,2827,0.0404052734375,0.0015239715576171875,,0.00045719146728515623,,3.50111417901644e-06,0.3,0.1,1.546895980834961,0.6464558783456368,16
sa,2828,0.045806884765625,0.0016703605651855469,,0.000501108169555664,,3.495405053399736e-06,0.3,0.1,1.8531888723373413,0.5396104061097379,14
sa,2829,0.05291748046875,0.0006480216979980469,,0.00019440650939941406,,3.489729806460673e-06,0.3,0.1,2.3957359790802,0.41740826565702455,13
sa,2830,0.030426025390625,0.0016155242919921875,,0.00048465728759765624,,3.4840850275941193e-06,0.3,0.1,2.234196186065674,0.4475882674211159,16
sa,2831,0.0261383056640625,0.0015439987182617188,,0.0004631996154785156,,3.4784741274052067e-06,0.3,0.1,1.0401414632797241,0.9614076885723294,16
sa,2832,0.03582763671875,0.001781463623046875,,0.0005344390869140625,,3.472894604783505e-06,0.3,0.1,1.3020445108413696,0.7680228991202527,16
sa,2833,0.037689208984375,0.0019254684448242188,,0.0005776405334472656,,3.4673471418500412e-06,0.3,0.1,1.2660263776779175,0.7898729581244194,16
sa,2834,0.037506103515625,0.0014390945434570312,,0.00043172836303710936,,3.4618321933521656e-06,0.3,0.1,1.910527229309082,0.5234157276898049,16
sa,2835,0.032806396484375,0.0016994476318359375,,0.0005098342895507813,,3.4563483950478258e-06,0.3,0.1,1.406665563583374,0.7109010314097515,16
sa,2836,0.0472869873046875,0.0013484954833984375,,0.00040454864501953124,,3.4508973385527497e-06,0.3,0.1,1.9417012929916382,0.515012274858853,16
sa,2837,0.0482177734375,0.002032756805419922,,0.0006098270416259765,,3.445478796493262e-06,0.3,0.1,2.525022506713867,0.3960360738730314,16
sa,2838,0.040191650390625,0.0022430419921875,,0.00067291259765625,,3.4400925414956873e-06,0.3,0.1,2.55086088180542,0.39202451499128055,14
sa,2839,0.039459228515625,0.001659393310546875,,0.0004978179931640625,,3.4347381188126747e-06,0.3,0.1,1.5696275234222412,0.6370938232656059,16
sa,2840,0.03912353515625,0.0015478134155273438,,0.0004643440246582031,,3.4294162105652504e-06,0.3,0.1,1.8232392072677612,0.5484743834017057,16
sa,2841,0.041290283203125,0.00203704833984375,,0.000611114501953125,,3.4241263620060636e-06,0.3,0.1,1.589882254600525,0.6289773957199496,14
sa,2842,0.04107666015625,0.001800537109375,,0.0005401611328125,,3.4188688005087897e-06,0.3,0.1,4.548111915588379,0.2198714584336767,16
sa,2843,0.02880859375,0.00193023681640625,,0.0005790710449218749,,3.4136432986997534e-06,0.3,0.1,2.3074991703033447,0.4333696032785744,16
sa,2844,0.04559326171875,0.002063751220703125,,0.0006191253662109374,,3.4084507660736563e-06,0.3,0.1,1.8845078945159912,0.5306425103922612,16
sa,2845,0.035491943359375,0.0018949508666992188,,0.0005684852600097656,,3.4032896110147703e-06,0.3,0.1,1.835304856300354,0.5448686067424356,16
sa,2846,0.06561279296875,0.002681732177734375,,0.0008045196533203125,,3.398161652512499e-06,0.3,0.1,2.266016721725464,0.44130300999656685,15
sa,2847,0.030120849609375,0.0014324188232421875,,0.0004297256469726562,,3.39306552632479e-06,0.3,0.1,2.22750186920166,0.448933405545649,15
sa,2848,0.04168701171875,0.0013284683227539062,,0.00039854049682617185,,3.388001914572669e-06,0.3,0.1,1.6074988842010498,0.6220844131391198,15
sa,2849,0.037384033203125,0.0022068023681640625,,0.0006620407104492187,,3.3829701351351105e-06,0.3,0.1,1.7877918481826782,0.5593492335343835,16
sa,2850,0.050506591796875,0.0013959407806396484,,0.00041878223419189453,,3.377971779627842e-06,0.3,0.1,1.9830915927886963,0.5042631432841502,12
sa,2851,0.03912353515625,0.001804351806640625,,0.0005413055419921875,,3.373005483808811e-06,0.3,0.1,2.9015614986419678,0.344642014469807,16
sa,2852,0.052978515625,0.0011718273162841797,,0.0003515481948852539,,3.3680703381833155e-06,0.3,0.1,2.048950433731079,0.4880547540523121,16
sa,2853,0.028289794921875,0.0015735626220703125,,0.00047206878662109375,,3.363169071235461e-06,0.3,0.1,1.0954017639160156,0.9129070565169091,16
sa,2854,0.04486083984375,0.0020694732666015625,,0.0006208419799804688,,3.358299181854818e-06,0.3,0.1,2.005092144012451,0.49873019700674176,14
sa,2855,0.04571533203125,0.001590728759765625,,0.0004772186279296875,,3.3534624890307896e-06,0.3,0.1,2.3845856189727783,0.41936007331570496,14
sa,2856,0.020294189453125,0.0021877288818359375,,0.0006563186645507812,,3.3486594475107267e-06,0.3,0.1,1.5725774765014648,0.6358987171968875,15
sa,2857,0.0570068359375,0.0019903182983398438,,0.0005970954895019531,,3.3438871014368488e-06,0.3,0.1,2.1471943855285645,0.46572401955765863,14
sa,2858,0.045013427734375,0.001926422119140625,,0.0005779266357421875,,3.33914772454591e-06,0.3,0.1,2.0681300163269043,0.48352859448171776,16
sa,2859,0.042724609375,0.0018010139465332031,,0.0005403041839599609,,3.334439497848507e-06,0.3,0.1,1.484763741493225,0.6735078262311963,13
sa,2860,0.020355224609375,0.0019731521606445312,,0.0005919456481933593,,3.3297653772024205e-06,0.3,0.1,1.3518247604370117,0.739740851970136,15
sa,2861,0.030548095703125,0.002239227294921875,,0.0006717681884765625,,3.325123088870896e-06,0.3,0.1,1.0669169425964355,0.9372800825211498,16
sa,2862,0.0521240234375,0.0025091171264648438,,0.0007527351379394531,,3.320513769722311e-06,0.3,0.1,1.9407166242599487,0.5152735785840599,16
sa,2863,0.04437255859375,0.0011205673217773438,,0.0003361701965332031,,3.3159371923829895e-06,0.3,0.1,2.5432286262512207,0.39320098463739916,15
sa,2864,0.04644775390625,0.0020999908447265625,,0.0006299972534179688,,3.3113915378635284e-06,0.3,0.1,1.8335397243499756,0.5453931467748914,16
sa,2865,0.03619384765625,0.0014452934265136719,,0.00043358802795410154,,3.3068797620217083e-06,0.3,0.1,1.0354386568069458,0.9657742575342605,14
sa,2866,0.0421142578125,0.001567840576171875,,0.0004703521728515625,,3.302400273241801e-06,0.3,0.1,1.5491641759872437,0.6455093756365267,15
sa,2867,0.03497314453125,0.0012273788452148438,,0.0003682136535644531,,3.297953526271158e-06,0.3,0.1,1.9164422750473022,0.5218002196154422,15
sa,2868,0.038055419921875,0.0016384124755859375,,0.0004915237426757812,,3.293539293736103e-06,0.3,0.1,2.346043348312378,0.42624958346117015,16
sa,2869,0.033416748046875,0.001873016357421875,,0.0005619049072265624,,3.2891571208892856e-06,0.3,0.1,1.0446640253067017,0.957245560079865,16
sa,2870,0.04168701171875,0.0020198822021484375,,0.0006059646606445312,,3.2848079172254074e-06,0.3,0.1,1.674458622932434,0.597207949067578,14
sa,2871,0.03363037109375,0.00147247314453125,,0.000441741943359375,,3.2804916827444686e-06,0.3,0.1,1.870957612991333,0.5344856521902575,13
sa,2872,0.03070068359375,0.0019102096557617188,,0.0005730628967285156,,3.276207507951767e-06,0.3,0.1,1.7268294095993042,0.5790959978102534,16
sa,2873,0.036376953125,0.0019092559814453125,,0.0005727767944335938,,3.271955847594654e-06,0.3,0.1,1.1941978931427002,0.8373821505984732,15
sa,2874,0.03228759765625,0.001119852066040039,,0.0003359556198120117,,3.267737838541507e-06,0.3,0.1,2.166909694671631,0.46148669806543924,15
sa,2875,0.06884765625,0.0022296905517578125,,0.0006689071655273437,,3.2635521165502723e-06,0.3,0.1,3.9972894191741943,0.25016952618021626,14
sa,2876,0.053955078125,0.0015211105346679688,,0.0004563331604003906,,3.2593982268736e-06,0.3,0.1,2.179326295852661,0.45885740097893424,15
sa,2877,0.040771484375,0.002674102783203125,,0.0008022308349609374,,3.2552775337535422e-06,0.3,0.1,1.8188717365264893,0.5497913788630892,16
sa,2878,0.0283203125,0.0018062591552734375,,0.0005418777465820312,,3.2511891276953975e-06,0.3,0.1,2.626619815826416,0.38071745060880424,16
sa,2879,0.03253173828125,0.0006213188171386719,,0.00018639564514160155,,3.2471343729412183e-06,0.3,0.1,1.5545142889022827,0.6432877504819515,16
sa,2880,0.05108642578125,0.0012607574462890625,,0.0003782272338867187,,3.243111905248952e-06,0.3,0.1,1.722943902015686,0.5804019497269133,12
sa,2881,0.028717041015625,0.001697540283203125,,0.0005092620849609375,,3.2391214972449234e-06,0.3,0.1,1.9159924983978271,0.5219227115117676,16
sa,2882,0.03094482421875,0.0011820793151855469,,0.00035462379455566403,,3.2351642857975094e-06,0.3,0.1,2.8309738636016846,0.3532353346165329,16
sa,2883,0.041259765625,0.0009989738464355469,,0.00029969215393066406,,3.231239816159359e-06,0.3,0.1,3.136587619781494,0.3188178113352573,13
sa,2884,0.02618408203125,0.0015869140625,,0.00047607421875,,3.2273485430778237e-06,0.3,0.1,1.566468358039856,0.6383786782972841,15
sa,2885,0.039886474609375,0.001789093017578125,,0.0005367279052734375,,3.2234886475634994e-06,0.3,0.1,1.7868523597717285,0.559643327290762,15
sa,2886,0.04351806640625,0.0019354820251464844,,0.0005806446075439453,,3.2196633128478425e-06,0.3,0.1,11.645363807678223,0.08587108282015739,16
sa,2887,0.0271148681640625,0.0018825531005859375,,0.0005647659301757812,,3.2158693556993967e-06,0.3,0.1,2.1706342697143555,0.46069483650582693,16
sa,2888,0.04339599609375,0.0012140274047851562,,0.00036420822143554685,,3.2121081403602147e-06,0.3,0.1,2.9119040966033936,0.34341790348331025,14
sa,2889,0.034576416015625,0.0013666152954101562,,0.00040998458862304685,,3.2083810310723493e-06,0.3,0.1,2.2664194107055664,0.4412246009173945,15
sa,2890,0.03936767578125,0.0020847320556640625,,0.0006254196166992187,,3.2046850719780196e-06,0.3,0.1,1.6566709280014038,0.6036201777297999,14
sa,2891,0.032745361328125,0.0017261505126953125,,0.0005178451538085938,,3.2010232189350063e-06,0.3,0.1,1.6097168922424316,0.6212272510894387,16
sa,2892,0.04718017578125,0.0010380744934082031,,0.00031142234802246095,,3.1973943350749323e-06,0.3,0.1,1.8490550518035889,0.5408167804547457,15
sa,2893,0.04608154296875,0.0014495849609375,,0.00043487548828125,,3.1937972835294204e-06,0.3,0.1,3.3145484924316406,0.3017002171738853,16
sa,2894,0.036651611328125,0.0020999908447265625,,0.0006299972534179688,,3.190233428540523e-06,0.3,0.1,1.7186346054077148,0.5818572469409623,15
sa,2895,0.039581298828125,0.00191497802734375,,0.000574493408203125,,3.1867027701082407e-06,0.3,0.1,1.524090051651001,0.6561292089773371,16
sa,2896,0.0283203125,0.0022792816162109375,,0.0006837844848632812,,3.1832046261115465e-06,0.3,0.1,1.707511305809021,0.5856476596072661,15
sa,2897,0.0198822021484375,0.00186920166015625,,0.000560760498046875,,3.179738996550441e-06,0.3,0.1,0.9680692553520203,1.0,16
sa,2898,0.042572021484375,0.0020036697387695312,,0.0006011009216308593,,3.1763065635459498e-06,0.3,0.1,2.932954788208008,0.3409530907262929,16
sa,2899,0.03765869140625,0.00194549560546875,,0.000583648681640625,,3.172907554471749e-06,0.3,0.1,2.006336212158203,0.4984209495597482,16
sa,2900,0.023773193359375,0.0021800994873046875,,0.0006540298461914062,,3.169539922964759e-06,0.3,0.1,1.3260846138000488,0.7540996928803694,15
sa,2901,0.03570556640625,0.002246856689453125,,0.0006740570068359375,,3.1662070796301123e-06,0.3,0.1,3.8761134147644043,0.25799038701781163,16
sa,2902,0.03759765625,0.002349853515625,,0.0007049560546874999,,3.162905386489001e-06,0.3,0.1,1.646497130393982,0.6073499804768655,16
sa,2903,0.036102294921875,0.0010786056518554688,,0.00032358169555664064,,3.1596377993992064e-06,0.3,0.1,1.9633668661117554,0.5093291616866268,15
sa,2904,0.0423583984375,0.0015354156494140625,,0.00046062469482421875,,3.156403181492351e-06,0.3,0.1,2.076908826828003,0.48148478502413045,16
sa,2905,0.038726806640625,0.0014886856079101562,,0.00044660568237304683,,3.153200623273733e-06,0.3,0.1,9.320215225219727,0.10729365962430602,16
sa,2906,0.02685546875,0.0007636547088623047,,0.0002290964126586914,,3.1500317163590807e-06,0.3,0.1,1.6524072885513306,0.6051776743714937,16
sa,2907,0.037994384765625,0.00255584716796875,,0.000766754150390625,,3.1468950965063414e-06,0.3,0.1,2.009244441986084,0.4976995228174064,16
sa,2908,0.0296630859375,0.0018253326416015625,,0.0005475997924804687,,3.143792355331243e-06,0.3,0.1,1.336867094039917,0.7480175138263531,16
sa,2909,0.037689208984375,0.0013186931610107422,,0.00039560794830322265,,3.1407219012180576e-06,0.3,0.1,2.780031681060791,0.3597081309585741,16
sa,2910,0.0272979736328125,0.0023832321166992188,,0.0007149696350097656,,3.137684188914136e-06,0.3,0.1,1.3819712400436401,0.7236040599284989,16
sa,2911,0.04388427734375,0.0019130706787109375,,0.0005739212036132812,,3.1346803552878555e-06,0.3,0.1,1.696417212486267,0.5894776312334165,16
sa,2912,0.04388427734375,0.00249481201171875,,0.000748443603515625,,3.131708808723488e-06,0.3,0.1,1.9722918272018433,0.5070243592799011,16
sa,2913,0.052703857421875,0.0016498565673828125,,0.0004949569702148438,,3.1287711408367613e-06,0.3,0.1,1.9590516090393066,0.5104510750946408,15
sa,2914,0.02935791015625,0.002044677734375,,0.0006134033203124999,,3.125864395769895e-06,0.3,0.1,1.3060669898986816,0.7656575104754582,15
sa,2915,0.05682373046875,0.002971649169921875,,0.0008914947509765625,,3.122992666249047e-06,0.3,0.1,4.410942077636719,0.22670893936013256,15
sa,2916,0.03497314453125,0.0012979507446289062,,0.0003893852233886719,,3.1201529964164365e-06,0.3,0.1,1.4436711072921753,0.6926785435746873,14
sa,2917,0.05645751953125,0.0013484954833984375,,0.00040454864501953124,,3.1173462957667653e-06,0.3,0.1,2.1247310638427734,0.4706477996285361,14
sa,2918,0.0374755859375,0.0023059844970703125,,0.0006917953491210937,,3.114573473794735e-06,0.3,0.1,1.4953073263168335,0.6687588446872325,14
sa,2919,0.03839111328125,0.0019712448120117188,,0.0005913734436035156,,3.1118329388846178e-06,0.3,0.1,1.5320231914520264,0.6527316332934989,15
sa,2920,0.03497314453125,0.0017862319946289062,,0.0005358695983886719,,3.1091258279047906e-06,0.3,0.1,1.8981691598892212,0.5268234365678772,14
sa,2921,0.029754638671875,0.0019316673278808594,,0.0005795001983642578,,3.106451231360552e-06,0.3,0.1,1.6971893310546875,0.5892094545389159,16
sa,2922,0.036407470703125,0.0016498565673828125,,0.0004949569702148438,,3.1038102861202788e-06,0.3,0.1,2.141890287399292,0.4668773213469358,15
sa,2923,0.04559326171875,0.0013637542724609375,,0.00040912628173828125,,3.101201400568243e-06,0.3,0.1,3.1860978603363037,0.3138635546789032,14
sa,2924,0.042266845703125,0.0017099380493164062,,0.0005129814147949219,,3.098626621067524e-06,0.3,0.1,1.4436451196670532,0.6926910127543182,16
sa,2925,0.04248046875,0.0025997161865234375,,0.0007799148559570312,,3.096084810749744e-06,0.3,0.1,1.6724539995193481,0.5979237696746178,16
sa,2926,0.037841796875,0.0009388923645019531,,0.0002816677093505859,,3.0935750601202017e-06,0.3,0.1,1.6385045051574707,0.6103126337781376,13
sa,2927,0.041015625,0.0018978118896484375,,0.0005693435668945312,,3.0910998702893266e-06,0.3,0.1,2.64091157913208,0.3786571303264322,16
sa,2928,0.04278564453125,0.0012264251708984375,,0.00036792755126953126,,3.088656740146689e-06,0.3,0.1,2.6132185459136963,0.3826698695230467,16
sa,2929,0.04913330078125,0.0025730133056640625,,0.0007719039916992187,,3.0862468065606663e-06,0.3,0.1,2.7191262245178223,0.36776520007905417,16
sa,2930,0.029541015625,0.0027332305908203125,,0.0008199691772460937,,3.0838707516522845e-06,0.3,0.1,1.3499259948730469,0.7407813493465206,14
sa,2931,0.055816650390625,0.00203704833984375,,0.000611114501953125,,3.0815267564321402e-06,0.3,0.1,1.205623745918274,0.8294461712334151,15
sa,2932,0.040496826171875,0.0020074844360351562,,0.0006022453308105469,,3.079216639889637e-06,0.3,0.1,3.876797914505005,0.2579448354164938,14
sa,2933,0.022125244140625,0.00177001953125,,0.000531005859375,,3.0769392651563976e-06,0.3,0.1,1.250747561454773,0.7995218466281695,16
sa,2934,0.035858154296875,0.0015482902526855469,,0.000464487075805664,,3.0746944048587466e-06,0.3,0.1,2.115281343460083,0.47275035214192573,15
sa,2935,0.026885986328125,0.0018262863159179688,,0.0005478858947753906,,3.0724838779860875e-06,0.3,0.1,1.965258002281189,0.5088390424255961,15
sa,2936,0.035736083984375,0.00177764892578125,,0.0005332946777343749,,3.0703058655490167e-06,0.3,0.1,2.271719455718994,0.44019519993215983,13
sa,2937,0.03656005859375,0.0014171600341796875,,0.00042514801025390626,,3.068161277042236e-06,0.3,0.1,1.3086081743240356,0.7641706812022263,16
sa,2938,0.03948974609375,0.0023784637451171875,,0.0007135391235351562,,3.066049202971044e-06,0.3,0.1,1.995294451713562,0.5011791613719963,15
sa,2939,0.033660888671875,0.0013027191162109375,,0.00039081573486328126,,3.063970552830142e-06,0.3,0.1,1.6506543159484863,0.6058203648929289,16
sa,2940,0.0443115234375,0.0025348663330078125,,0.0007604598999023437,,3.06192532661953e-06,0.3,0.1,2.5394036769866943,0.3937932393587062,15
sa,2941,0.03070068359375,0.0014781951904296875,,0.00044345855712890625,,3.0599126148445066e-06,0.3,0.1,1.3611611127853394,0.7346668888840817,14
sa,2942,0.03564453125,0.0014066696166992188,,0.0004220008850097656,,3.0579340091207996e-06,0.3,0.1,1.3404337167739868,0.746027190666834,15
sa,2943,0.0341796875,0.0017185211181640625,,0.0005155563354492188,,3.055988372580032e-06,0.3,0.1,1.4055296182632446,0.7114755797431427,16
sa,2944,0.04705810546875,0.001979351043701172,,0.0005938053131103515,,3.0540757052222034e-06,0.3,0.1,1.1267080307006836,0.8875413796226466,14
sa,2945,0.0182342529296875,0.0014400482177734375,,0.00043201446533203125,,3.052196007047314e-06,0.3,0.1,0.978104829788208,1.0,16
sa,2946,0.0268707275390625,0.002231597900390625,,0.0006694793701171875,,3.0503492780553643e-06,0.3,0.1,1.858585238456726,0.5380436577825986,16
sa,2947,0.033447265625,0.0013737678527832031,,0.0004121303558349609,,3.0485364277410554e-06,0.3,0.1,1.2885786294937134,0.7760488782845197,16
sa,2948,0.03387451171875,0.0016760826110839844,,0.0005028247833251953,,3.0467565466096858e-06,0.3,0.1,1.8661922216415405,0.535850481211619,13
sa,2949,0.0258331298828125,0.0021076202392578125,,0.0006322860717773438,,3.0450096346612554e-06,0.3,0.1,1.3593560457229614,0.735642441247362,16
sa,2950,0.03607177734375,0.00228118896484375,,0.000684356689453125,,3.0432956918957643e-06,0.3,0.1,19.893661499023438,0.05026726729260419,16
sa,2951,0.037139892578125,0.0017795562744140625,,0.0005338668823242187,,3.0416156278079143e-06,0.3,0.1,4.185499668121338,0.23892010017739415,16
sa,2952,0.04083251953125,0.0016002655029296875,,0.00048007965087890623,,3.0399685329030035e-06,0.3,0.1,2.320235013961792,0.4309908237668149,16
sa,2953,0.03253173828125,0.0013866424560546875,,0.00041599273681640624,,3.0383541798073566e-06,0.3,0.1,1.9996579885482788,0.5000855174869102,14
sa,2954,0.064453125,0.001651763916015625,,0.0004955291748046875,,3.036773932763026e-06,0.3,0.1,1.9335275888442993,0.5171894136756104,16
sa,2955,0.0391845703125,0.0010929107666015625,,0.00032787322998046876,,3.0352264275279595e-06,0.3,0.1,3.9429895877838135,0.25361466920891806,15
sa,2956,0.03961181640625,0.0023708343505859375,,0.0007112503051757812,,3.0337121188495075e-06,0.3,0.1,1.80412757396698,0.5542845275631836,16
sa,2957,0.03875732421875,0.00185394287109375,,0.0005561828613281249,,3.032230779353995e-06,0.3,0.1,2.709833860397339,0.36902631361074345,16
sa,2958,0.0408935546875,0.0021419525146484375,,0.0006425857543945312,,3.0307833185361233e-06,0.3,0.1,2.7995002269744873,0.35720661508241175,14
sa,2959,0.036895751953125,0.0020732879638671875,,0.0006219863891601562,,3.0293685995275155e-06,0.3,0.1,1.7727067470550537,0.5641090956872991,16
sa,2960,0.0472412109375,0.0016040802001953125,,0.0004812240600585937,,3.0279870770755224e-06,0.3,0.1,1.6315358877182007,0.6129194016066414,16
sa,2961,0.0462646484375,0.0021457672119140625,,0.0006437301635742188,,3.026639205927495e-06,0.3,0.1,4.420408248901367,0.2262234489876668,15
sa,2962,0.028228759765625,0.0014963150024414062,,0.00044889450073242186,,3.0253236218413804e-06,0.3,0.1,1.7156697511672974,0.5828627562615858,14
sa,2963,0.04010009765625,0.0012278556823730469,,0.00036835670471191406,,3.0240423711802578e-06,0.3,0.1,1.3325092792510986,0.7504638170790251,16
sa,2964,0.025787353515625,0.0023970603942871094,,0.0007191181182861328,,3.0227936349547235e-06,0.3,0.1,1.2420690059661865,0.8051082469625874,16
sa,2965,0.04559326171875,0.0011129379272460938,,0.0003338813781738281,,3.021578550033155e-06,0.3,0.1,2.049497604370117,0.4879244542017092,15
sa,2966,0.05169677734375,0.00208282470703125,,0.0006248474121093749,,3.0203973437892273e-06,0.3,0.1,3.1082630157470703,0.32172309580424946,16
sa,2967,0.04766845703125,0.0014781951904296875,,0.00044345855712890625,,3.0192484246072127e-06,0.3,0.1,5.036735534667969,0.1985412958685197,15
sa,2968,0.028900146484375,0.00201416015625,,0.000604248046875,,3.018132929355488e-06,0.3,0.1,1.3563332557678223,0.7372819296050501,16
sa,2969,0.040679931640625,0.0019817352294921875,,0.0005945205688476562,,3.017050858034054e-06,0.3,0.1,1.5963029861450195,0.6264474906577371,16
sa,2970,0.02886962890625,0.0022735595703125,,0.0006820678710937499,,3.0160022106429096e-06,0.3,0.1,2.1685211658477783,0.461143758128389,16
sa,2971,0.0321044921875,0.0021343231201171875,,0.0006402969360351562,,3.01498675980838e-06,0.3,0.1,2.215743064880371,0.451315865927799,16
sa,2972,0.0355224609375,0.0014529228210449219,,0.0004358768463134766,,3.01400427815679e-06,0.3,0.1,1.5210158824920654,0.6574553306843701,14
sa,2973,0.0478515625,0.0015392303466796875,,0.00046176910400390624,,3.0130556751828408e-06,0.3,0.1,2.565906524658203,0.38972581050403116,15
sa,2974,0.0401763916015625,0.0016603469848632812,,0.0004981040954589843,,3.012139131897129e-06,0.3,0.1,1.7197060585021973,0.5814947240873038,14
sa,2975,0.0471343994140625,0.0018482208251953125,,0.0005544662475585937,,3.011257149410085e-06,0.3,0.1,1.6029132604599,0.6238640759095629,16
sa,2976,0.04791259765625,0.0016260147094726562,,0.0004878044128417969,,3.0104083634796552e-06,0.3,0.1,1.5105541944503784,0.6620086877212997,14
sa,2977,0.033355712890625,0.0013866424560546875,,0.00041599273681640624,,3.009592546732165e-06,0.3,0.1,2.0020103454589844,0.4994979183140726,14
sa,2978,0.03924560546875,0.0024394989013671875,,0.0007318496704101562,,3.0088094717939384e-06,0.3,0.1,1.8225826025009155,0.5486719771316909,16
sa,2979,0.02392578125,0.0012602806091308594,,0.0003780841827392578,,3.008060275533353e-06,0.3,0.1,0.7903498411178589,1.0,14
sa,2980,0.034820556640625,0.0014095306396484375,,0.00042285919189453123,,3.007344048455707e-06,0.3,0.1,1.4373037815093994,0.6957471432725514,15
sa,2981,0.037261962890625,0.00152587890625,,0.000457763671875,,3.0066617000557017e-06,0.3,0.1,2.0141491889953613,0.49648755189718125,15
sa,2982,0.036376953125,0.0011081695556640625,,0.0003324508666992187,,3.0060116387176095e-06,0.3,0.1,1.6032600402832031,0.6237291361814007,16
sa,2983,0.037322998046875,0.0015692710876464844,,0.0004707813262939453,,3.0053961381781846e-06,0.3,0.1,2.5914039611816406,0.3858912060719454,16
sa,2984,0.047698974609375,0.0024042129516601562,,0.0007212638854980468,,3.0048126973269973e-06,0.3,0.1,2.597269058227539,0.385019794861928,16
sa,2985,0.0321044921875,0.0019969940185546875,,0.0005990982055664062,,3.004263135153451e-06,0.3,0.1,1.240253210067749,0.8062869677598938,16
sa,2986,0.0202484130859375,0.002559185028076172,,0.0007677555084228515,,3.0037472242838703e-06,0.3,0.1,1.1029306650161743,0.9066753076317224,16
sa,2987,0.045166015625,0.002414703369140625,,0.0007244110107421875,,3.0032645099709043e-06,0.3,0.1,2.700972318649292,0.3702370413407577,16
sa,2988,0.035369873046875,0.002048492431640625,,0.0006145477294921875,,3.0028147648408776e-06,0.3,0.1,1.152290940284729,0.8678363814549317,15
sa,2989,0.024444580078125,0.0018711090087890625,,0.0005613327026367188,,3.0023977615201147e-06,0.3,0.1,1.549884557723999,0.6452093447969423,16
sa,2990,0.029815673828125,0.0020751953125,,0.00062255859375,,3.0020148642506683e-06,0.3,0.1,1.3376517295837402,0.747578744066056,16
sa,2991,0.02667236328125,0.0017528533935546875,,0.0005258560180664062,,3.0016656182851875e-06,0.3,0.1,1.392539381980896,0.7181125452821978,16
sa,2992,0.044464111328125,0.002193450927734375,,0.0006580352783203125,,3.0013486593816197e-06,0.3,0.1,3.4797916412353516,0.2873735278141517,16
sa,2993,0.03154754638671875,0.0017766952514648438,,0.0005330085754394531,,3.0010660339030437e-06,0.3,0.1,1.7850810289382935,0.5601986597744342,16
sa,2994,0.03045654296875,0.001967906951904297,,0.000590372085571289,,3.0008156954863807e-06,0.3,0.1,1.369715929031372,0.7300783898360402,13
sa,2995,0.0429840087890625,0.0012745857238769531,,0.0003823757171630859,,3.000599463121034e-06,0.3,0.1,4.8876190185546875,0.2045985982548429,14
sa,2996,0.03955078125,0.0014743804931640625,,0.0004423141479492187,,3.0004159725649515e-06,0.3,0.1,3.157899856567383,0.3166661532728253,16
sa,2997,0.027191162109375,0.0017414093017578125,,0.0005224227905273437,,3.00026636068651e-06,0.3,0.1,1.4287526607513428,0.6999112074962833,15
sa,2998,0.03778076171875,0.0015573501586914062,,0.00046720504760742185,,3.0001497179910075e-06,0.3,0.1,2.195554733276367,0.4554657576255122,15
sa,2999,0.0216064453125,0.00141143798828125,,0.000423431396484375,,3.0000667265994707e-06,0.3,0.1,1.2156423330307007,0.8226103787508898,13
sa,3000,0.04248046875,0.0012929439544677734,,0.000387883186340332,,3.0000169317645486e-06,0.3,0.1,2.295731544494629,0.43559100034936143,13
sb,1,14.703125,,0.9989122152328491,,4.994561076164246e-05,2.996966941282153e-08,0.3,5e-05,15.352043151855469,0.06513790966508186,
sb,2,13.84375,,0.999302864074707,,9.993028640747071e-05,5.993933882564306e-08,0.3,0.0001,14.156282424926758,0.0706400147993073,
sb,3,14.6875,,1.000646024942398,,0.00015009690374135972,8.99090082384646e-08,0.3,0.00015000000000000001,14.345499992370605,0.06970827092341375,
sb,4,14.375,,0.9994305223226547,,0.00019988610446453094,1.1988049664068967e-07,0.3,0.0002,15.008804321289062,0.06662755930407872,
sb,5,14.890625,,0.9971521347761154,,0.00024928803369402887,1.498501660535112e-07,0.3,0.00025,16.435077667236328,0.06084546846976702,
sb,6,13.734375,,0.9987078309059143,,0.0002996123492717743,1.7981983546633273e-07,0.3,0.00030000000000000003,13.207019805908203,0.07571730902929719,
sb,7,12.625,,0.9964639991521835,,0.00034876239970326427,2.0978950487915426e-07,0.3,0.00035000000000000005,15.005514144897461,0.0666421683618248,
sb,8,13.890625,,0.9992984235286713,,0.0003997193694114685,2.3976099328137934e-07,0.3,0.0004,13.645957946777344,0.07328177354057888,
sb,9,14.8125,,0.9984734952449799,,0.0004493130728602409,2.6973066269420087e-07,0.3,0.00045,15.560420989990234,0.06426561342031066,
sb,10,14.71875,,0.9994009137153625,,0.0004997004568576813,2.997003321070224e-07,0.3,0.0005,16.104860305786133,0.0620930564446263,
sb,11,14.03125,,1.0009881258010864,,0.0005505434691905975,3.2967000151984394e-07,0.3,0.00055,15.411970138549805,0.06488463129698845,
sb,12,14.734375,,0.9994714707136154,,0.0005996828824281693,3.5963967093266547e-07,0.3,0.0006000000000000001,14.749616622924805,0.0677983723621491,
sb,13,12.203125,,1.00029619038105,,0.0006501925237476826,3.8961115933489054e-07,0.3,0.00065,11.908590316772461,0.0839729954091683,
sb,14,14.765625,,0.9997109174728394,,0.0006997976422309876,4.195808287477121e-07,0.3,0.0007000000000000001,17.71684455871582,0.056443459594956426,
sb,15,14.859375,,0.9986271858215332,,0.00074897038936615,4.495504981605336e-07,0.3,0.00075,14.721312522888184,0.06792872567885742,
sb,16,13.5625,,0.9989860355854034,,0.0007991888284683227,4.795201675733551e-07,0.3,0.0008,12.469520568847656,0.08019554516781337,
sb,17,12.8125,,0.9979127198457718,,0.0008482258118689061,5.094898369861767e-07,0.3,0.0008500000000000001,11.827264785766602,0.08455040265974595,
sb,18,14.25,,0.999452754855156,,0.0008995074793696404,5.394613253884017e-07,0.3,0.0009,14.151006698608398,0.07066635055005234,
sb,19,13.953125,,0.9978876411914825,,0.0009479932591319084,5.694309948012233e-07,0.3,0.00095,13.892138481140137,0.07198315805429038,
sb,20,15.625,,0.9983539879322052,,0.0009983539879322052,5.994006642140448e-07,0.3,0.001,15.490935325622559,0.06455388128475137,
sb,21,14.125,,0.9997303932905197,,0.0010497169129550458,6.293703336268663e-07,0.3,0.0010500000000000002,14.698413848876953,0.06803455191026656,
sb,22,15.28125,,0.9985461086034775,,0.0010984007194638253,6.593418220290914e-07,0.3,0.0011,17.20712661743164,0.058115455429202934,
sb,23,13.890625,,0.9951183646917343,,0.0011443861193954944,6.89311491441913e-07,0.3,0.00115,14.479122161865234,0.06906496048729915,
sb,24,13.59375,,0.9965312480926514,,0.0011958374977111817,7.192811608547345e-07,0.3,0.0012000000000000001,13.35776424407959,0.07486282747078865,
sb,25,14.484375,,0.9971080422401428,,0.0012463850528001788,7.49250830267556e-07,0.3,0.0012500000000000002,16.90584945678711,0.059151124145290127,
sb,26,16.296875,,0.9973593056201935,,0.0012965670973062514,7.792204996803775e-07,0.3,0.0013,18.00983428955078,0.05552521938417807,
sb,27,15.5,,0.9988932311534882,,0.001348505862057209,8.091919880826026e-07,0.3,0.00135,16.590330123901367,0.06027607603535986,
sb,28,14.3125,,0.9964964538812637,,0.0013950950354337695,8.391616574954242e-07,0.3,0.0014000000000000002,16.56160545349121,0.06038061966928445,
sb,29,14.765625,,0.9946080148220062,,0.0014421816214919092,8.691295079188421e-07,0.3,0.0014500000000000001,15.63544750213623,0.0639572356252274,
sb,30,14.828125,,0.9957282245159149,,0.0014935923367738724,8.990991773316637e-07,0.3,0.0015,15.104331970214844,0.06620617197582529,
sb,31,15.0,,0.995258167386055,,0.0015426501594483855,9.290688467444852e-07,0.3,0.0015500000000000002,16.506940841674805,0.060580576957985834,
sb,32,14.078125,,0.9961184710264206,,0.001593789553642273,9.590403351467103e-07,0.3,0.0016,13.210347175598145,0.07569823765473609,
sb,33,13.75,,0.9951902329921722,,0.0016420638844370844,9.890100045595318e-07,0.3,0.0016500000000000002,14.972162246704102,0.06679062005356876,
sb,34,14.8125,,0.995098203420639,,0.0016916669458150865,1.0189796739723533e-06,0.3,0.0017000000000000001,14.811986923217773,0.06751288704100197,
sb,35,13.8125,,0.9950540512800217,,0.0017413445897400382,1.0489493433851749e-06,0.3,0.0017500000000000003,15.106324195861816,0.06619744069003479,
sb,36,12.96875,,0.9941059798002243,,0.0017893907636404036,1.0789208317874e-06,0.3,0.0018,14.101903915405273,0.0709124105510019,
sb,37,13.703125,,0.9941337257623672,,0.0018391473926603794,1.1088905012002215e-06,0.3,0.00185,13.94701862335205,0.07169991142950509,
sb,38,14.90625,,0.9938974529504776,,0.0018884051606059074,1.138860170613043e-06,0.3,0.0019,15.541180610656738,0.06434517589444204,
sb,39,13.640625,,0.9923989623785019,,0.0019351779766380787,1.1688298400258645e-06,0.3,0.0019500000000000001,15.652446746826172,0.0638877752580611,
sb,40,14.109375,,0.9934756308794022,,0.0019869512617588046,1.198799509438686e-06,0.3,0.002,14.435763359069824,0.06927240182083697,
sb,41,13.671875,,0.9924046993255615,,0.002034429633617401,1.2287709978409111e-06,0.3,0.00205,12.858312606811523,0.07777070215809367,
sb,42,13.828125,,0.9908501952886581,,0.0020807854101061824,1.2587406672537327e-06,0.3,0.0021000000000000003,14.30668830871582,0.0698973779550916,
sb,43,13.890625,,0.9903311729431152,,0.0021292120218276978,1.2887103366665542e-06,0.3,0.00215,13.294615745544434,0.0752184206854674,
sb,44,14.546875,,0.9909736961126328,,0.0021801421314477923,1.3186800060793757e-06,0.3,0.0022,15.35060977935791,0.06514399195689986,
sb,45,14.234375,,0.9906439334154129,,0.002228948850184679,1.3486514944816008e-06,0.3,0.00225,15.637127876281738,0.06395036274639612,
sb,46,13.921875,,0.991069957613945,,0.0022794609025120734,1.3786211638944224e-06,0.3,0.0023,13.348654747009277,0.07491391596775299,
sb,47,13.109375,,0.9893124103546143,,0.0023248841643333435,1.4085908333072439e-06,0.3,0.00235,14.526472091674805,0.06883983899801144,
sb,48,13.875,,0.987374871969223,,0.0023696996927261354,1.4385605027200654e-06,0.3,0.0024000000000000002,16.82158088684082,0.05944744472752139,
sb,49,12.921875,,0.987286776304245,,0.0024188526019454006,1.468530172132887e-06,0.3,0.0024500000000000004,13.39272689819336,0.07466739280220051,
sb,50,13.5,,0.9873543083667755,,0.0024683857709169393,1.498501660535112e-06,0.3,0.0025000000000000005,12.324136734008789,0.08114158594495896,
sb,51,13.9375,,0.9878403693437576,,0.0025189929418265823,1.5284713299479336e-06,0.3,0.00255,15.083681106567383,0.066296813949786,
sb,52,13.796875,,0.9880524128675461,,0.0025689362734556197,1.558440999360755e-06,0.3,0.0026,15.012567520141602,0.06661085778021318,
sb,53,13.671875,,0.9876665323972702,,0.002617316310852766,1.5884106687735766e-06,0.3,0.00265,14.607263565063477,0.06845909198158939,
sb,54,13.828125,,0.9861791133880615,,0.0026626836061477664,1.6183803381863981e-06,0.3,0.0027,15.757244110107422,0.0634628741556751,
sb,55,12.46875,,0.983116552233696,,0.002703570518642664,1.6483518265886232e-06,0.3,0.0027500000000000003,12.712440490722656,0.07866310176474649,
sb,56,13.25,,0.9834165573120117,,0.0027535663604736334,1.6783214960014448e-06,0.3,0.0028000000000000004,15.187439918518066,0.06584388187641148,
sb,57,14.546875,,0.984370544552803,,0.0028054560519754886,1.7082911654142663e-06,0.3,0.00285,16.38663673400879,0.06102533523090814,
sb,58,13.3125,,0.9818668067455292,,0.002847413739562035,1.7382608348270878e-06,0.3,0.0029000000000000002,13.197712898254395,0.0757707041901378,
sb,59,12.53125,,0.9816945195198059,,0.0028959988325834274,1.768232323229313e-06,0.3,0.00295,11.108994483947754,0.09001714794664606,
sb,60,12.890625,,0.9794857501983643,,0.0029384572505950926,1.7982019926421344e-06,0.3,0.003,12.096768379211426,0.08266670640057248,
sb,61,14.0625,,0.981695830821991,,0.0029941722840070724,1.828171662054956e-06,0.3,0.00305,13.326772689819336,0.07503692178706745,
sb,62,12.78125,,0.9784427583217621,,0.003033172550797463,1.8581413314677775e-06,0.3,0.0031000000000000003,14.295762062072754,0.06995080050003359,
sb,63,12.84375,,0.9795558452606201,,0.0030856009125709532,1.888111000880599e-06,0.3,0.00315,14.503484725952148,0.06894894702172001,
sb,64,13.09375,,0.9779274165630341,,0.0031293677330017093,1.918082489282824e-06,0.3,0.0032,15.968622207641602,0.06262281034624649,
sb,65,13.5625,,0.979220062494278,,0.0031824652031064034,1.9480521586956456e-06,0.3,0.0032500000000000003,12.985634803771973,0.07700817211566179,
sb,66,12.890625,,0.9763779491186142,,0.0032220472320914273,1.978021828108467e-06,0.3,0.0033000000000000004,13.926066398620605,0.07180778630346407,
sb,67,12.953125,,0.9754246920347214,,0.003267672718316317,2.0079914975212887e-06,0.3,0.0033500000000000005,12.625789642333984,0.07920296696905378,
sb,68,12.859375,,0.9771554619073868,,0.003322328570485115,2.0379629859235138e-06,0.3,0.0034000000000000002,12.78296947479248,0.07822908456223425,
sb,69,12.78125,,0.9742944091558456,,0.003361315711587668,2.0679326553363353e-06,0.3,0.0034500000000000004,13.960959434509277,0.07162831499446654,
sb,70,11.921875,,0.9748901277780533,,0.003412115447223187,2.097902324749157e-06,0.3,0.0035000000000000005,12.523353576660156,0.07985081582809461,
sb,71,13.4375,,0.9741806536912918,,0.0034583413206040856,2.1278719941619784e-06,0.3,0.0035499999999999998,15.063881874084473,0.06638395125232462,
sb,72,11.4375,,0.9711318165063858,,0.003496074539422989,2.1578416635748e-06,0.3,0.0036,11.076706886291504,0.0902795397824959,
sb,73,11.671875,,0.9711169004440308,,0.0035445766866207123,2.187813151977025e-06,0.3,0.00365,12.108296394348145,0.08258800143567475,
sb,74,11.703125,,0.9705979973077774,,0.0035912125900387764,2.2177828213898465e-06,0.3,0.0037,11.435273170471191,0.08744871985937831,
sb,75,12.546875,,0.9708107262849808,,0.0036405402235686777,2.247752490802668e-06,0.3,0.00375,13.338881492614746,0.07496880458482696,
sb,76,12.546875,,0.9695301800966263,,0.00368421468436718,2.2777221602154896e-06,0.3,0.0038,13.756437301635742,0.07269324012265099,
sb,77,12.078125,,0.9677943885326385,,0.0037260083958506585,2.307691829628311e-06,0.3,0.00385,12.172874450683594,0.08214986559266146,
sb,78,12.03125,,0.9674700051546097,,0.003773133020102978,2.337663318030536e-06,0.3,0.0039000000000000003,12.8820219039917,0.07762756556795902,
sb,79,12.9375,,0.9677885472774506,,0.00382276476174593,2.3676329874433577e-06,0.3,0.00395,14.153862953186035,0.07065209005537955,
sb,80,12.140625,,0.9660448879003525,,0.00386417955160141,2.3976026568561792e-06,0.3,0.004,13.974309921264648,0.07155988421856196,
sb,81,12.0,,0.9661991596221924,,0.00391310659646988,2.4275723262690008e-06,0.3,0.004050000000000001,12.713632583618164,0.07865572592435345,
sb,82,12.984375,,0.9653061628341675,,0.003957755267620087,2.4575419956818223e-06,0.3,0.0041,15.459457397460938,0.0646853233131093,
sb,83,11.78125,,0.9624358862638474,,0.003994108927994966,2.4875134840840474e-06,0.3,0.00415,12.96048355102539,0.07715761499661665,
sb,84,12.421875,,0.9629376977682114,,0.004044338330626489,2.517483153496869e-06,0.3,0.004200000000000001,13.71411418914795,0.072917578649834,
sb,85,12.546875,,0.9598375409841537,,0.004079309549182654,2.547451003920287e-06,0.3,0.00425,12.901548385620117,0.07751007631879177,
sb,86,12.265625,,0.9598121792078018,,0.004127192370593548,2.5774206733331084e-06,0.3,0.0043,14.642440795898438,0.06829462477868545,
sb,87,11.921875,,0.9589097201824188,,0.0041712572827935215,2.6073921617353335e-06,0.3,0.00435,14.865181922912598,0.0672712924191422,
sb,88,12.296875,,0.9576060324907303,,0.004213466542959213,2.637361831148155e-06,0.3,0.0044,14.502620697021484,0.06895305482307607,
sb,89,12.296875,,0.9562331587076187,,0.004255237556248903,2.6673315005609766e-06,0.3,0.00445,14.650833129882812,0.06825550404777551,
sb,90,12.828125,,0.9551098346710205,,0.004297994256019592,2.697301169973798e-06,0.3,0.0045,12.781742095947266,0.07823659658389384,
sb,91,12.390625,,0.9547895342111588,,0.0043442923806607725,2.727272658376023e-06,0.3,0.00455,14.421806335449219,0.06933944172734943,
sb,92,12.234375,,0.9530902355909348,,0.0043842150837183,2.7572423277888447e-06,0.3,0.0046,14.55974292755127,0.06868253134522788,
sb,93,12.546875,,0.9514806866645813,,0.004424385192990304,2.7872119972016662e-06,0.3,0.0046500000000000005,15.088133811950684,0.06627724889395809,
sb,94,10.453125,,0.950604721903801,,0.004467842192947865,2.8171816666144878e-06,0.3,0.0047,10.652941703796387,0.09387078497234526,
sb,95,11.3125,,0.9474121779203415,,0.004500207845121623,2.8471513360273093e-06,0.3,0.004750000000000001,12.650372505187988,0.07904905563768137,
sb,96,11.671875,,0.9475430995225906,,0.004548206877708435,2.8771228244295344e-06,0.3,0.0048000000000000004,14.726814270019531,0.06790334838647176,
sb,97,11.546875,,0.9455460608005524,,0.004585898394882679,2.907092493842356e-06,0.3,0.00485,14.362229347229004,0.06962707361256115,
sb,98,11.453125,,0.9468981176614761,,0.004639800776541234,2.9370621632551774e-06,0.3,0.004900000000000001,12.365470886230469,0.0808703533573919,
sb,99,11.375,,0.946263775229454,,0.004684005687385798,2.967031832667999e-06,0.3,0.00495,13.735591888427734,0.0728035608601987,
sb,100,11.640625,,0.9413023293018341,,0.004706511646509172,2.9970015020808205e-06,0.3,0.005000000000000001,13.825390815734863,0.07233068586111045,
sb,101,11.15625,,0.9436386823654175,,0.004765375345945359,3.0269729904830456e-06,0.3,0.005050000000000001,14.854351997375488,0.06732033818618834,
sb,102,11.265625,,0.9414747357368469,,0.004801521152257919,3.056942659895867e-06,0.3,0.0051,13.119524002075195,0.07622227756447748,
sb,103,11.59375,,0.9400541633367538,,0.0048412789411842825,3.0869123293086886e-06,0.3,0.00515,13.495027542114258,0.07410136784673287,
sb,104,11.359375,,0.9378343373537064,,0.004876738554239273,3.11688199872151e-06,0.3,0.0052,13.26107406616211,0.07540867315956484,
sb,105,11.78125,,0.9376159310340881,,0.004922483637928963,3.1468516681343317e-06,0.3,0.00525,14.534612655639648,0.06880128309521788,
sb,106,11.0,,0.9353901743888855,,0.004957567924261093,3.1768231565365568e-06,0.3,0.0053,13.064033508300781,0.0765460375897389,
sb,107,10.453125,,0.9335588067770004,,0.004994539616256953,3.2067928259493783e-06,0.3,0.005350000000000001,12.424369812011719,0.08048697963201426,
sb,108,10.625,,0.9331070929765701,,0.005038778302073479,3.2367624953622e-06,0.3,0.0054,14.116373062133789,0.07083972601166456,
sb,109,11.5625,,0.9323803037405014,,0.005081472655385733,3.2667321647750214e-06,0.3,0.00545,14.94912338256836,0.06689355451879302,
sb,110,10.25,,0.9312010705471039,,0.005121605888009072,3.2967036531772465e-06,0.3,0.0055000000000000005,12.707012176513672,0.07869670589033484,
sb,111,10.734375,,0.9298425912857056,,0.005160626381635666,3.326673322590068e-06,0.3,0.00555,14.406096458435059,0.06941505652729958,
sb,112,10.984375,,0.9294898360967636,,0.005205143082141877,3.3566429920028895e-06,0.3,0.005600000000000001,14.532245635986328,0.0688124894836412,
sb,113,11.140625,,0.9260055273771286,,0.005231931229680777,3.386612661415711e-06,0.3,0.0056500000000000005,14.4100980758667,0.06939578028790444,
sb,114,10.25,,0.9239896237850189,,0.005266740855574608,3.416584149817936e-06,0.3,0.0057,14.482706069946289,0.06904786958806992,
sb,115,11.203125,,0.9208657592535019,,0.005294978115707637,3.4465538192307577e-06,0.3,0.005750000000000001,13.68281364440918,0.07308438351848792,
sb,116,10.5,,0.9225809872150421,,0.005350969725847245,3.476523488643579e-06,0.3,0.0058000000000000005,14.256919860839844,0.07014137764404128,
sb,117,9.5,,0.9210401326417923,,0.005388084775954486,3.5064931580564007e-06,0.3,0.005850000000000001,13.157979965209961,0.07599950772413591,
sb,118,10.390625,,0.9224463999271393,,0.005442433759570122,3.5364628274692222e-06,0.3,0.0059,13.809020042419434,0.0724164348323151,
sb,119,10.921875,,0.9177590161561966,,0.00546066614612937,3.5664343158714473e-06,0.3,0.00595,15.37403392791748,0.0650447374247116,
sb,120,10.703125,,0.9165099859237671,,0.005499059915542602,3.596403985284269e-06,0.3,0.006,14.420784950256348,0.06934435285245855,
sb,121,10.6875,,0.915859118103981,,0.005540947664529085,3.6263736546970904e-06,0.3,0.00605,14.136821746826172,0.07073725749032012,
sb,122,9.859375,,0.9146943241357803,,0.00557963537722826,3.656343324109912e-06,0.3,0.0061,13.509329795837402,0.07402291713302667,
sb,123,9.90625,,0.9131209850311279,,0.0056156940579414364,3.6863129935227334e-06,0.3,0.00615,14.622477531433105,0.06838786367428892,
sb,124,10.453125,,0.9106143116950989,,0.005645808732509613,3.7162844819249585e-06,0.3,0.006200000000000001,14.998037338256836,0.06667539074924227,
sb,125,10.4375,,0.9079992324113846,,0.005674995202571154,3.74625415133778e-06,0.3,0.00625,15.673565864562988,0.06380169060704567,
sb,126,9.890625,,0.9066740870475769,,0.005712046748399735,3.7762238207506016e-06,0.3,0.0063,14.842668533325195,0.06737332965125312,
sb,127,9.859375,,0.9055145382881165,,0.00575001731812954,3.806193490163423e-06,0.3,0.006350000000000001,13.980087280273438,0.07153031164626898,
sb,128,9.703125,,0.9048499912023544,,0.005791039943695069,3.836163159576245e-06,0.3,0.0064,14.70953369140625,0.06798312040199003,
sb,129,9.5,,0.9015998691320419,,0.005815319155901671,3.86613464797847e-06,0.3,0.006450000000000001,15.205826759338379,0.0657642636488587,
sb,130,9.734375,,0.9034032672643661,,0.0058721212372183805,3.896104317391291e-06,0.3,0.006500000000000001,14.942550659179688,0.0669229787342677,
sb,131,9.328125,,0.9023055285215378,,0.0059101012118160726,3.926073986804113e-06,0.3,0.00655,13.408872604370117,0.0745774853341576,
sb,132,9.53125,,0.9002417325973511,,0.0059415954351425175,3.956045475206338e-06,0.3,0.006600000000000001,14.769516944885254,0.06770702140981694,
sb,133,9.765625,,0.8969042748212814,,0.005964413427561522,3.986013325629756e-06,0.3,0.0066500000000000005,14.809598922729492,0.06752377327823639,
sb,134,8.78125,,0.8958908468484879,,0.006002468673884869,4.015984814031981e-06,0.3,0.006700000000000001,12.674695014953613,0.07889736193416878,
sb,135,9.1875,,0.8933524787425995,,0.006030129231512547,4.0459544834448025e-06,0.3,0.006750000000000001,13.729036331176758,0.07283832425507807,
sb,136,8.859375,,0.8939708769321442,,0.006079001963138581,4.075924152857624e-06,0.3,0.0068000000000000005,13.95600414276123,0.071653747718231,
sb,137,9.1875,,0.8903654366731644,,0.0060990032412111764,4.105895641259849e-06,0.3,0.006850000000000001,14.991601943969727,0.06670401226883185,
sb,138,9.125,,0.8884645700454712,,0.006130405533313752,4.135865310672671e-06,0.3,0.006900000000000001,13.911980628967285,0.07188049111553658,
sb,139,9.4375,,0.8860970735549927,,0.0061583746612072,4.165834980085492e-06,0.3,0.006950000000000001,14.9448823928833,0.06691253726266835,
sb,140,8.625,,0.8857565820217133,,0.006200296074151994,4.19580283050891e-06,0.3,0.007000000000000001,14.438305854797363,0.06926020338236107,
sb,141,8.953125,,0.8859322369098663,,0.006245822270214557,4.225772499921732e-06,0.3,0.00705,15.273055076599121,0.06547478516804195,
sb,142,8.546875,,0.8829580843448639,,0.006269002398848533,4.255743988323957e-06,0.3,0.0070999999999999995,14.459420204162598,0.06915906626132344,
sb,143,8.765625,,0.8773223012685776,,0.0062728544540703295,4.285713657736778e-06,0.3,0.00715,13.444839477539062,0.07437797986882619,
sb,144,8.71875,,0.881822407245636,,0.006349121332168579,4.3156833271496e-06,0.3,0.0072,14.756525993347168,0.06776662748744793,
sb,145,8.078125,,0.8761361837387085,,0.006351987332105636,4.345652996562421e-06,0.3,0.0072499999999999995,14.96745491027832,0.06681162602422731,
sb,146,8.734375,,0.8761506527662277,,0.0063958997651934624,4.375622665975243e-06,0.3,0.0073,16.3717098236084,0.06108097509509825,
sb,147,8.40625,,0.8737021535634995,,0.006421710828691721,4.405594154377468e-06,0.3,0.00735,14.810203552246094,0.06752101660671243,
sb,148,8.3515625,,0.8716045171022415,,0.006449873426556588,4.4355638237902895e-06,0.3,0.0074,14.769472122192383,0.06770722688845564,
sb,149,8.21875,,0.8711077123880386,,0.006489752457290888,4.465533493203111e-06,0.3,0.00745,13.26931095123291,0.07536186345132605,
sb,150,8.15625,,0.8690632283687592,,0.006517974212765693,4.4955031626159325e-06,0.3,0.0075,13.66606330871582,0.07317396220184556,
sb,151,8.0390625,,0.8702138662338257,,0.006570114690065384,4.525472832028754e-06,0.3,0.00755,14.209526062011719,0.07037532396477583,
sb,152,7.34375,,0.8631244450807571,,0.006559745782613755,4.555444320430979e-06,0.3,0.0076,10.829011917114258,0.09234452853631013,
sb,153,8.1640625,,0.8601795732975006,,0.00658037373572588,4.585413989843801e-06,0.3,0.0076500000000000005,13.954056739807129,0.07166374758583803,
sb,154,7.421875,,0.8604511916637421,,0.006625474175810814,4.615383659256622e-06,0.3,0.0077,11.628705978393555,0.08599409098983384,
sb,155,7.1484375,,0.8611994981765747,,0.006674296110868454,4.645355147658847e-06,0.3,0.00775,13.138256072998047,0.0761136024784306,
sb,156,7.9765625,,0.8592341393232346,,0.00670202628672123,4.675322998082265e-06,0.3,0.0078000000000000005,13.55936050415039,0.07374979075848817,
sb,157,7.71875,,0.8537871986627579,,0.00670222950950265,4.70529448648449e-06,0.3,0.007850000000000001,12.508918762207031,0.07994296061952867,
sb,158,7.2734375,,0.8539847731590271,,0.006746479707956315,4.735264155897312e-06,0.3,0.0079,12.362351417541504,0.08089075987445676,
sb,159,7.359375,,0.8511923253536224,,0.006766978986561299,4.765233825310133e-06,0.3,0.00795,12.237493515014648,0.08171608007579835,
sb,160,6.9140625,,0.8521582186222076,,0.0068172657489776614,4.7952053137123585e-06,0.3,0.008,12.07764720916748,0.08279758322804417,
sb,161,7.0234375,,0.8495790064334869,,0.0068391110017895695,4.82517498312518e-06,0.3,0.00805,12.06210708618164,0.08290425485822463,
sb,162,6.96875,,0.8432764858007431,,0.00683053953498602,4.8551446525380015e-06,0.3,0.008100000000000001,11.915240287780762,0.08392612954902079,
sb,163,7.1875,,0.8448797166347504,,0.006885769690573217,4.885114321950823e-06,0.3,0.008150000000000001,12.187338829040527,0.08205236713507595,
sb,164,7.125,,0.8408270925283432,,0.006894782158732415,4.915083991363645e-06,0.3,0.0082,14.18455982208252,0.07049919155356518,
sb,165,7.109375,,0.8413095623254776,,0.0069408038891851905,4.94505547976587e-06,0.3,0.00825,11.102850914001465,0.0900669573738877,
sb,166,6.875,,0.8394533097743988,,0.00696746247112751,4.975025149178691e-06,0.3,0.0083,9.406227111816406,0.10631255104863115,
sb,167,6.7421875,,0.8366574645042419,,0.006986089828610422,5.004994818591513e-06,0.3,0.008350000000000002,10.2884521484375,0.09719635039094479,
sb,168,6.734375,,0.830652579665184,,0.006977481669187547,5.034964488004334e-06,0.3,0.008400000000000001,10.7493896484375,0.09302853768496122,
sb,169,6.8515625,,0.8339202105998993,,0.00704662577956915,5.064934157417156e-06,0.3,0.008450000000000001,12.110654830932617,0.08257191819601979,
sb,170,6.65625,,0.8297150433063507,,0.007052577868103982,5.094905645819381e-06,0.3,0.0085,9.966338157653809,0.10033775537026446,
sb,171,6.546875,,0.8253691047430038,,0.007056905845552683,5.124875315232202e-06,0.3,0.00855,11.162970542907715,0.08958189006736565,
sb,172,6.328125,,0.8254412859678268,,0.007098795059323311,5.154844984645024e-06,0.3,0.0086,10.740063667297363,0.09310931768914184,
sb,173,6.3359375,,0.8238973468542099,,0.007126712050288916,5.1848146540578455e-06,0.3,0.00865,10.792609214782715,0.09265600005513891,
sb,174,6.1484375,,0.8222867548465729,,0.007153894767165184,5.214784323470667e-06,0.3,0.0087,9.356974601745605,0.10687215072844629,
sb,175,6.40625,,0.8194904774427414,,0.007170541677623986,5.244755811872892e-06,0.3,0.008749999999999999,8.843087196350098,0.11308268004105407,
sb,176,6.515625,,0.8172739446163177,,0.007192010712623597,5.274725481285714e-06,0.3,0.0088,9.656736373901367,0.10355465462458258,
sb,177,6.2265625,,0.8152670115232468,,0.007215113051980734,5.304695150698535e-06,0.3,0.00885,7.667494773864746,0.13042069535000897,
sb,178,6.0859375,,0.8116644024848938,,0.007223813182115554,5.334664820111357e-06,0.3,0.0089,8.513362884521484,0.11746239571417114,
sb,179,5.84375,,0.8097878694534302,,0.0072476014316082,5.364634489524178e-06,0.3,0.00895,8.850125312805176,0.11299275034593104,
sb,180,6.203125,,0.8075033128261566,,0.007267529815435409,5.394605977926403e-06,0.3,0.009,7.907113075256348,0.1264684076833668,
sb,181,6.2890625,,0.8035862594842911,,0.007272455648332835,5.424575647339225e-06,0.3,0.00905,7.277811050415039,0.13740395196753177,
sb,182,5.9296875,,0.8042249083518982,,0.007318446666002274,5.454545316752046e-06,0.3,0.0091,6.520875930786133,0.15335363080270165,
sb,183,5.8515625,,0.8007730841636658,,0.007327073720097542,5.4845168051542714e-06,0.3,0.00915,6.847221374511719,0.14604464282729734,
sb,184,6.28125,,0.7965405732393265,,0.007328173273801804,5.514486474567093e-06,0.3,0.0092,6.735548496246338,0.14846600845607322,
sb,185,5.96875,,0.7963248938322067,,0.007366005267947912,5.5444561439799145e-06,0.3,0.00925,7.220095634460449,0.1385023205547511,
sb,186,5.578125,,0.7940421253442764,,0.007384591765701771,5.574425813392736e-06,0.3,0.009300000000000001,8.69011402130127,0.11507328874497996,
sb,187,5.5625,,0.7880109250545502,,0.007367902149260044,5.6043954828055575e-06,0.3,0.00935,5.526763439178467,0.1809377244032443,
sb,188,5.8359375,,0.788328617811203,,0.007410289007425308,5.634366971207783e-06,0.3,0.0094,5.636667251586914,0.17740979826660264,
sb,189,5.421875,,0.7857452034950256,,0.007425292173027992,5.664336640620604e-06,0.3,0.00945,4.780332565307617,0.20919046663349652,
sb,190,5.8046875,,0.7841325849294662,,0.007449259556829931,5.694306310033426e-06,0.3,0.009500000000000001,6.235434055328369,0.16037375924863953,
sb,191,5.8515625,,0.7833762317895889,,0.007481243013590575,5.724275979446247e-06,0.3,0.009550000000000001,4.662384986877441,0.21448250258495583,
sb,192,5.265625,,0.7779327481985092,,0.0074681543827056895,5.754245648859069e-06,0.3,0.009600000000000001,4.429710388183594,0.22574839264154486,
sb,193,5.6015625,,0.7758867144584656,,0.007487306794524193,5.784217137261294e-06,0.3,0.00965,4.9633378982543945,0.20147731637447047,
sb,194,5.484375,,0.7738131582736969,,0.00750598763525486,5.814186806674115e-06,0.3,0.0097,3.454887628555298,0.28944501457437033,
sb,195,5.234375,,0.7711334973573685,,0.007518551599234344,5.844156476086937e-06,0.3,0.009750000000000002,3.7464659214019775,0.2669182159878787,
sb,196,5.25,,0.7651856988668442,,0.007498819848895074,5.874124326510355e-06,0.3,0.009800000000000001,3.880460262298584,0.25770138911502516,
sb,197,5.640625,,0.7679834514856339,,0.007564636997133494,5.904093995923176e-06,0.3,0.009850000000000001,4.0586628913879395,0.2463865629544883,
sb,198,5.1796875,,0.7651029229164124,,0.007574518936872483,5.9340654843254015e-06,0.3,0.0099,2.662222385406494,0.375626020381205,
sb,199,5.1875,,0.7602761834859848,,0.007564748025685549,5.964035153738223e-06,0.3,0.00995,2.650261402130127,0.3773212707230531,
sb,200,5.453125,,0.7589785605669022,,0.007589785605669023,5.9940048231510445e-06,0.3,0.010000000000000002,3.9618773460388184,0.25240559276773783,
sb,201,5.65625,,0.7586639374494553,,0.007624572571367026,6.023974492563866e-06,0.3,0.010050000000000002,3.054738998413086,0.32736020999486126,
sb,202,5.09375,,0.7565743774175644,,0.007641401211917401,6.053944161976688e-06,0.3,0.010100000000000001,3.0406973361968994,0.3288719295063852,
sb,203,5.109375,,0.7493703663349152,,0.00760610921829939,6.083915650378913e-06,0.3,0.010150000000000001,2.770275831222534,0.36097488514661585,
sb,204,5.375,,0.7486393451690674,,0.007636121320724488,6.113885319791734e-06,0.3,0.0102,3.749540090560913,0.2666993753493658,
sb,205,5.296875,,0.7465317696332932,,0.0076519506387412554,6.143854989204556e-06,0.3,0.01025,3.5294034481048584,0.2833340009731554,
sb,206,5.296875,,0.7423701137304306,,0.007646412171423435,6.173826477606781e-06,0.3,0.0103,3.2387747764587402,0.30875873409555044,
sb,207,5.1484375,,0.7411155253648758,,0.0076705456875264645,6.203796147019602e-06,0.3,0.01035,2.4609375,0.40634920634920635,
sb,208,4.8984375,,0.7400126755237579,,0.007696131825447082,6.233765816432424e-06,0.3,0.0104,2.2882940769195557,0.437006768529583,
sb,209,5.03125,,0.7352274358272552,,0.007683126704394818,6.263735485845245e-06,0.3,0.010450000000000001,2.4698450565338135,0.4048836980095433,
sb,210,5.2109375,,0.7352538704872131,,0.007720165640115738,6.293705155258067e-06,0.3,0.0105,2.661172866821289,0.37577416050933865,
sb,211,5.28125,,0.7300420105457306,,0.007701943211257458,6.323676643660292e-06,0.3,0.01055,2.6400675773620605,0.3787781830187824,
sb,212,4.8671875,,0.7249987125396729,,0.007684986352920533,6.3536463130731136e-06,0.3,0.0106,2.0764830112457275,0.4815835210710817,
sb,213,5.0625,,0.7238927185535431,,0.007709457452595234,6.383615982485935e-06,0.3,0.01065,2.257889747619629,0.4428914215382952,
sb,214,5.3203125,,0.7223386615514755,,0.007729023678600789,6.413585651898757e-06,0.3,0.010700000000000001,3.07383394241333,0.32532661774659155,
sb,215,5.0859375,,0.7221692502498627,,0.007763319440186024,6.443555321311578e-06,0.3,0.010750000000000001,2.3779351711273193,0.4205329111331177,
sb,216,4.828125,,0.7171695083379745,,0.007745430690050126,6.473526809713803e-06,0.3,0.0108,2.010052442550659,0.4974994576415372,
sb,217,5.046875,,0.7148993611335754,,0.007756658068299294,6.503496479126625e-06,0.3,0.01085,2.4086410999298096,0.415171857703973,
sb,218,4.7734375,,0.7134480774402618,,0.007776584044098854,6.533466148539446e-06,0.3,0.0109,1.9806016683578491,0.5048970805064086,
sb,219,4.7421875,,0.7094141095876694,,0.00776808449998498,6.563435817952268e-06,0.3,0.010950000000000001,2.1771886348724365,0.45930792765625056,
sb,220,4.8984375,,0.7029538303613663,,0.0077324921339750295,6.593405487365089e-06,0.3,0.011000000000000001,2.1748046875,0.4598114054782218,
sb,221,4.9296875,,0.7011225521564484,,0.007747404201328755,6.6233769757673144e-06,0.3,0.01105,2.150562286376953,0.4649946696892455,
sb,222,4.953125,,0.6973243057727814,,0.007740299794077874,6.653346645180136e-06,0.3,0.0111,2.2808094024658203,0.4384408442541861,
sb,223,4.8671875,,0.693556398153305,,0.0077331538394093515,6.6833163145929575e-06,0.3,0.01115,2.008300542831421,0.4979334410725901,
sb,224,4.6171875,,0.69332654774189,,0.007765257334709169,6.713285984005779e-06,0.3,0.011200000000000002,2.254713773727417,0.44351527526566425,
sb,225,5.0546875,,0.68802610039711,,0.007740293629467488,6.7432556534186006e-06,0.3,0.011250000000000001,2.2881853580474854,0.43702753209351125,
sb,226,4.6796875,,0.6905805021524429,,0.007803559674322605,6.773227141820826e-06,0.3,0.011300000000000001,2.0721349716186523,0.48259404609094936,
sb,227,4.65625,,0.687853991985321,,0.0078071428090333945,6.803196811233647e-06,0.3,0.01135,2.0650744438171387,0.4842440440798702,
sb,228,4.59375,,0.6854776591062546,,0.007814445313811303,6.833166480646469e-06,0.3,0.0114,1.9389736652374268,0.515736762148108,
sb,229,4.671875,,0.6804789453744888,,0.007791483924537899,6.863137969048694e-06,0.3,0.011450000000000002,1.8254121541976929,0.5478214866162766,
sb,230,4.75,,0.674293115735054,,0.007754370830953122,6.893107638461515e-06,0.3,0.011500000000000002,1.825828194618225,0.547696657849616,
sb,231,4.703125,,0.6773168742656708,,0.007823009897768499,6.923077307874337e-06,0.3,0.011550000000000001,2.3276500701904297,0.4296178419628978,
sb,232,4.44921875,,0.6704610288143158,,0.007777347934246064,6.953046977287158e-06,0.3,0.011600000000000001,2.0575578212738037,0.4860130731980668,
sb,233,4.6171875,,0.6695265173912048,,0.007799983927607537,6.98301664669998e-06,0.3,0.01165,2.1745312213897705,0.4598692307397119,
sb,234,4.859375,,0.6677371859550476,,0.007812525075674058,7.012988135102205e-06,0.3,0.011700000000000002,2.06990647315979,0.48311361550237697,
sb,235,4.7109375,,0.6615725606679916,,0.0077734775878489015,7.0429578045150265e-06,0.3,0.01175,2.005553722381592,0.49861541420715555,
sb,236,4.765625,,0.664490595459938,,0.007840989026427268,7.072927473927848e-06,0.3,0.0118,1.9415334463119507,0.515056797965317,
sb,237,4.4765625,,0.653733491897583,,0.007746741878986358,7.1028971433406696e-06,0.3,0.01185,1.9584153890609741,0.5106169026171116,
sb,238,4.53125,,0.6546990424394608,,0.007790918605029584,7.132866812753491e-06,0.3,0.0119,2.0339345932006836,0.49165789467514714,
sb,239,4.4765625,,0.6544842571020126,,0.007821086872369052,7.162838301155716e-06,0.3,0.01195,2.0570032596588135,0.4861441007953803,
sb,240,4.734375,,0.646977961063385,,0.00776373553276062,7.192807970568538e-06,0.3,0.012,2.176480770111084,0.459457310045042,
sb,241,4.484375,,0.645138755440712,,0.0077739220030605795,7.222777639981359e-06,0.3,0.01205,2.0240652561187744,0.4940552173290795,
sb,242,4.7890625,,0.6446722149848938,,0.007800533801317215,7.252747309394181e-06,0.3,0.0121,1.803213119506836,0.5545656191063494,
sb,243,4.3984375,,0.6396645158529282,,0.007771923867613078,7.282716978807002e-06,0.3,0.012150000000000001,1.892827033996582,0.5283102903959294,
sb,244,4.46875,,0.6388553828001022,,0.007794035670161248,7.312688467209227e-06,0.3,0.0122,1.9782360792160034,0.505500840120311,
sb,245,4.515625,,0.6374554932117462,,0.0078088297918438914,7.342658136622049e-06,0.3,0.01225,1.693421721458435,0.5905203572910146,
sb,246,4.546875,,0.630614772439003,,0.007756561700999737,7.3726278060348704e-06,0.3,0.0123,1.793591856956482,0.5575404438426056,
sb,247,4.53125,,0.6284754872322083,,0.007761672267317772,7.402597475447692e-06,0.3,0.01235,2.072530746459961,0.48250188891435053,
sb,248,4.1171875,,0.6238357275724411,,0.0077355630218982705,7.4325671448605135e-06,0.3,0.012400000000000001,1.7662047147750854,0.566185783354872,
sb,249,4.6171875,,0.6271635890007019,,0.00780818668305874,7.462538633262739e-06,0.3,0.012450000000000001,1.8860410451889038,0.5302111544978816,
sb,250,4.359375,,0.6169340908527374,,0.007711676135659218,7.49250830267556e-06,0.3,0.0125,1.6397650241851807,0.609843474675228,
sb,251,4.4921875,,0.6222573667764664,,0.007809329953044653,7.522477972088382e-06,0.3,0.01255,1.5979201793670654,0.6258134873771348,
sb,252,4.4765625,,0.6132228374481201,,0.007726607751846313,7.552447641501203e-06,0.3,0.0126,2.000812530517578,0.49979694986282197,
sb,253,4.4453125,,0.6155606508255005,,0.007786842232942582,7.582415491924621e-06,0.3,0.012650000000000002,1.65340256690979,0.604813383028067,
sb,254,4.4140625,,0.6059926301240921,,0.00769610640257597,7.612386980326846e-06,0.3,0.012700000000000001,1.7566688060760498,0.5692592687597983,
sb,255,4.4375,,0.6115634441375732,,0.007797433912754059,7.642356649739668e-06,0.3,0.012750000000000001,1.713702917098999,0.5835317137073128,
sb,256,4.3671875,,0.6009659618139267,,0.007692364311218262,7.67232631915249e-06,0.3,0.0128,1.5730518102645874,0.6357069700277703,
sb,257,4.359375,,0.6009328961372375,,0.007721987715363502,7.702297807554714e-06,0.3,0.01285,1.8734731674194336,0.5337679863210552,
sb,258,4.28125,,0.603676050901413,,0.007787421056628228,7.732265657978132e-06,0.3,0.012900000000000002,1.6884899139404297,0.5922451722949884,
sb,259,4.2265625,,0.6011917889118195,,0.007785433666408063,7.762237146380357e-06,0.3,0.012950000000000001,1.6550614833831787,0.6042071609061067,
sb,260,4.05078125,,0.5929355323314667,,0.0077081619203090675,7.792206815793179e-06,0.3,0.013000000000000001,1.6159710884094238,0.618822952447921,
sb,261,4.3125,,0.5912207812070847,,0.0077154311947524555,7.822176485206e-06,0.3,0.01305,1.494348406791687,0.669187985516018,
sb,262,4.390625,,0.5897298455238342,,0.007725460976362229,7.852147973608226e-06,0.3,0.0131,1.658764362335205,0.6028583822431548,
sb,263,4.3203125,,0.5866769850254059,,0.007714802353084089,7.882117643021047e-06,0.3,0.013150000000000002,1.6491087675094604,0.6063881410989244,
sb,264,4.109375,,0.5846895426511765,,0.00771790196299553,7.912087312433869e-06,0.3,0.013200000000000002,1.4647186994552612,0.6827249494199171,
sb,265,4.20703125,,0.5803354680538177,,0.007689444951713086,7.94205698184669e-06,0.3,0.013250000000000001,1.468745231628418,0.6808532742545733,
sb,266,4.2890625,,0.5738976448774338,,0.0076328386768698695,7.972026651259512e-06,0.3,0.013300000000000001,1.7147313356399536,0.5831817376958301,
sb,267,4.0703125,,0.5756496489048004,,0.007684922812879086,8.001998139661737e-06,0.3,0.01335,1.6156386137008667,0.6189502971269965,
sb,268,4.19921875,,0.572577640414238,,0.00767254038155079,8.031967809074558e-06,0.3,0.013400000000000002,1.5646497011184692,0.6391206921812359,
sb,269,4.21484375,,0.5660639554262161,,0.007613560200482608,8.06193747848738e-06,0.3,0.013450000000000002,1.7914330959320068,0.5582123062651928,
sb,270,4.0859375,,0.5630505234003067,,0.007601182065904141,8.091908966889605e-06,0.3,0.013500000000000002,1.5859646797180176,0.6305310659111265,
sb,271,3.96484375,,0.5621159076690674,,0.007616670548915864,8.121876817313023e-06,0.3,0.013550000000000001,1.4851820468902588,0.6733181309953518,
sb,272,4.0859375,,0.5557555109262466,,0.007558274948596955,8.151848305715248e-06,0.3,0.013600000000000001,1.484662413597107,0.6735537929980695,
sb,273,4.328125,,0.558529868721962,,0.007623932708054782,8.18181797512807e-06,0.3,0.013650000000000002,1.4759621620178223,0.6775241437306745,
sb,274,4.2265625,,0.5570731610059738,,0.007631902305781843,8.211787644540891e-06,0.3,0.013700000000000002,1.5671318769454956,0.6381083906921126,
sb,275,4.4765625,,0.5484931766986847,,0.007541781179606915,8.241759132943116e-06,0.3,0.013750000000000002,1.4659512042999268,0.6821509454522093,
sb,276,4.296875,,0.5451308786869049,,0.007522806125879289,8.271726983366534e-06,0.3,0.013800000000000002,1.4260615110397339,0.7012320241859029,
sb,277,4.21875,,0.5467187911272049,,0.007572055257111789,8.30169847176876e-06,0.3,0.013850000000000001,1.2994757890701294,0.7695410783417317,
sb,278,4.2109375,,0.5495812296867371,,0.007639179092645647,8.33166814118158e-06,0.3,0.013900000000000003,1.2180780172348022,0.8209654766368183,
sb,279,3.97265625,,0.5419528037309647,,0.007560241612046958,8.361637810594402e-06,0.3,0.013950000000000002,1.541016697883606,0.6489222351538274,
sb,280,4.1015625,,0.5375387817621231,,0.007525542944669725,8.391609298996627e-06,0.3,0.014000000000000002,1.442777156829834,0.69310772995413,
sb,281,3.890625,,0.5402717888355255,,0.007590818633139134,8.421577149420045e-06,0.3,0.014050000000000002,1.4139626026153564,0.7072322833364443,
sb,282,4.10546875,,0.5314077436923981,,0.007492849186062813,8.45154863782227e-06,0.3,0.0141,1.6738770008087158,0.5974154609429848,
sb,283,4.171875,,0.5261948853731155,,0.0074456576280295846,8.481518307235092e-06,0.3,0.01415,1.5075576305389404,0.6633245587052666,
sb,284,4.015625,,0.526836946606636,,0.007481084641814232,8.511487976647913e-06,0.3,0.014199999999999999,1.5155227184295654,0.6598383434569909,
sb,285,4.2578125,,0.5204814225435257,,0.007416860271245241,8.541459465050139e-06,0.3,0.014249999999999999,1.3302791118621826,0.7517219439762205,
sb,286,4.1484375,,0.525567501783371,,0.007515615275502205,8.57142913446296e-06,0.3,0.0143,1.4103825092315674,0.7090275109444174,
sb,287,4.0,,0.5217385590076447,,0.007486948321759701,8.601398803875782e-06,0.3,0.01435,1.3006733655929565,0.7688325343266452,
sb,288,4.05859375,,0.5133356004953384,,0.007392032647132873,8.631368473288603e-06,0.3,0.0144,1.2450019121170044,0.8032116178035401,
sb,289,4.01171875,,0.5092968940734863,,0.007359340119361877,8.661338142701425e-06,0.3,0.01445,1.6148937940597534,0.6192357687412096,
sb,290,3.984375,,0.5092566758394241,,0.007384221799671649,8.69130963110365e-06,0.3,0.014499999999999999,1.3236985206604004,0.7554590296747439,
sb,291,3.9609375,,0.5066543966531754,,0.0073718214713037016,8.721279300516471e-06,0.3,0.01455,1.31741201877594,0.7590639722029711,
sb,292,4.08984375,,0.5054158866405487,,0.007379071944952011,8.751248969929293e-06,0.3,0.0146,1.4256125688552856,0.7014528504072907,
sb,293,3.91015625,,0.5001662820577621,,0.007327436032146215,8.781220458331518e-06,0.3,0.01465,1.2797008752822876,0.7814326139141002,
sb,294,4.01953125,,0.492227703332901,,0.007235747238993644,8.811188308754936e-06,0.3,0.0147,1.1490437984466553,0.8702888448219803,
sb,295,3.75390625,,0.49652350693941116,,0.007323721727356314,8.841159797157161e-06,0.3,0.01475,1.3050916194915771,0.7662297305913042,
sb,296,4.1484375,,0.4964483305811882,,0.007347435292601586,8.871129466569982e-06,0.3,0.0148,1.3361667394638062,0.7484095887623221,
sb,297,4.06640625,,0.49364979565143585,,0.007330699465423822,8.901099135982804e-06,0.3,0.01485,1.1479814052581787,0.8710942489308893,
sb,298,3.86328125,,0.49226996302604675,,0.007334822449088097,8.931070624385029e-06,0.3,0.0149,1.2715880870819092,0.7864181885305639,
sb,299,4.015625,,0.4845893979072571,,0.007244611498713493,8.961038474808447e-06,0.3,0.01495,1.1173720359802246,0.894957066938534,
sb,300,3.73046875,,0.48117387294769287,,0.007217608094215393,8.991009963210672e-06,0.3,0.015,1.307841420173645,0.7646186950304936,
sb,301,3.9765625,,0.4772774428129196,,0.0071830255143344405,9.020979632623494e-06,0.3,0.015050000000000001,1.2125966548919678,0.8246765286426521,
sb,302,3.8671875,,0.4748869389295578,,0.007170792777836323,9.050949302036315e-06,0.3,0.0151,1.1464735269546509,0.8722399396838016,
sb,303,4.0078125,,0.4747242256999016,,0.007192072019353509,9.08092079043854e-06,0.3,0.01515,1.2695223093032837,0.7876978550686533,
sb,304,3.65234375,,0.4693978577852249,,0.007134847438335419,9.110888640861958e-06,0.3,0.0152,1.2156153917312622,0.8226286100045296,
sb,305,3.890625,,0.4713020324707031,,0.007187355995178222,9.140860129264183e-06,0.3,0.01525,1.0796983242034912,0.926184636562916,
sb,306,4.1640625,,0.46530409902334213,,0.007119152715057135,9.170829798677005e-06,0.3,0.015300000000000001,1.2877801656723022,0.7765300527655954,
sb,307,4.0546875,,0.4578229486942291,,0.007027582262456418,9.200797649100423e-06,0.3,0.01535,1.3730002641677856,0.7283319793140232,
sb,308,3.72265625,,0.4579170420765877,,0.007051922447979451,9.230769137502648e-06,0.3,0.0154,1.064401626586914,0.9394949942030596,
sb,309,3.79296875,,0.46180304139852524,,0.007134856989607215,9.26073880691547e-06,0.3,0.01545,1.203978419303894,0.8305796715012312,
sb,310,3.890625,,0.4575989246368408,,0.0070927833318710325,9.290708476328291e-06,0.3,0.0155,1.094203233718872,0.9139070048269705,
sb,311,3.57421875,,0.4512966200709343,,0.007017662442103029,9.320678145741113e-06,0.3,0.015550000000000001,1.1801050901412964,0.8473821597365265,
sb,312,3.87109375,,0.4511127844452858,,0.0070373594373464585,9.350647815153934e-06,0.3,0.015600000000000001,1.1960341930389404,0.8360964977591089,
sb,313,3.71484375,,0.45369287580251694,,0.007100293506309391,9.380619303556159e-06,0.3,0.01565,1.4646127223968506,0.6827743503166434,
sb,314,3.8203125,,0.44697247445583344,,0.007017467848956586,9.41058897296898e-06,0.3,0.015700000000000002,1.119779109954834,0.8930332697850871,
sb,315,3.78125,,0.4395606070756912,,0.006923079561442137,9.440558642381802e-06,0.3,0.01575,1.1549628973007202,0.8658286792910092,
sb,316,3.8515625,,0.44712499529123306,,0.007064574925601483,9.470530130784027e-06,0.3,0.0158,1.0566346645355225,0.946400902377722,
sb,317,3.71875,,0.4448429346084595,,0.007050760513544083,9.500497981207445e-06,0.3,0.01585,1.0107051134109497,0.989408272235982,
sb,318,3.859375,,0.4360777959227562,,0.0069336369551718235,9.53046946960967e-06,0.3,0.0159,1.080432415008545,0.92555534812614,
sb,319,3.734375,,0.4372435435652733,,0.00697403451986611,9.560439139022492e-06,0.3,0.015950000000000002,1.4642255306243896,0.6829548994228847,
sb,320,3.77734375,,0.4417693391442299,,0.0070683094263076784,9.590408808435313e-06,0.3,0.016,1.005737543106079,0.9942951884958381,
sb,321,3.89453125,,0.4333716332912445,,0.006955614714324475,9.620380296837538e-06,0.3,0.016050000000000002,1.2999467849731445,0.7692622587013506,
sb,322,3.4609375,,0.4291708171367645,,0.006909650155901908,9.650348147260956e-06,0.3,0.0161,1.475034236907959,0.6779503654750756,
sb,323,3.78125,,0.42101433873176575,,0.0067993815705180176,9.680319635663182e-06,0.3,0.01615,1.1807830333709717,0.8468956376728575,
sb,324,3.96484375,,0.4185417592525482,,0.006780376499891282,9.710289305076003e-06,0.3,0.016200000000000003,1.1840918064117432,0.8445291104837448,
sb,325,3.71875,,0.4145064130425453,,0.006735729211941361,9.740258974488825e-06,0.3,0.01625,1.2004462480545044,0.8330235540497075,
sb,326,3.8203125,,0.4131782576441765,,0.006734805599600078,9.77023046289105e-06,0.3,0.016300000000000002,0.9916218519210815,1.0,
sb,327,3.71875,,0.41272716224193573,,0.006748089102655649,9.800198313314468e-06,0.3,0.01635,1.003967046737671,0.9960486285375983,
sb,328,3.82421875,,0.41646548360586166,,0.006830033931136132,9.830169801716693e-06,0.3,0.0164,1.7285654544830322,0.5785143960886765,
sb,329,3.6796875,,0.4066254124045372,,0.006688988034054638,9.860139471129514e-06,0.3,0.016450000000000003,1.0490883588790894,0.9532085563016461,
sb,330,3.8125,,0.4071127623319626,,0.006717360578477383,9.890109140542336e-06,0.3,0.0165,1.0503649711608887,0.9520500278058358,
sb,331,3.75390625,,0.40726958215236664,,0.0067403115846216685,9.920080628944561e-06,0.3,0.016550000000000002,1.1859145164489746,0.8432310981354162,
sb,332,3.75,,0.4066794440150261,,0.006750878770649433,9.950050298357382e-06,0.3,0.0166,0.8572233319282532,1.0,
sb,333,3.7109375,,0.40269748121500015,,0.006704913062229753,9.980019967770204e-06,0.3,0.01665,1.0494076013565063,0.9529185787365747,
sb,334,3.875,,0.39772555232048035,,0.006642016723752023,1.0009989637183025e-05,0.3,0.016700000000000003,1.0557725429534912,0.9471737133857742,
sb,335,3.5234375,,0.3911132216453552,,0.0065511464625597005,1.0039959306595847e-05,0.3,0.01675,1.2188245058059692,0.8204626631942654,
sb,336,3.87890625,,0.39317790418863297,,0.006605388790369034,1.0069930794998072e-05,0.3,0.016800000000000002,1.1574254035949707,0.8639865661268481,
sb,337,3.8359375,,0.39420991390943527,,0.006642437049373984,1.0099900464410894e-05,0.3,0.01685,1.0860347747802734,0.9207808287744009,
sb,338,3.83203125,,0.3945312276482582,,0.006667577747255565,1.0129870133823715e-05,0.3,0.016900000000000002,1.0902519226074219,0.9172192034373327,
sb,339,3.68359375,,0.3819592595100403,,0.006474209448695184,1.015984162222594e-05,0.3,0.016950000000000003,1.0629847049713135,0.9407473083321427,
sb,340,3.53125,,0.37829070538282394,,0.0064309419915080076,1.0189809472649358e-05,0.3,0.017,1.1176800727844238,0.8947104134269362,
sb,341,3.8359375,,0.3901822417974472,,0.0066526072226464755,1.0219780961051583e-05,0.3,0.017050000000000003,0.9728971719741821,1.0,
sb,342,3.5078125,,0.3785174787044525,,0.006472648885846138,1.0249750630464405e-05,0.3,0.0171,1.0293982028961182,0.971441369517249,
sb,343,3.5703125,,0.3777519464492798,,0.006478445881605149,1.0279720299877226e-05,0.3,0.017150000000000002,0.9430264830589294,1.0,
sb,344,3.74609375,,0.3747824802994728,,0.0064462586611509325,1.0309691788279451e-05,0.3,0.0172,0.9963971376419067,1.0,
sb,345,3.61328125,,0.371259868144989,,0.0064042327255010596,1.033965963870287e-05,0.3,0.017249999999999998,0.9470587372779846,1.0,
sb,346,3.6171875,,0.3734818994998932,,0.006461236861348152,1.0369631127105094e-05,0.3,0.0173,0.9969105124473572,1.0,
sb,347,3.91015625,,0.3644340857863426,,0.006322931388393045,1.0399600796517916e-05,0.3,0.01735,1.1057225465774536,0.9043860081313373,
sb,348,3.734375,,0.3683837354183197,,0.006409876996278763,1.0429570465930738e-05,0.3,0.0174,1.1665756702423096,0.8572097168735654,
sb,349,3.40625,,0.3618992120027542,,0.006315141249448061,1.0459541954332963e-05,0.3,0.01745,1.2036947011947632,0.8307754441449481,
sb,350,3.75,,0.3522486686706543,,0.0061643517017364495,1.048950980475638e-05,0.3,0.017499999999999998,1.1799229383468628,0.8475129752126485,
sb,351,3.62109375,,0.3628394603729248,,0.00636783252954483,1.0519481293158606e-05,0.3,0.01755,1.115363359451294,0.8965688100888958,
sb,352,3.71484375,,0.3580181673169136,,0.00630111974477768,1.0549450962571427e-05,0.3,0.0176,1.1007139682769775,0.9085012353984824,
sb,353,3.6953125,,0.36412378400564194,,0.00642678478769958,1.0579420631984249e-05,0.3,0.01765,1.0374484062194824,0.9639033555837765,
sb,354,3.84375,,0.3550543785095215,,0.006284462499618531,1.0609392120386474e-05,0.3,0.0177,0.9592370390892029,1.0,
sb,355,3.66796875,,0.3525157496333122,,0.006257154555991291,1.0639359970809892e-05,0.3,0.01775,0.8807873725891113,1.0,
sb,356,3.48828125,,0.34502415359020233,,0.006141429933905602,1.0669331459212117e-05,0.3,0.0178,1.5422457456588745,0.6484050955010302,
sb,357,3.765625,,0.345855213701725,,0.006173515564575792,1.0699301128624938e-05,0.3,0.01785,1.0607643127441406,0.9427164809240739,
sb,358,3.51953125,,0.3470176160335541,,0.006211615327000618,1.072927079803776e-05,0.3,0.0179,1.376141905784607,0.7266692452257315,
sb,359,3.7421875,,0.3444407284259796,,0.006182711075246334,1.0759242286439985e-05,0.3,0.01795,1.0431615114212036,0.9586243252376132,
sb,360,3.57421875,,0.3416159152984619,,0.006149086475372314,1.0789211955852807e-05,0.3,0.018,1.0976427793502808,0.911043208968151,
sb,361,3.54296875,,0.33300796151161194,,0.006010793705284596,1.0819181625265628e-05,0.3,0.01805,1.0055211782455444,0.9945091377834747,
sb,362,3.59375,,0.33938927948474884,,0.006142945958673955,1.084915129467845e-05,0.3,0.0181,1.1336266994476318,0.8821246010589355,
sb,363,3.53125,,0.3344556987285614,,0.006070370931923389,1.0879119145101868e-05,0.3,0.01815,1.068853735923767,0.93558170439077,
sb,364,3.51171875,,0.33932388573884964,,0.006175694720447064,1.0909090633504093e-05,0.3,0.0182,0.9927991628646851,1.0,
sb,365,3.56640625,,0.3273432329297066,,0.0059740140009671445,1.0939060302916914e-05,0.3,0.01825,1.1495013236999512,0.869942451898407,
sb,366,3.6328125,,0.3334415704011917,,0.006101980738341809,1.0969029972329736e-05,0.3,0.0183,1.172261357307434,0.8530520892515804,
sb,367,3.4453125,,0.3232274129986763,,0.005931223028525711,1.099900146073196e-05,0.3,0.01835,0.9836943745613098,1.0,
sb,368,3.63671875,,0.32622014731168747,,0.0060024507105350495,1.1028969311155379e-05,0.3,0.0184,1.1565905809402466,0.8646101883235581,
sb,369,3.41015625,,0.321974977850914,,0.005940438341349364,1.1058940799557604e-05,0.3,0.01845,1.2598391771316528,0.7937521059447894,
sb,370,3.42578125,,0.32557006925344467,,0.006023046281188726,1.1088910468970425e-05,0.3,0.0185,1.2783300876617432,0.7822705650534671,
sb,371,3.66015625,,0.3217381685972214,,0.005968243027478457,1.1118880138383247e-05,0.3,0.01855,1.1423653364181519,0.8753767014110095,
sb,372,3.578125,,0.31771141290664673,,0.0059094322800636295,1.1148851626785472e-05,0.3,0.018600000000000002,1.291272521018982,0.7744298618008768,
sb,373,3.41796875,,0.3186847046017647,,0.0059434697408229115,1.117881947720889e-05,0.3,0.01865,1.1491106748580933,0.8702381953970558,
sb,374,3.47265625,,0.31248605251312256,,0.005843489181995392,1.1208790965611115e-05,0.3,0.0187,1.129226803779602,0.8855616928795254,
sb,375,3.625,,0.3204319104552269,,0.006008098321035505,1.1238760635023937e-05,0.3,0.018750000000000003,1.106895923614502,0.9034273039280516,
sb,376,3.60546875,,0.30763744562864304,,0.0057835839778184895,1.1268730304436758e-05,0.3,0.0188,1.07473623752594,0.9304608564255877,
sb,377,3.53515625,,0.30466916412115097,,0.005743013743683696,1.1298701792838983e-05,0.3,0.018850000000000002,0.9831790328025818,1.0,
sb,378,3.64453125,,0.3074878975749016,,0.00581152126416564,1.1328669643262401e-05,0.3,0.0189,1.3092997074127197,0.7637670690204915,
sb,379,3.35546875,,0.3137902691960335,,0.0059463256012648345,1.1358641131664626e-05,0.3,0.01895,1.3637760877609253,0.7332582005025619,
sb,380,3.33984375,,0.30617980659008026,,0.005817416325211526,1.1388610801077448e-05,0.3,0.019000000000000003,1.10166335105896,0.9077183143459957,
sb,381,3.390625,,0.3056965693831444,,0.005823519646748901,1.141858047049027e-05,0.3,0.01905,1.0351356267929077,0.9660569824055172,
sb,382,3.75,,0.3014046400785446,,0.005756828625500203,1.1448551958892494e-05,0.3,0.019100000000000002,1.0918409824371338,0.9158842872593658,
sb,383,3.48828125,,0.3004848137497902,,0.005754284183308482,1.1478521628305316e-05,0.3,0.01915,1.081331491470337,0.9247857922275557,
sb,384,3.55078125,,0.2897011488676071,,0.005562262058258057,1.1508491297718138e-05,0.3,0.019200000000000002,0.9305946230888367,1.0,
sb,385,3.44921875,,0.29792486131191254,,0.005735053580254317,1.1538460967130959e-05,0.3,0.019250000000000003,1.136540174484253,0.8798633101146529,
sb,386,3.4296875,,0.2902286425232887,,0.005601412800699473,1.156843063654378e-05,0.3,0.0193,1.0464346408843994,0.955625856532086,
sb,387,3.734375,,0.29643379151821136,,0.005735993865877391,1.1598402124946006e-05,0.3,0.019350000000000003,1.2260527610778809,0.8156255845962557,
sb,388,3.58203125,,0.29400674998760223,,0.0057037309497594835,1.1628371794358827e-05,0.3,0.0194,1.083045482635498,0.9233222574979825,
sb,389,3.421875,,0.2922450080513954,,0.005684165406599642,1.1658341463771649e-05,0.3,0.019450000000000002,1.1269372701644897,0.8873608376214571,
sb,390,3.58203125,,0.28268250823020935,,0.005512308910489083,1.1688312952173874e-05,0.3,0.019500000000000003,1.0495665073394775,0.952774305398595,
sb,391,3.65234375,,0.28752128779888153,,0.005621041176468135,1.1718280802597292e-05,0.3,0.01955,1.250012993812561,0.7999916840464056,
sb,392,3.32421875,,0.2798929065465927,,0.005485900968313218,1.1748252290999517e-05,0.3,0.019600000000000003,1.2462842464447021,0.802385172445787,
sb,393,3.35546875,,0.2890326604247093,,0.005679491777345539,1.1778221960412338e-05,0.3,0.01965,1.305587887763977,0.7659384782687101,
sb,394,3.34375,,0.2788570374250412,,0.005493483637273313,1.180819162982516e-05,0.3,0.019700000000000002,1.1639553308486938,0.8591394991686266,
sb,395,3.4921875,,0.27770619094371796,,0.0054846972711384305,1.1838163118227385e-05,0.3,0.019750000000000004,1.168047308921814,0.8561297067008931,
sb,396,3.38671875,,0.27324414253234863,,0.005410234022140504,1.1868130968650803e-05,0.3,0.0198,1.173507571220398,0.8521461850987826,
sb,397,3.26171875,,0.2684106081724167,,0.005327950572222472,1.1898102457053028e-05,0.3,0.019850000000000003,1.2212823629379272,0.8188114643647121,
sb,398,3.37109375,,0.2799200937151909,,0.005570409864932299,1.192807212646585e-05,0.3,0.0199,1.321894645690918,0.7564899390883965,
sb,399,3.19140625,,0.2655505910515785,,0.005297734291478992,1.1958041795878671e-05,0.3,0.019950000000000002,1.2618026733398438,0.7925169451045124,
sb,400,3.296875,,0.27706677466630936,,0.005541335493326189,1.1988013284280896e-05,0.3,0.020000000000000004,1.0586413145065308,0.944607003615889,
sb,401,3.2421875,,0.2705548629164696,,0.0054246250014752155,1.2017981134704314e-05,0.3,0.020050000000000002,1.1581239700317383,0.8634654198311732,
sb,402,3.61328125,,0.26541128009557724,,0.005334766729921103,1.204795262310654e-05,0.3,0.020100000000000003,1.1213390827178955,0.8917909091121711,
sb,403,3.5703125,,0.2737603858113289,,0.005516271774098277,1.207792229251936e-05,0.3,0.02015,1.1237399578094482,0.8898855941274354,
sb,404,3.61328125,,0.2641071006655693,,0.005334963433444501,1.2107891961932182e-05,0.3,0.020200000000000003,1.5245418548583984,0.655934762835935,
sb,405,3.53125,,0.2646149843931198,,0.005358453433960677,1.2137863450334407e-05,0.3,0.020250000000000004,1.150767207145691,0.8689854853270916,
sb,406,3.44140625,,0.27098190784454346,,0.005500932729244233,1.2167833119747229e-05,0.3,0.020300000000000002,1.42502760887146,0.7017407899850745,
sb,407,3.421875,,0.2593129351735115,,0.005277018230780959,1.219780278916005e-05,0.3,0.02035,1.5788661241531372,0.6333659229887993,
sb,408,3.24609375,,0.2553156539797783,,0.005208439341187477,1.2227772458572872e-05,0.3,0.0204,1.3231532573699951,0.7557703496779199,
sb,409,3.2265625,,0.26929565519094467,,0.005507096148654818,1.2257742127985694e-05,0.3,0.02045,1.3840305805206299,0.7225273878152538,
sb,410,3.4140625,,0.264268659055233,,0.005417507510632277,1.2287713616387919e-05,0.3,0.0205,1.3546116352081299,0.738218965501765,
sb,411,3.56640625,,0.2519654110074043,,0.0051778891962021584,1.231768328580074e-05,0.3,0.02055,1.4106969833374023,0.7088694537605216,
sb,412,3.44140625,,0.25816307589411736,,0.005318159363418818,1.2347652955213562e-05,0.3,0.0206,1.2614508867263794,0.7927379579518338,
sb,413,3.16796875,,0.2492821142077446,,0.005147675658389927,1.2377624443615787e-05,0.3,0.02065,1.2262433767318726,0.8154987981791625,
sb,414,3.38671875,,0.243728868663311,,0.005045187581330538,1.2407592294039205e-05,0.3,0.0207,1.4184598922729492,0.7049899721856736,
sb,415,3.47265625,,0.25177743285894394,,0.005224381731823087,1.243756378244143e-05,0.3,0.02075,1.2348353862762451,0.8098245410795912,
sb,416,3.1484375,,0.24843832477927208,,0.005167517155408859,1.2467533451854251e-05,0.3,0.0208,1.1886945962905884,0.8412589769656359,
sb,417,3.3984375,,0.25035233795642853,,0.005219846246391535,1.2497503121267073e-05,0.3,0.02085,1.3484586477279663,0.7415874425848443,
sb,418,3.4609375,,0.24452614411711693,,0.005110596412047744,1.2527472790679894e-05,0.3,0.020900000000000002,1.1242671012878418,0.8894683468496992,
sb,419,3.4765625,,0.2487800419330597,,0.0052119418784976005,1.2557440641103312e-05,0.3,0.02095,1.3532536029815674,0.7389597912739649,
sb,420,3.41796875,,0.24044844880700111,,0.005049417424947023,1.2587412129505537e-05,0.3,0.021,1.0366460084915161,0.9646494481324036,
sb,421,3.24609375,,0.24551379308104515,,0.005168065344356001,1.2617381798918359e-05,0.3,0.02105,1.4133045673370361,0.7075615710237255,
sb,422,3.46875,,0.23414677754044533,,0.004940497006103397,1.264735146833118e-05,0.3,0.0211,1.3142451047897339,0.7608930756945753,
sb,423,3.3359375,,0.2402966171503067,,0.005082273452728987,1.2677322956733406e-05,0.3,0.021150000000000002,1.4027140140533447,0.7129036924001034,
sb,424,3.1953125,,0.23382637277245522,,0.004957119102776051,1.2707290807156824e-05,0.3,0.0212,1.2655748128890991,0.7901547895988579,
sb,425,3.234375,,0.23420749232172966,,0.0049769092118367554,1.2737262295559049e-05,0.3,0.02125,1.0907467603683472,0.9168030897128663,
sb,426,3.0546875,,0.23424434661865234,,0.004989404582977295,1.276723196497187e-05,0.3,0.0213,1.314618468284607,0.7606769752024403,
sb,427,3.13671875,,0.23327961191534996,,0.004980519714392722,1.2797201634384692e-05,0.3,0.02135,1.4091191291809082,0.7096632068157923,
sb,428,3.296875,,0.23661429807543755,,0.005063545978814364,1.2827173122786917e-05,0.3,0.021400000000000002,1.16615891456604,0.8575160619272268,
sb,429,3.37890625,,0.23280081525444984,,0.004993577487207949,1.2857142792199738e-05,0.3,0.02145,1.2934530973434448,0.7731242841768653,
sb,430,3.2578125,,0.23586660996079445,,0.005071132114157081,1.288711246161256e-05,0.3,0.021500000000000002,1.3334285020828247,0.7499464713990986,
sb,431,3.32421875,,0.23614873737096786,,0.005089005290344358,1.2917082131025381e-05,0.3,0.02155,1.516022801399231,0.6596206858346975,
sb,432,3.1875,,0.2271997667849064,,0.004907514962553978,1.2947051800438203e-05,0.3,0.0216,1.6947879791259766,0.5900443077934223,
sb,433,3.1953125,,0.22686295211315155,,0.004911582913249731,1.2977023288840428e-05,0.3,0.021650000000000003,1.2105183601379395,0.8260923856504326,
sb,434,3.171875,,0.2332940474152565,,0.005062480828911066,1.300699295825325e-05,0.3,0.0217,1.5307005643844604,0.6532956368263504,
sb,435,3.31640625,,0.21768249198794365,,0.0047345942007377744,1.3036962627666071e-05,0.3,0.021750000000000002,1.661456823348999,0.6018814247512612,
sb,436,3.20703125,,0.22110170871019363,,0.004820017249882221,1.3066934116068296e-05,0.3,0.0218,1.4422245025634766,0.693373325874407,
sb,437,3.3359375,,0.22435542568564415,,0.004902166051231325,1.3096901966491714e-05,0.3,0.02185,1.2031409740447998,0.8311577957802676,
sb,438,3.05078125,,0.22025048732757568,,0.004823485672473908,1.312687345489394e-05,0.3,0.021900000000000003,1.2349741458892822,0.8097335505594073,
sb,439,3.09375,,0.21820126101374626,,0.0047895176792517305,1.315684312430676e-05,0.3,0.02195,1.5471713542938232,0.6463408188270334,
sb,440,3.1015625,,0.2222931981086731,,0.0048904503583908085,1.3186812793719582e-05,0.3,0.022000000000000002,1.2751538753509521,0.784219080795074,
sb,441,3.03515625,,0.21205347031354904,,0.004675779020413756,1.3216784282121807e-05,0.3,0.02205,1.4431136846542358,0.6929461002509971,
sb,442,3.2890625,,0.22073538228869438,,0.004878251948580146,1.3246752132545225e-05,0.3,0.0221,1.2146214246749878,0.823301795674799,
sb,443,3.078125,,0.21406546980142593,,0.004741550156101585,1.327672362094745e-05,0.3,0.022150000000000003,1.2279795408248901,0.8143458150192422,
sb,444,3.078125,,0.21972071006894112,,0.004877799763530493,1.3306693290360272e-05,0.3,0.0222,1.3813374042510986,0.7239360904312562,
sb,445,3.24609375,,0.21745085716247559,,0.004838281571865082,1.3336662959773093e-05,0.3,0.022250000000000002,1.2937817573547363,0.7729278870376083,
sb,446,3.15234375,,0.2028554156422615,,0.0045236757688224315,1.3366634448175319e-05,0.3,0.0223,1.311490535736084,0.7624912058086202,
sb,447,3.1171875,,0.20708340778946877,,0.004628314164094627,1.3396602298598737e-05,0.3,0.022350000000000002,1.4136111736297607,0.7074081039075815,
sb,448,3.05078125,,0.21458376944065094,,0.004806676435470582,1.3426573787000962e-05,0.3,0.022400000000000003,1.4473512172698975,0.6909173033248108,
sb,449,3.08984375,,0.2143738754093647,,0.004812693502940238,1.3456543456413783e-05,0.3,0.02245,1.6829880475997925,0.5941812845469452,
sb,450,3.0859375,,0.2094232328236103,,0.0047120227385312324,1.3486513125826605e-05,0.3,0.022500000000000003,1.342976450920105,0.7446146947065798,
sb,451,3.1171875,,0.19807324185967445,,0.004466551603935659,1.351648461422883e-05,0.3,0.02255,1.4346853494644165,0.6970169454740098,
sb,452,3.25,,0.2135179564356804,,0.004825505815446377,1.3546454283641651e-05,0.3,0.022600000000000002,1.209680438041687,0.8266646037683043,
sb,453,3.41015625,,0.21519359201192856,,0.004874134859070183,1.3576423953054473e-05,0.3,0.022650000000000003,1.3242526054382324,0.7551429356403433,
sb,454,3.18359375,,0.20587510988116264,,0.004673364994302392,1.3606393622467294e-05,0.3,0.0227,1.3818546533584595,0.7236651101978056,
sb,455,3.00390625,,0.19825760275125504,,0.004510360462591053,1.3636363291880116e-05,0.3,0.022750000000000003,1.603065848350525,0.6238046933810925,
sb,456,3.2265625,,0.20391813293099403,,0.0046493334308266646,1.3666334780282341e-05,0.3,0.0228,1.4485728740692139,0.6903346168500869,
sb,457,3.17578125,,0.21615464612841606,,0.004939133664034308,1.3696304449695162e-05,0.3,0.022850000000000002,1.66825532913208,0.5994286261445699,
sb,458,2.9140625,,0.19982174038887024,,0.004575917854905129,1.3726274119107984e-05,0.3,0.022900000000000004,1.2785260677337646,0.7821506539733972,
sb,459,3.453125,,0.20646391808986664,,0.004738346920162439,1.3756245607510209e-05,0.3,0.02295,1.6849032640457153,0.5935058832985131,
sb,460,2.984375,,0.21486983448266983,,0.004942006193101407,1.3786213457933627e-05,0.3,0.023000000000000003,1.3513106107711792,0.7400223102143113,
sb,461,3.07421875,,0.20433924347162247,,0.004710019562020898,1.3816184946335852e-05,0.3,0.02305,1.4026249647140503,0.7129489529682423,
sb,462,3.22265625,,0.20146947354078293,,0.004653944838792086,1.3846154615748674e-05,0.3,0.023100000000000002,1.637115240097046,0.6108305484595705,
sb,463,3.25390625,,0.20123574510216713,,0.00465860749911517,1.3876124285161495e-05,0.3,0.023150000000000004,1.322200059890747,0.756315197930508,
sb,464,3.01953125,,0.19110636413097382,,0.004433667647838593,1.390609577356372e-05,0.3,0.023200000000000002,1.3659499883651733,0.7320912248016066,
sb,465,3.0546875,,0.19620059803128242,,0.004561663904227317,1.3936063623987138e-05,0.3,0.023250000000000003,1.6396698951721191,0.6098788560700068,
sb,466,2.99609375,,0.194956935942173,,0.004542496607452632,1.3966035112389363e-05,0.3,0.0233,1.5001089572906494,0.6666182447214385,
sb,467,3.06640625,,0.19122453033924103,,0.004465092783421279,1.3996004781802185e-05,0.3,0.023350000000000003,1.5687512159347534,0.6374497051172908,
sb,468,2.7890625,,0.1984037421643734,,0.004642647566646338,1.4025974451215006e-05,0.3,0.023400000000000004,1.6888834238052368,0.5921071791603544,
sb,469,3.10546875,,0.19148267433047295,,0.00449026871304959,1.4055945939617231e-05,0.3,0.02345,1.2776731252670288,0.782672798092238,
sb,470,2.98828125,,0.1964002549648285,,0.004615405991673469,1.408591379004065e-05,0.3,0.0235,1.5270723104476929,0.6548478373671967,
sb,471,2.91796875,,0.18993078917264938,,0.004472870085015893,1.4115885278442875e-05,0.3,0.02355,1.4535191059112549,0.687985452639145,
sb,472,2.6640625,,0.20610543340444565,,0.0048640882283449175,1.4145854947855696e-05,0.3,0.0236,1.7341374158859253,0.576655569990759,
sb,473,3.09375,,0.1859493963420391,,0.004397703223489225,1.4175824617268518e-05,0.3,0.02365,1.5000735521316528,0.666633978433236,
sb,474,3.2109375,,0.18392043188214302,,0.0043589142356067895,1.4205794286681339e-05,0.3,0.0237,1.5555918216705322,0.6428421556794451,
sb,475,3.03515625,,0.1917167231440544,,0.004553272174671293,1.423576395609416e-05,0.3,0.02375,1.6252000331878662,0.6153088724952076,
sb,476,3.2421875,,0.18623055517673492,,0.004432287213206291,1.4265733625506982e-05,0.3,0.0238,1.673702597618103,0.5974777128404595,
sb,477,2.96875,,0.19456957280635834,,0.004640484311431646,1.4295703294919804e-05,0.3,0.02385,1.3697675466537476,0.7300508779339491,
sb,478,3.04296875,,0.18937605619430542,,0.0045260877430439,1.4325672964332625e-05,0.3,0.0239,1.5018792152404785,0.6658325049394079,
sb,479,3.046875,,0.19311464205384254,,0.0046250956771895285,1.435564445273485e-05,0.3,0.02395,1.6411799192428589,0.6093177160377026,
sb,480,2.796875,,0.18048055097460747,,0.00433153322339058,1.4385614122147672e-05,0.3,0.024,1.5647023916244507,0.6390991701379167,
sb,481,3.0078125,,0.18798129260540009,,0.004520950087159872,1.4415583791560493e-05,0.3,0.024050000000000002,1.440683364868164,0.6941150459466222,
sb,482,3.02734375,,0.1862809993326664,,0.0044893720839172604,1.4445555279962718e-05,0.3,0.0241,1.4518206119537354,0.6887903310962682,
sb,483,2.78125,,0.18108635395765305,,0.004373235448077321,1.4475523130386136e-05,0.3,0.02415,1.5107321739196777,0.6619306964287687,
sb,484,3.12890625,,0.18922148644924164,,0.004579159972071647,1.4505494618788362e-05,0.3,0.0242,1.7399003505706787,0.574745559233898,
sb,485,3.015625,,0.17911585047841072,,0.00434355937410146,1.4535464288201183e-05,0.3,0.02425,1.5364761352539062,0.6508399167779769,
sb,486,2.9609375,,0.1849527396261692,,0.004494351572915912,1.4565433957614005e-05,0.3,0.024300000000000002,1.6117005348205566,0.6204626594054818,
sb,487,2.80078125,,0.18321826681494713,,0.004461364796943963,1.459540544601623e-05,0.3,0.02435,1.641143798828125,0.6093311266898488,
sb,488,3.078125,,0.1856086403131485,,0.004528850823640824,1.4625373296439648e-05,0.3,0.0244,1.6428943872451782,0.6086818530537499,
sb,489,2.66015625,,0.17463186010718346,,0.004269748979620636,1.4655344784841873e-05,0.3,0.02445,1.5002964735031128,0.6665349267035554,
sb,490,2.78515625,,0.1789085492491722,,0.004383259456604719,1.4685314454254694e-05,0.3,0.0245,1.5436985492706299,0.6477948693237304,
sb,491,2.96875,,0.16692416742444038,,0.004097988310270011,1.4715284123667516e-05,0.3,0.024550000000000002,1.6718007326126099,0.598157412239704,
sb,492,2.85546875,,0.18133341521024704,,0.004460802014172077,1.4745255612069741e-05,0.3,0.0246,1.5422884225845337,0.6483871533731813,
sb,493,2.765625,,0.183550164103508,,0.004524511545151473,1.4775223462493159e-05,0.3,0.024650000000000002,1.786428451538086,0.559776127131773,
sb,494,2.91796875,,0.17800261452794075,,0.004396664578840136,1.4805194950895384e-05,0.3,0.0247,1.8795380592346191,0.5320456242355728,
sb,495,3.09375,,0.17606299743056297,,0.004357559186406434,1.4835164620308205e-05,0.3,0.02475,1.7091236114501953,0.5850951875572638,
sb,496,2.9609375,,0.17763497680425644,,0.00440534742474556,1.4865134289721027e-05,0.3,0.024800000000000003,1.7275751829147339,0.5788460090708284,
sb,497,2.95703125,,0.1737457625567913,,0.004317582199536264,1.4895105778123252e-05,0.3,0.02485,1.9004666805267334,0.5261865468342964,
sb,498,3.15234375,,0.17351248487830162,,0.0043204608734697105,1.492507362854667e-05,0.3,0.024900000000000002,1.9035736322402954,0.5253277220609064,
sb,499,3.0546875,,0.18272684141993523,,0.004559034693427384,1.4955045116948895e-05,0.3,0.02495,1.5715618133544922,0.6363096834641866,
sb,500,2.96484375,,0.16853900626301765,,0.004213475156575441,1.4985014786361717e-05,0.3,0.025,1.6898667812347412,0.5917626236012086,
sb,501,3.1171875,,0.16756035387516022,,0.004197386864572764,1.5014984455774538e-05,0.3,0.025050000000000003,1.6080459356307983,0.621872782264596,
sb,502,3.28125,,0.17304274067282677,,0.004343372790887952,1.5044955944176763e-05,0.3,0.0251,1.5639057159423828,0.6394247362907151,
sb,503,3.01171875,,0.1714901514351368,,0.0043129773085936905,1.5074925613589585e-05,0.3,0.025150000000000002,1.489603877067566,0.6713194127613308,
sb,504,2.88671875,,0.1783674955368042,,0.004494860887527466,1.5104895283002406e-05,0.3,0.0252,1.5574885606765747,0.6420592903524113,
sb,505,3.05859375,,0.16567088291049004,,0.004183189793489874,1.5134864952415228e-05,0.3,0.02525,1.6272183656692505,0.6145456695289419,
sb,506,2.921875,,0.1664782278239727,,0.00421189916394651,1.516483462182805e-05,0.3,0.025300000000000003,1.585988163948059,0.6305217294375407,
sb,507,3.1953125,,0.1782231591641903,,0.0045179570848122245,1.5194806110230274e-05,0.3,0.02535,1.5985926389694214,0.6255502343890929,
sb,508,2.984375,,0.1723860278725624,,0.004378605107963085,1.5224775779643096e-05,0.3,0.025400000000000002,1.5804599523544312,0.6327271997688314,
sb,509,3.171875,,0.15434309840202332,,0.003928031854331494,1.5254745449055918e-05,0.3,0.02545,1.9471220970153809,0.5135784764257137,
sb,510,2.78125,,0.17352859303355217,,0.00442497912235558,1.528471511846874e-05,0.3,0.025500000000000002,1.8292319774627686,0.5466775194839133,
sb,511,2.9296875,,0.17248144000768661,,0.004406900792196394,1.5314686606870964e-05,0.3,0.025550000000000003,1.6785907745361328,0.5957378148204963,
sb,512,2.89453125,,0.18093613907694817,,0.004631965160369874,1.5344656276283786e-05,0.3,0.0256,1.479874610900879,0.6757329253667285,
sb,513,2.71484375,,0.16422595083713531,,0.0042123956389725214,1.5374625945696607e-05,0.3,0.025650000000000003,1.8603485822677612,0.537533669513163,
sb,514,2.73828125,,0.16754020750522614,,0.004305783332884312,1.540459561510943e-05,0.3,0.0257,1.5939182043075562,0.6273847662304783,
sb,515,2.84765625,,0.16470983624458313,,0.004241278283298016,1.543456528452225e-05,0.3,0.025750000000000002,1.5485241413116455,0.6457761770203793,
sb,516,2.68359375,,0.17452996224164963,,0.004502873025834561,1.5464534953935072e-05,0.3,0.025800000000000003,1.8959258794784546,0.5274467798683604,
sb,517,2.9921875,,0.17065812647342682,,0.004411512569338084,1.5494504623347893e-05,0.3,0.02585,1.520971655845642,0.6574744480981218,
sb,518,2.96875,,0.16752326115965843,,0.004338852464035154,1.5524474292760715e-05,0.3,0.025900000000000003,1.9145488739013672,0.5223162561330975,
sb,519,2.70703125,,0.16236678138375282,,0.0042134179769083855,1.5554443962173536e-05,0.3,0.02595,1.7675771713256836,0.5657461615947436,
sb,520,2.75,,0.1634557656943798,,0.004249849908053875,1.5584417269565165e-05,0.3,0.026000000000000002,1.6086950302124023,0.6216218619560018,
sb,521,2.96875,,0.17066500708460808,,0.004445823434554041,1.5614386938977987e-05,0.3,0.026050000000000004,1.969786286354065,0.5076692872356875,
sb,522,2.66796875,,0.1505931355059147,,0.003930480836704373,1.5644356608390808e-05,0.3,0.0261,1.8618704080581665,0.5370943088584493,
sb,523,2.7890625,,0.15980441123247147,,0.0041788853537291296,1.567432627780363e-05,0.3,0.026150000000000003,1.7526582479476929,0.5705618885889295,
sb,524,3.00390625,,0.1570274867117405,,0.004114120151847601,1.570429594721645e-05,0.3,0.0262,1.7542822360992432,0.5700337034840887,
sb,525,2.77734375,,0.14835438877344131,,0.003894302705302835,1.5734265616629273e-05,0.3,0.026250000000000002,1.9907753467559814,0.5023168493770657,
sb,526,2.91015625,,0.1702440269291401,,0.0044774179082363854,1.5764235286042094e-05,0.3,0.026300000000000004,1.9777220487594604,0.505632225027403,
sb,527,2.97265625,,0.18510835617780685,,0.004877605185285211,1.5794204955454916e-05,0.3,0.026350000000000002,1.9375584125518799,0.5161134722554973,
sb,528,3.01953125,,0.15065842121839523,,0.003977382320165634,1.5824174624867737e-05,0.3,0.026400000000000003,1.957847237586975,0.5107650795230014,
sb,529,2.875,,0.15338310971856117,,0.004056983252055943,1.585414429428056e-05,0.3,0.02645,2.078134298324585,0.4812008544424733,
sb,530,2.9453125,,0.16151688992977142,,0.004280197583138943,1.5884117601672187e-05,0.3,0.026500000000000003,1.6977198123931885,0.5890253460553961,
sb,531,3.0234375,,0.1727069728076458,,0.004585370128042996,1.591408727108501e-05,0.3,0.026550000000000004,1.9770305156707764,0.5058090869481169,
sb,532,3.0234375,,0.1582353264093399,,0.004209059682488442,1.594405694049783e-05,0.3,0.026600000000000002,2.0844287872314453,0.47974774006465715,
sb,533,2.8671875,,0.15844137966632843,,0.004222462768107654,1.5974026609910652e-05,0.3,0.026650000000000004,2.354051113128662,0.42479961221867674,
sb,534,2.66015625,,0.14972645789384842,,0.003997696425765753,1.6003996279323474e-05,0.3,0.0267,1.772513508796692,0.5641705944903467,
sb,535,2.5625,,0.1529444009065628,,0.004091262724250555,1.6033965948736295e-05,0.3,0.026750000000000003,2.1228981018066406,0.4710541684261597,
sb,536,3.14453125,,0.16579845175147057,,0.004443398506939412,1.6063935618149117e-05,0.3,0.026800000000000004,2.0177791118621826,0.4955943859866369,
sb,537,3.0703125,,0.15706726908683777,,0.004217256174981594,1.6093905287561938e-05,0.3,0.026850000000000002,2.042357921600342,0.4896301424073722,
sb,538,2.765625,,0.15818654745817184,,0.004255218126624823,1.612387495697476e-05,0.3,0.026900000000000004,2.0568597316741943,0.4861780240046041,
sb,539,2.79296875,,0.16669342666864395,,0.004492387848719955,1.615384826436639e-05,0.3,0.02695,2.009917974472046,0.49753274148547005,
sb,540,2.79296875,,0.14930884167551994,,0.004031338725239039,1.618381793377921e-05,0.3,0.027000000000000003,2.050611734390259,0.4876593570734374,
sb,541,2.74609375,,0.15609902516007423,,0.004222478630580008,1.621378760319203e-05,0.3,0.027050000000000005,1.8372094631195068,0.5443037498304851,
sb,542,2.63671875,,0.1634921357035637,,0.004430636877566577,1.6243757272604853e-05,0.3,0.027100000000000003,1.6580829620361328,0.6031061309332773,
sb,543,2.8515625,,0.15296224132180214,,0.004152924851886929,1.6273726942017674e-05,0.3,0.027150000000000004,1.7964715957641602,0.5566467081126505,
sb,544,3.01953125,,0.14648569002747536,,0.00398441076874733,1.6303696611430496e-05,0.3,0.027200000000000002,2.0536835193634033,0.4869299434754085,
sb,545,2.76171875,,0.13935798406600952,,0.0037975050657987597,1.6333666280843318e-05,0.3,0.027250000000000003,1.9313769340515137,0.5177653219158348,
sb,546,2.59375,,0.1543823555111885,,0.004214638305455447,1.636363595025614e-05,0.3,0.027300000000000005,1.8973771333694458,0.5270433496919803,
sb,547,2.9140625,,0.14606742560863495,,0.0039949440903961665,1.639360561966896e-05,0.3,0.027350000000000003,1.9678505659103394,0.5081686675417826,
sb,548,2.8359375,,0.1580665186047554,,0.004331022609770299,1.6423577108071186e-05,0.3,0.027400000000000004,2.1825718879699707,0.4581750573769686,
sb,549,3.0234375,,0.15242743864655495,,0.004184133190847933,1.6453546777484007e-05,0.3,0.027450000000000002,2.004084825515747,0.4989808750947715,
sb,550,2.828125,,0.1556507796049118,,0.004280396439135075,1.648351644689683e-05,0.3,0.027500000000000004,1.9759408235549927,0.5060880306126075,
sb,551,2.59765625,,0.15080729126930237,,0.004154740874469281,1.651348611630965e-05,0.3,0.027550000000000005,2.1895675659179688,0.4567111860650682,
sb,552,2.54296875,,0.14628449454903603,,0.004037452049553395,1.6543455785722472e-05,0.3,0.027600000000000003,1.9781780242919922,0.505515675394235,
sb,553,2.8984375,,0.16735754162073135,,0.004627436025813223,1.6573427274124697e-05,0.3,0.027650000000000004,1.840685248374939,0.5432759353522589,
sb,554,2.71484375,,0.1493225432932377,,0.004136234449222684,1.660339694353752e-05,0.3,0.027700000000000002,2.2259578704833984,0.44924480074855855,
sb,555,2.78515625,,0.1408131867647171,,0.0039075659327209005,1.663336661295034e-05,0.3,0.027750000000000004,2.0135552883148193,0.49663399152894283,
sb,556,2.380859375,,0.16014695912599564,,0.004452085463702679,1.666333628236316e-05,0.3,0.027800000000000005,2.503577947616577,0.3994283465198304,
sb,557,2.7421875,,0.15419072285294533,,0.004294211631454528,1.6693307770765387e-05,0.3,0.027850000000000003,2.290248394012451,0.4366338614686366,
sb,558,2.76953125,,0.1472512111067772,,0.004108308789879085,1.6723277440178208e-05,0.3,0.027900000000000005,2.030947685241699,0.49238097429426986,
sb,559,2.80078125,,0.1336153894662857,,0.003734550135582686,1.675324710959103e-05,0.3,0.027950000000000003,2.1315090656280518,0.469151183133884,
sb,560,2.9140625,,0.14877641201019287,,0.004165739536285401,1.678321677900385e-05,0.3,0.028000000000000004,2.032407760620117,0.4920272493423689,
sb,561,2.8359375,,0.1536061130464077,,0.004308651470951737,1.6813186448416673e-05,0.3,0.028050000000000005,1.9968929290771484,0.5007779763445523,
sb,562,2.765625,,0.1401166282594204,,0.003937277254089714,1.6843157936818898e-05,0.3,0.028100000000000003,2.000002384185791,0.4999994039542628,
sb,563,2.73828125,,0.14650962501764297,,0.004124245944246649,1.687312760623172e-05,0.3,0.028149999999999998,2.1327033042907715,0.46888847501108416,
sb,564,2.78125,,0.14305293560028076,,0.004034092783927918,1.690309727564454e-05,0.3,0.0282,2.204275131225586,0.45366387608973113,
sb,565,2.48828125,,0.14381219819188118,,0.004062694598920643,1.6933066945057362e-05,0.3,0.028249999999999997,1.9505200386047363,0.5126837869942259,
sb,566,2.71484375,,0.15695970505475998,,0.004441959653049707,1.6963036614470184e-05,0.3,0.0283,2.1871654987335205,0.45721277177198094,
sb,567,2.8359375,,0.13923409208655357,,0.003947286510653794,1.699300810287241e-05,0.3,0.02835,2.0718894004821777,0.48265124565397954,
sb,568,2.91015625,,0.14075501635670662,,0.003997442464530467,1.702297777228523e-05,0.3,0.028399999999999998,2.018606662750244,0.49539121140002246,
sb,569,2.79296875,,0.14558296278119087,,0.00414183529112488,1.7052947441698052e-05,0.3,0.02845,2.075751304626465,0.48175328025625486,
sb,570,2.875,,0.13847294077277184,,0.003946478812023997,1.7082917111110874e-05,0.3,0.028499999999999998,2.1134679317474365,0.47315598452122715,
sb,571,2.85546875,,0.13770234026014805,,0.003931401814427226,1.71128885995131e-05,0.3,0.02855,2.3140950202941895,0.4321343727159789,
sb,572,2.82421875,,0.14168159291148186,,0.004052093557268381,1.714285826892592e-05,0.3,0.0286,2.2995126247406006,0.43487475965164846,
sb,573,2.81640625,,0.1470508724451065,,0.004213007495552301,1.717282793833874e-05,0.3,0.02865,2.3941516876220703,0.41768447887828875,
sb,574,2.69140625,,0.13383018784224987,,0.003840926391072571,1.7202797607751563e-05,0.3,0.0287,2.1031298637390137,0.4754818127218102,
sb,575,2.6640625,,0.15220309793949127,,0.004375839065760374,1.7232767277164385e-05,0.3,0.028749999999999998,2.3364450931549072,0.42800064205647464,
sb,576,2.6484375,,0.13368165493011475,,0.0038500316619873047,1.7262736946577206e-05,0.3,0.0288,2.619044065475464,0.3818186998768419,
sb,577,2.71875,,0.14781982451677322,,0.004264601937308907,1.7292706615990028e-05,0.3,0.02885,2.168945074081421,0.46105363014944684,
sb,578,2.4921875,,0.14353887736797333,,0.004148273555934429,1.732267628540285e-05,0.3,0.0289,2.430553436279297,0.41142893016612914,
sb,579,2.64453125,,0.1355491243302822,,0.00392414714936167,1.735264595481567e-05,0.3,0.02895,2.1936891078948975,0.45585310899392556,
sb,580,2.91015625,,0.13718470931053162,,0.003978356570005417,1.73826192622073e-05,0.3,0.028999999999999998,2.161630868911743,0.4626136748793944,
sb,581,2.484375,,0.13519031181931496,,0.003927278558351099,1.741258893162012e-05,0.3,0.02905,2.0451619625091553,0.48895882982936295,
sb,582,2.78125,,0.13733447343111038,,0.0039964331768453125,1.7442558601032943e-05,0.3,0.0291,2.2657411098480225,0.4413566914832014,
sb,583,2.75,,0.1396767795085907,,0.004071578122675419,1.7472528270445764e-05,0.3,0.02915,2.1942813396453857,0.4557300752334741,
sb,584,2.2421875,,0.13195272535085678,,0.003853019580245018,1.7502497939858586e-05,0.3,0.0292,2.381498336791992,0.4199037154680756,
sb,585,3.015625,,0.14642976596951485,,0.004283070654608309,1.7532467609271407e-05,0.3,0.029249999999999998,2.840628147125244,0.3520348135013779,
sb,586,2.5703125,,0.13300899229943752,,0.0038971634743735196,1.756243727868423e-05,0.3,0.0293,2.365246057510376,0.42278899348534826,
sb,587,2.6953125,,0.13758281245827675,,0.004038055545650423,1.759240694809705e-05,0.3,0.02935,2.281604766845703,0.4382880043604092,
sb,588,2.60546875,,0.14444803819060326,,0.004246772322803735,1.7622376617509872e-05,0.3,0.0294,2.1983072757720947,0.4548954602576101,
sb,589,2.80078125,,0.1410801000893116,,0.004154808947630226,1.7652346286922693e-05,0.3,0.02945,2.446072578430176,0.40881861348602067,
sb,590,2.43359375,,0.13966459408402443,,0.00412010552547872,1.7682319594314322e-05,0.3,0.0295,2.5084383487701416,0.3986544060332551,
sb,591,2.51171875,,0.13410750962793827,,0.003962876909505576,1.7712289263727143e-05,0.3,0.02955,2.014498710632324,0.4964014098009094,
sb,592,2.361328125,,0.15225182473659515,,0.004506654012203216,1.7742258933139965e-05,0.3,0.0296,1.8948043584823608,0.5277589718027395,
sb,593,2.625,,0.13189992122352123,,0.003910832664277404,1.7772228602552786e-05,0.3,0.02965,2.547960042953491,0.3924708328003609,
sb,594,2.44921875,,0.13113101571798325,,0.0038945911668241025,1.7802198271965608e-05,0.3,0.0297,2.4379634857177734,0.410178415656453,
sb,595,2.5390625,,0.1516540553420782,,0.004511708146426826,1.783216794137843e-05,0.3,0.02975,2.030364751815796,0.49252234068074713,
sb,596,3.01953125,,0.13596460223197937,,0.004051745146512986,1.786213761079125e-05,0.3,0.0298,2.5570437908172607,0.391076603220936,
sb,597,2.71484375,,0.13236073404550552,,0.00395096791125834,1.7892107280204073e-05,0.3,0.02985,2.5326526165008545,0.39484293798713416,
sb,598,2.86328125,,0.12965822406113148,,0.003876780899427831,1.7922076949616894e-05,0.3,0.0299,2.754343032836914,0.36306298383248997,
sb,599,2.58203125,,0.126596849411726,,0.0037915756398811938,1.795204843801912e-05,0.3,0.02995,2.397228240966797,0.41714843122184403,
sb,600,2.75,,0.13631247729063034,,0.00408937431871891,1.798201810743194e-05,0.3,0.03,2.2142419815063477,0.45162182288662983,
sb,601,2.515625,,0.131294384598732,,0.003945396257191897,1.8011987776844762e-05,0.3,0.03005,2.3702189922332764,0.4219019437768391,
sb,602,2.61328125,,0.13764778152108192,,0.004143198223784566,1.8041957446257584e-05,0.3,0.030100000000000002,2.1606619358062744,0.46282113061192015,
sb,603,2.546875,,0.12007542699575424,,0.0036202741239219904,1.807192893465981e-05,0.3,0.03015,2.174295425415039,0.4599191022117501,
sb,604,2.7890625,,0.13418545201420784,,0.004052400650829077,1.810189860407263e-05,0.3,0.0302,2.0490493774414062,0.4880311870515651,
sb,605,2.59765625,,0.12294545583426952,,0.003719100038986653,1.8131868273485452e-05,0.3,0.03025,2.2310264110565186,0.4482241873266049,
sb,606,2.4921875,,0.13889122754335403,,0.004208404194563627,1.8161837942898273e-05,0.3,0.0303,2.5653069019317627,0.38981690621382037,
sb,607,2.85546875,,0.12922564893960953,,0.00392199844531715,1.8191807612311095e-05,0.3,0.030350000000000002,2.50976300239563,0.39844399612452475,
sb,608,2.73828125,,0.13567455112934113,,0.00412450635433197,1.822177910071332e-05,0.3,0.0304,1.9669262170791626,0.5084074793028971,
sb,609,2.48828125,,0.13952456414699554,,0.004248522978276014,1.825174877012614e-05,0.3,0.03045,2.179734945297241,0.45877137592232997,
sb,610,2.6171875,,0.13229454681277275,,0.004034983677789569,1.8281718439538963e-05,0.3,0.0305,2.432509183883667,0.41109813957759933,
sb,611,2.46484375,,0.1302930898964405,,0.003980453896336258,1.8311688108951785e-05,0.3,0.03055,2.4265084266662598,0.4121147855949891,
sb,612,2.640625,,0.1251685880124569,,0.003830158793181181,1.8341657778364606e-05,0.3,0.030600000000000002,2.2909929752349854,0.4364919538426043,
sb,613,2.46484375,,0.13794086128473282,,0.004227887398377061,1.837162926676683e-05,0.3,0.03065,2.218938112258911,0.4506660165397698,
sb,614,2.7265625,,0.12798237428069115,,0.003929058890417218,1.8401598936179653e-05,0.3,0.0307,2.498002767562866,0.40031981268604955,
sb,615,2.83984375,,0.12640996277332306,,0.003887106355279684,1.8431568605592474e-05,0.3,0.03075,2.3001294136047363,0.43475814625265435,
sb,616,2.6328125,,0.13110125809907913,,0.004037918749451638,1.8461538275005296e-05,0.3,0.0308,2.2691571712493896,0.4406922590775868,
sb,617,2.6484375,,0.13542357459664345,,0.00417781727630645,1.849150976340752e-05,0.3,0.030850000000000002,2.475921154022217,0.4038900828386504,
sb,618,2.53125,,0.13522564247250557,,0.004178472352400422,1.8521479432820342e-05,0.3,0.0309,2.248204469680786,0.4447994003596951,
sb,619,2.53125,,0.12040508165955544,,0.003726537277363241,1.8551449102233164e-05,0.3,0.030950000000000002,2.1329128742218018,0.468842404247221,
sb,620,2.58203125,,0.12850737012922764,,0.003983728474006056,1.8581418771645986e-05,0.3,0.031,2.4155356884002686,0.41398684556892956,
sb,621,2.38671875,,0.12617033161222935,,0.0039175887965597215,1.8611388441058807e-05,0.3,0.03105,2.777420997619629,0.36004624464819834,
sb,622,2.265625,,0.12821810692548752,,0.003987583125382662,1.8641359929461032e-05,0.3,0.031100000000000003,2.4568567276000977,0.40702414136164067,
sb,623,2.578125,,0.12038610130548477,,0.003750027055665851,1.8671329598873854e-05,0.3,0.03115,3.309455156326294,0.30216454152231625,
sb,624,2.5078125,,0.13276822119951248,,0.004142368501424789,1.8701299268286675e-05,0.3,0.031200000000000002,2.569654941558838,0.38915730817670285,
sb,625,2.859375,,0.12221602164208889,,0.003819250676315278,1.8731268937699497e-05,0.3,0.03125,3.2455546855926514,0.3081137422946845,
sb,626,2.48828125,,0.1463751457631588,,0.004581542062386871,1.8761238607112318e-05,0.3,0.0313,3.144501209259033,0.31801546046650714,
sb,627,2.640625,,0.12914533913135529,,0.004048706381767989,1.879120827652514e-05,0.3,0.03135,2.900249719619751,0.3447978955864218,
sb,628,2.53515625,,0.12953988835215569,,0.004067552494257689,1.882117794593796e-05,0.3,0.031400000000000004,2.599348783493042,0.38471174255275803,
sb,629,2.74609375,,0.13731851242482662,,0.004318667215760797,1.8851147615350783e-05,0.3,0.03145,2.6139638423919678,0.38256076223492325,
sb,630,2.30859375,,0.13235869631171227,,0.004169298933818936,1.8881117284763604e-05,0.3,0.0315,2.419088363647461,0.41337886413219593,
sb,631,2.68359375,,0.13077997788786888,,0.0041261083023622636,1.8911090592155233e-05,0.3,0.03155,2.8232455253601074,0.35420227926242764,
sb,632,2.40625,,0.13588163629174232,,0.004293859706819058,1.8941060261568055e-05,0.3,0.0316,2.505187511444092,0.3991717168602519,
sb,633,2.69921875,,0.1364736147224903,,0.004319389905966819,1.8971029930980876e-05,0.3,0.031650000000000005,2.3603525161743164,0.4236655301051431,
sb,634,2.765625,,0.12280863337218761,,0.0038930336778983474,1.9000999600393698e-05,0.3,0.0317,2.573024034500122,0.3886477493375908,
sb,635,2.44921875,,0.12019181624054909,,0.0038160901656374337,1.903096926980652e-05,0.3,0.03175,2.4913830757141113,0.40138347641033384,
sb,636,2.37890625,,0.13043659552931786,,0.004147883737832308,1.906093893921934e-05,0.3,0.0318,2.3076581954956055,0.4333397389405126,
sb,637,2.625,,0.1429682895541191,,0.004553540022298694,1.9090908608632162e-05,0.3,0.03185,2.762643575668335,0.36197213741482426,
sb,638,2.41796875,,0.11715916357934475,,0.003737377318181098,1.9120878278044984e-05,0.3,0.031900000000000005,2.4123663902282715,0.4145307296813128,
sb,639,2.84765625,,0.13134846463799477,,0.0041965834451839325,1.9150847947457805e-05,0.3,0.03195,2.680300235748291,0.37309253144949195,
sb,640,2.7890625,,0.12169421464204788,,0.0038942148685455324,1.9180821254849434e-05,0.3,0.032,2.6564812660217285,0.3764378137315351,
sb,641,2.39453125,,0.13442829623818398,,0.004308426894433797,1.9210790924262255e-05,0.3,0.03205,2.4333155155181885,0.4109619133329055,
sb,642,2.55859375,,0.11747195571660995,,0.00377084977850318,1.9240760593675077e-05,0.3,0.032100000000000004,2.3504092693328857,0.4254578183670238,
sb,643,2.5390625,,0.12102009169757366,,0.003890795948076994,1.92707302630879e-05,0.3,0.032150000000000005,2.480947494506836,0.4030718111584947,
sb,644,2.38671875,,0.13422317057847977,,0.004321986092627048,1.930069993250072e-05,0.3,0.0322,2.5731313228607178,0.38863154442045145,
sb,645,2.734375,,0.12797853536903858,,0.004127307765651495,1.933066960191354e-05,0.3,0.03225,2.429243803024292,0.41165073623118764,
sb,646,2.83203125,,0.12675749137997627,,0.004094266971573234,1.9360639271326363e-05,0.3,0.0323,2.5201494693756104,0.39680186121966765,
sb,647,2.328125,,0.11806005239486694,,0.003819242694973946,1.9390608940739185e-05,0.3,0.032350000000000004,2.8083603382110596,0.35607966199843333,
sb,648,2.46875,,0.11779905669391155,,0.0038166894368827347,1.9420578610152006e-05,0.3,0.032400000000000005,2.6890246868133545,0.3718820451533512,
sb,649,2.5390625,,0.12284661456942558,,0.00398637264277786,1.9450548279564828e-05,0.3,0.03245,2.497288465499878,0.40043431658578205,
sb,650,2.49609375,,0.12247690558433533,,0.003980499431490898,1.9480521586956456e-05,0.3,0.0325,3.332186698913574,0.30010323260879707,
sb,651,2.447265625,,0.12463615834712982,,0.004056906954199076,1.9510491256369278e-05,0.3,0.03255,2.650724411010742,0.37725536304194374,
sb,652,2.533203125,,0.12065867148339748,,0.003933472690358758,1.95404609257821e-05,0.3,0.032600000000000004,3.338369131088257,0.2995474618692078,
sb,653,2.6015625,,0.11639430746436119,,0.0038002741387113937,1.957043059519492e-05,0.3,0.032650000000000005,2.5881311893463135,0.3863791774220575,
sb,654,2.4375,,0.12912174686789513,,0.0042222811225801704,1.9600400264607742e-05,0.3,0.0327,2.973477840423584,0.3363065251085059,
sb,655,2.5234375,,0.11323315277695656,,0.0037083857534453276,1.9630369934020564e-05,0.3,0.03275,2.8178763389587402,0.35487717689184306,
sb,656,2.35546875,,0.11090522445738316,,0.0036376913622021678,1.9660339603433385e-05,0.3,0.0328,2.7737114429473877,0.36052776958564403,
sb,657,2.67578125,,0.12192313373088837,,0.0040051749430596835,1.9690309272846207e-05,0.3,0.032850000000000004,3.2031943798065186,0.31218835993974325,
sb,658,2.47265625,,0.11833331175148487,,0.003893165956623853,1.972027894225903e-05,0.3,0.032900000000000006,3.013636589050293,0.3318250128875481,
sb,659,2.578125,,0.13966475054621696,,0.004601953530497849,1.9750250430661254e-05,0.3,0.03295,2.842921257019043,0.35175086103107694,
sb,660,2.3984375,,0.1206312496215105,,0.003980831237509847,1.9780220100074075e-05,0.3,0.033,2.5943565368652344,0.3854520324366449,
sb,661,2.21484375,,0.11463649198412895,,0.0037887360600754624,1.9810189769486897e-05,0.3,0.03305,2.851801633834839,0.35065552531271,
sb,662,2.51171875,,0.1256043091416359,,0.004157502632588149,1.9840159438899718e-05,0.3,0.033100000000000004,2.447723388671875,0.40854289525851856,
sb,663,2.318359375,,0.12146611884236336,,0.004026601839624346,1.9870130927301943e-05,0.3,0.033150000000000006,2.575477123260498,0.3882775703843262,
sb,664,2.59765625,,0.1256429050117731,,0.004171344446390867,1.9900100596714765e-05,0.3,0.0332,2.839299201965332,0.35219958478057223,
sb,665,2.4921875,,0.11437267065048218,,0.003802891299128533,1.9930070266127586e-05,0.3,0.03325,2.790642023086548,0.3583404792614586,
sb,666,2.61328125,,0.1203480213880539,,0.004007589112222195,1.9960039935540408e-05,0.3,0.0333,2.286642074584961,0.4373224874651648,
sb,667,2.4453125,,0.13051363453269005,,0.004352629711665214,1.999000960495323e-05,0.3,0.033350000000000005,2.8079724311828613,0.3561288525823414,
sb,668,2.5859375,,0.1248012613505125,,0.004168362129107118,2.0019981093355455e-05,0.3,0.033400000000000006,2.9115779399871826,0.34345637335210827,
sb,669,2.4765625,,0.1142592802643776,,0.0038219729248434304,2.0049950762768276e-05,0.3,0.03345,2.8124327659606934,0.35556405546939784,
sb,670,2.37109375,,0.11716928705573082,,0.003925171116366983,2.0079920432181098e-05,0.3,0.0335,8.289483070373535,0.12063478404027173,
sb,671,2.48828125,,0.11445726454257965,,0.0038400412254035476,2.010989010159392e-05,0.3,0.03355,2.787667751312256,0.35872280673665785,
sb,672,2.4375,,0.10788725689053535,,0.0036250118315219884,2.013985977100674e-05,0.3,0.033600000000000005,2.7336478233337402,0.36581156923881997,
sb,673,2.578125,,0.1292943563312292,,0.004350755090545864,2.0169831259408966e-05,0.3,0.033650000000000006,2.907426357269287,0.3439468028140255,
sb,674,2.328125,,0.11547591350972652,,0.003891538285277784,2.0199800928821787e-05,0.3,0.0337,2.9222354888916016,0.3422037696145077,
sb,675,2.3828125,,0.1133793517947197,,0.00382655312307179,2.022977059823461e-05,0.3,0.03375,2.859184503555298,0.3497500769035836,
sb,676,2.5234375,,0.12994669564068317,,0.004392198312655092,2.025974026764743e-05,0.3,0.033800000000000004,2.7320780754089355,0.3660217506230384,
sb,677,2.6484375,,0.12090697325766087,,0.004092701044771821,2.0289711756049655e-05,0.3,0.033850000000000005,2.807018280029297,0.3562499065697438,
sb,678,2.33984375,,0.11095422320067883,,0.003761348166503013,2.0319681425462477e-05,0.3,0.033900000000000007,2.8924174308776855,0.34573156326766996,
sb,679,2.3515625,,0.11400124803185463,,0.003870342370681465,2.03496510948753e-05,0.3,0.03395,2.9381887912750244,0.34034572692180576,
sb,680,2.31640625,,0.10669067688286304,,0.0036274830140173436,2.037962076428812e-05,0.3,0.034,3.164989709854126,0.31595679344123045,
sb,681,2.37109375,,0.11784487776458263,,0.004012618087884039,2.040959043370094e-05,0.3,0.034050000000000004,2.987152338027954,0.33476699104678936,
sb,682,1.984375,,0.12015347927808762,,0.0040972336433827885,2.0439561922103167e-05,0.3,0.034100000000000005,2.8967835903167725,0.3452104614727698,
sb,683,2.3203125,,0.12391798384487629,,0.004231799148302526,2.0469531591515988e-05,0.3,0.03415000000000001,2.748220443725586,0.3638718292351993,
sb,684,2.328125,,0.13154999911785126,,0.004499009969830513,2.049950126092881e-05,0.3,0.0342,2.9708311557769775,0.3366061373280787,
sb,685,2.5703125,,0.11785874515771866,,0.004036662021651864,2.052947093034163e-05,0.3,0.03425,2.9869487285614014,0.3347898108989732,
sb,686,2.53515625,,0.11971467733383179,,0.00410621343255043,2.0559440599754453e-05,0.3,0.034300000000000004,3.2494843006134033,0.30774113905127365,
sb,687,2.45703125,,0.1134622897952795,,0.0038974296544678514,2.0589410269167274e-05,0.3,0.034350000000000006,2.7973785400390625,0.3574775403782271,
sb,688,2.515625,,0.11798066087067127,,0.004058534733951092,2.0619379938580096e-05,0.3,0.0344,3.1041300296783447,0.32215145320559324,
sb,689,2.58984375,,0.10733473114669323,,0.003697681488003582,2.0649349607992917e-05,0.3,0.03445,3.224045515060425,0.3101693184319881,
sb,690,2.3984375,,0.12422364018857479,,0.00428571558650583,2.067931927740574e-05,0.3,0.034499999999999996,2.9513113498687744,0.3388324312324633,
sb,691,2.3359375,,0.11293728835880756,,0.003901983312796801,2.0709292584797367e-05,0.3,0.03455,2.633355140686035,0.37974369068179786,
sb,692,2.322265625,,0.12071596831083298,,0.004176772503554821,2.073926225421019e-05,0.3,0.0346,3.0284483432769775,0.330202099111235,
sb,693,2.208984375,,0.12006091326475143,,0.004160110644623637,2.076923192362301e-05,0.3,0.03465,2.839224100112915,0.35220890100229507,
sb,694,2.3984375,,0.11686878278851509,,0.004055346762761474,2.0799201593035832e-05,0.3,0.0347,2.7850403785705566,0.3590612214079487,
sb,695,2.30859375,,0.11994819715619087,,0.004168199851177633,2.0829171262448654e-05,0.3,0.034749999999999996,3.2296953201293945,0.30962672973125405,
sb,696,2.232421875,,0.10835956037044525,,0.0037709127008914945,2.0859140931861475e-05,0.3,0.0348,3.1663570404052734,0.3158203535606352,
sb,697,2.421875,,0.11898946203291416,,0.0041467827518470585,2.0889110601274297e-05,0.3,0.03485,3.233461856842041,0.30926605733232604,
sb,698,2.35546875,,0.1219799816608429,,0.004257101359963417,2.0919080270687118e-05,0.3,0.0349,4.067049980163574,0.2458784634753322,
sb,699,2.421875,,0.10772247239947319,,0.0037649004103615883,2.094904994009994e-05,0.3,0.03495,3.25899338722229,0.3068432123614468,
sb,700,2.51953125,,0.10768387652933598,,0.003768935678526759,2.097902324749157e-05,0.3,0.034999999999999996,3.4703731536865234,0.2881534508580772,
sb,701,2.5078125,,0.10891648754477501,,0.003817522888444364,2.100899291690439e-05,0.3,0.03505,3.1612467765808105,0.31633088799274167,
sb,702,2.4296875,,0.12633664533495903,,0.004434416251257062,2.103896258631721e-05,0.3,0.0351,3.237591505050659,0.30887157890054845,
sb,703,2.265625,,0.11643094569444656,,0.004092547741159797,2.1068932255730033e-05,0.3,0.03515,3.2567381858825684,0.3070556928201468,
sb,704,2.376953125,,0.11003340594470501,,0.0038731758892536165,2.1098901925142854e-05,0.3,0.0352,3.2808239459991455,0.30480148171908655,
sb,705,2.205078125,,0.11848109029233456,,0.004176458432804793,2.1128871594555676e-05,0.3,0.03525,2.983660936355591,0.33515872658823476,
sb,706,2.3203125,,0.11342457868158817,,0.0040038876274600625,2.1158841263968498e-05,0.3,0.0353,3.446200132369995,0.290174674014735,
sb,707,2.53515625,,0.10966083593666553,,0.0038765105503611266,2.118881093338132e-05,0.3,0.03535,3.8468005657196045,0.259956289107214,
sb,708,2.33203125,,0.11784738674759865,,0.004171797490864992,2.121878060279414e-05,0.3,0.0354,3.2845771312713623,0.30445319443995816,
sb,709,2.47265625,,0.1072180587798357,,0.0038008801837451757,2.1248750272206962e-05,0.3,0.03545,3.2431907653808594,0.30833832245528314,
sb,710,2.01171875,,0.11664019152522087,,0.00414072679914534,2.1278721760609187e-05,0.3,0.0355,3.2950375080108643,0.3034866818871741,
sb,711,2.298828125,,0.11764944717288017,,0.00418243784699589,2.130869143002201e-05,0.3,0.03555,3.1130640506744385,0.3212269274650331,
sb,712,2.51953125,,0.10827386751770973,,0.0038545496836304666,2.133866109943483e-05,0.3,0.0356,3.0134119987487793,0.33184974388341765,
sb,713,2.3125,,0.1157379113137722,,0.0041260565383359794,2.1368630768847652e-05,0.3,0.03565,4.2115607261657715,0.23744166712049422,
sb,714,2.1484375,,0.10695192590355873,,0.003818183754757047,2.1398602257249877e-05,0.3,0.0357,3.128406524658203,0.3196515517142568,
sb,715,2.384765625,,0.11802826635539532,,0.004219510522205382,2.14285719266627e-05,0.3,0.03575,3.4485280513763428,0.28997879243026303,
sb,716,2.34375,,0.11180756241083145,,0.004002710734307766,2.145854159607552e-05,0.3,0.0358,3.5462334156036377,0.2819893342609487,
sb,717,2.388671875,,0.12886227667331696,,0.004619712618738413,2.148851126548834e-05,0.3,0.03585,3.5098395347595215,0.2849133101660488,
sb,718,2.29296875,,0.12217464111745358,,0.004386069616116583,2.1518480934901163e-05,0.3,0.0359,3.244727611541748,0.30819227982124675,
sb,719,2.37109375,,0.11655368097126484,,0.0041901048309169716,2.1548452423303388e-05,0.3,0.03595,2.9247963428497314,0.3419041474271214,
sb,720,2.37890625,,0.1079950500279665,,0.0038878218010067935,2.157842209271621e-05,0.3,0.036,3.438080072402954,0.2908600087667757,
sb,721,2.181640625,,0.09984833560883999,,0.0035995324986986816,2.160839176212903e-05,0.3,0.03605,3.5979843139648438,0.27793339624041813,
sb,722,2.35546875,,0.12290490046143532,,0.004436866906657815,2.1638361431541853e-05,0.3,0.0361,2.8811275959014893,0.3470863287771555,
sb,723,2.3359375,,0.10795300453901291,,0.0039025011140853168,2.1668332919944078e-05,0.3,0.03615,3.3839428424835205,0.29551326560412194,
sb,724,2.18359375,,0.10533984936773777,,0.0038133025471121075,2.16983025893569e-05,0.3,0.0362,3.329850196838379,0.3003138101976715,
sb,725,2.25,,0.10708802565932274,,0.003881940930150449,2.172827225876972e-05,0.3,0.03625,3.186682939529419,0.3138059289160631,
sb,726,2.134765625,,0.11689000390470028,,0.00424310714174062,2.1758241928182542e-05,0.3,0.0363,4.039218425750732,0.24757264762529874,
sb,727,2.26171875,,0.1073621828109026,,0.0039026153451763093,2.1788211597595364e-05,0.3,0.03635,3.054116725921631,0.32742690923125517,
sb,728,2.421875,,0.10636583529412746,,0.0038717164047062397,2.181818308599759e-05,0.3,0.0364,3.5602118968963623,0.28088215784901915,
sb,729,2.15234375,,0.10788873210549355,,0.00393254428524524,2.184815275541041e-05,0.3,0.03645,3.8075428009033203,0.26263657489621783,
sb,730,2.138671875,,0.11803330108523369,,0.0043082154896110295,2.1878122424823232e-05,0.3,0.0365,3.4290413856506348,0.29162669315822726,
sb,731,2.083984375,,0.11454298160970211,,0.004186545977834612,2.1908092094236054e-05,0.3,0.03655,4.380903720855713,0.2282634049315907,
sb,732,1.82421875,,0.09723857790231705,,0.0035589319512248038,2.1938061763648875e-05,0.3,0.0366,3.3336379528045654,0.2999725867527718,
sb,733,2.224609375,,0.11494663916528225,,0.004212794325407595,2.19680332520511e-05,0.3,0.03665,3.589050531387329,0.27862522169991716,
sb,734,2.35546875,,0.11198168061673641,,0.004109727678634227,2.199800292146392e-05,0.3,0.0367,4.002864360809326,0.24982110555397716,
sb,735,2.23046875,,0.10403770580887794,,0.003823385688476264,2.2027972590876743e-05,0.3,0.03675,3.9326045513153076,0.2542844028559998,
sb,736,2.005859375,,0.1032659038901329,,0.003800185263156891,2.2057942260289565e-05,0.3,0.0368,3.585305690765381,0.2789162448757676,
sb,737,2.03125,,0.1074505839496851,,0.003959554018545896,2.2087911929702386e-05,0.3,0.03685,3.6508305072784424,0.2739102782247381,
sb,738,2.16015625,,0.10874277912080288,,0.004012608549557627,2.2117881599115208e-05,0.3,0.0369,3.455167055130005,0.2894216065516328,
sb,739,2.10546875,,0.10959598422050476,,0.004049571616947651,2.214785126852803e-05,0.3,0.036950000000000004,3.2230072021484375,0.31026924151252466,
sb,740,2.33203125,,0.10974234901368618,,0.004060466913506388,2.217782093794085e-05,0.3,0.037,3.6923365592956543,0.2708312159362739,
sb,741,2.177734375,,0.09787801280617714,,0.003626380374468863,2.2207790607353672e-05,0.3,0.03705,3.819463014602661,0.26181690886304604,
sb,742,2.017578125,,0.1169974897056818,,0.004340606868080795,2.22377639147453e-05,0.3,0.0371,3.252748727798462,0.30743229301847236,
sb,743,2.046875,,0.10134113021194935,,0.0037648229873739184,2.2267733584158123e-05,0.3,0.03715,3.040574312210083,0.3288852359188473,
sb,744,2.234375,,0.10152808204293251,,0.0037768446519970897,2.2297703253570944e-05,0.3,0.037200000000000004,3.167520523071289,0.31570434752238974,
sb,745,2.09375,,0.11493049934506416,,0.0042811611006036395,2.2327672922983766e-05,0.3,0.03725,4.186776638031006,0.23884722937364264,
sb,746,2.2734375,,0.10667682997882366,,0.003979045758210123,2.2357642592396587e-05,0.3,0.0373,3.6168999671936035,0.27647986095006993,
sb,747,2.17578125,,0.11080144718289375,,0.004138434052281082,2.238761226180941e-05,0.3,0.03735,3.275484561920166,0.3052983401679587,
sb,748,2.0546875,,0.10948510468006134,,0.004094742915034294,2.241758193122223e-05,0.3,0.0374,3.4805572032928467,0.2873103188920243,
sb,749,2.283203125,,0.11227344535291195,,0.004204640528466553,2.2447551600635052e-05,0.3,0.037450000000000004,3.3803462982177734,0.29582767911300445,
sb,750,2.296875,,0.10737277567386627,,0.004026479087769986,2.2477521270047873e-05,0.3,0.037500000000000006,4.389805793762207,0.227800510314368,
sb,751,2.08203125,,0.1029567513614893,,0.003866026013623923,2.2507494577439502e-05,0.3,0.03755,3.91681170463562,0.2553096945703265,
sb,752,1.875,,0.11222453229129314,,0.004219642414152623,2.2537464246852323e-05,0.3,0.0376,3.425204277038574,0.2919533899638238,
sb,753,1.953125,,0.12339097633957863,,0.004645670259185135,2.2567433916265145e-05,0.3,0.03765,3.213926076889038,0.31114592435429106,
sb,754,2.3671875,,0.10750299133360386,,0.004052862773276866,2.2597403585677966e-05,0.3,0.037700000000000004,5.692990303039551,0.1756546115081364,
sb,755,2.31640625,,0.09726924449205399,,0.0036719139795750384,2.2627373255090788e-05,0.3,0.037750000000000006,3.400268793106079,0.29409439689811095,
sb,756,2.04296875,,0.10258979722857475,,0.003877894335240126,2.265734292450361e-05,0.3,0.0378,4.36915922164917,0.2288769873720791,
sb,757,1.9921875,,0.10256922990083694,,0.0038822453517466785,2.268731259391643e-05,0.3,0.03785,4.586740493774414,0.21801974656235745,
sb,758,2.125,,0.10235846042633057,,0.0038793856501579287,2.2717282263329253e-05,0.3,0.0379,3.789323091506958,0.2638993761818063,
sb,759,2.09765625,,0.10527160204946995,,0.003995057297777385,2.2747251932742074e-05,0.3,0.037950000000000005,3.7272603511810303,0.26829357377279456,
sb,760,2.50390625,,0.10321983508765697,,0.003922353733330965,2.27772234211443e-05,0.3,0.038000000000000006,4.045660018920898,0.2471784567470231,
sb,761,2.14453125,,0.10582805052399635,,0.004026757322438061,2.280719309055712e-05,0.3,0.03805,4.007055282592773,0.24955982123434742,
sb,762,2.39453125,,0.11471426859498024,,0.004370613633468748,2.2837162759969942e-05,0.3,0.0381,3.554410696029663,0.2813405893463625,
sb,763,2.013671875,,0.10374892689287663,,0.003958021560963244,2.2867132429382764e-05,0.3,0.03815,3.520524501800537,0.2840485840926714,
sb,764,2.3125,,0.10589197650551796,,0.004045073502510786,2.2897102098795585e-05,0.3,0.038200000000000005,3.8652210235595703,0.25871741716831426,
sb,765,1.970703125,,0.09897333011031151,,0.0037857298767194156,2.292707358719781e-05,0.3,0.038250000000000006,4.542415618896484,0.22014718244627202,
sb,766,2.35546875,,0.10688784532248974,,0.004093804475851357,2.2957043256610632e-05,0.3,0.0383,3.757113218307495,0.2661617954783061,
sb,767,2.33203125,,0.09920888021588326,,0.003804660556279123,2.2987012926023453e-05,0.3,0.03835,3.8993847370147705,0.2564507140081705,
sb,768,1.94921875,,0.09262700565159321,,0.0035568770170211796,2.3016982595436275e-05,0.3,0.038400000000000004,3.5654468536376953,0.280469753455934,
sb,769,2.1640625,,0.1085297279059887,,0.004172968037985266,2.3046952264849097e-05,0.3,0.038450000000000005,3.700685501098633,0.27022020641935857,
sb,770,1.986328125,,0.11675220169126987,,0.004494959765113891,2.307692375325132e-05,0.3,0.038500000000000006,4.208649635314941,0.2376059037105302,
sb,771,2.177734375,,0.09553686901926994,,0.0036829463006928563,2.3106893422664143e-05,0.3,0.03855,4.361334323883057,0.22928762753268206,
sb,772,2.3046875,,0.10456260666251183,,0.004036116617172957,2.3136863092076965e-05,0.3,0.0386,4.265624523162842,0.23443226063847922,
sb,773,2.38671875,,0.11388212256133556,,0.00440154403699562,2.3166832761489786e-05,0.3,0.038650000000000004,4.117168426513672,0.24288537567718066,
sb,774,2.474609375,,0.1048122439533472,,0.004056233840994537,2.319680424989201e-05,0.3,0.038700000000000005,3.807462692260742,0.26264210074406114,
sb,775,1.947265625,,0.10306277871131897,,0.003993682675063611,2.3226773919304833e-05,0.3,0.03875000000000001,3.7693862915039062,0.2652951761017364,
sb,776,2.1484375,,0.09276639297604561,,0.00359933604747057,2.3256743588717654e-05,0.3,0.0388,3.620718002319336,0.27618831385361314,
sb,777,2.013671875,,0.10690518096089363,,0.004153266280330718,2.3286713258130476e-05,0.3,0.03885,4.1336517333984375,0.24191684846605613,
sb,778,2.029296875,,0.10147634521126747,,0.003947429828718305,2.3316682927543297e-05,0.3,0.038900000000000004,4.186091899871826,0.2388862987051524,
sb,779,1.869140625,,0.0931694433093071,,0.003628949816897512,2.3346654415945522e-05,0.3,0.038950000000000005,3.7925968170166016,0.26367158130629803,
sb,780,2.13671875,,0.09687945619225502,,0.0037782987914979464,2.3376624085358344e-05,0.3,0.03900000000000001,4.653585433959961,0.2148880716151485,
sb,781,1.88671875,,0.11121026240289211,,0.004342760746832937,2.3406593754771166e-05,0.3,0.03905,4.383337020874023,0.22813669020608485,
sb,782,2.203125,,0.10711464285850525,,0.004188182535767556,2.3436563424183987e-05,0.3,0.0391,3.950223922729492,0.25315020605440225,
sb,783,1.837890625,,0.09996887482702732,,0.00391378144947812,2.3466534912586212e-05,0.3,0.039150000000000004,3.608673334121704,0.2771101475283256,
sb,784,2.248046875,,0.09446296840906143,,0.0037029483616352085,2.3496504581999034e-05,0.3,0.039200000000000006,3.7425408363342285,0.26719815326837887,
sb,785,2.185546875,,0.10521603748202324,,0.004129729471169413,2.3526474251411855e-05,0.3,0.03925000000000001,3.5679280757904053,0.28027470811010374,
sb,786,2.095703125,,0.10020589828491211,,0.0039380918025970464,2.3556443920824677e-05,0.3,0.0393,4.467331886291504,0.22384725949478015,
sb,787,2.2734375,,0.10076694563031197,,0.003965179310552776,2.3586413590237498e-05,0.3,0.03935,4.922368049621582,0.20315425216464203,
sb,788,2.00390625,,0.11082773841917515,,0.0043666128937155015,2.3616385078639723e-05,0.3,0.039400000000000004,3.9785406589508057,0.251348442990077,
sb,789,1.919921875,,0.10085826180875301,,0.003978858428355307,2.3646354748052545e-05,0.3,0.039450000000000006,3.65906023979187,0.2732942161282594,
sb,790,2.1953125,,0.10687487199902534,,0.004221557443961502,2.3676324417465366e-05,0.3,0.03950000000000001,3.966651439666748,0.25210180808929694,
sb,791,2.05078125,,0.10046994686126709,,0.003973586398363114,2.3706294086878188e-05,0.3,0.03955,5.456864833831787,0.18325540955314523,
sb,792,2.17578125,,0.10091543197631836,,0.0039962511062622075,2.373626375629101e-05,0.3,0.0396,3.846667528152466,0.259965279734039,
sb,793,2.087890625,,0.10142275132238865,,0.004021412089932711,2.3766235244693235e-05,0.3,0.039650000000000005,6.450474739074707,0.15502734921855468,
sb,794,2.1015625,,0.10520914383232594,,0.00417680301014334,2.3796204914106056e-05,0.3,0.039700000000000006,4.267387390136719,0.2343354161638374,
sb,795,1.880859375,,0.10141867212951183,,0.004031392217148096,2.3826174583518878e-05,0.3,0.03975000000000001,4.2636799812316895,0.23453917845661593,
sb,796,1.931640625,,0.0913641918450594,,0.003636294835433364,2.38561442529317e-05,0.3,0.0398,5.283367156982422,0.18927323623125725,
sb,797,1.8984375,,0.09672276116907597,,0.0038544020325876776,2.3886115741333924e-05,0.3,0.039850000000000003,4.455041885375977,0.224464780742596,
sb,798,2.30859375,,0.11772947199642658,,0.004697405932657421,2.3916085410746746e-05,0.3,0.039900000000000005,5.7067108154296875,0.1752322892017273,
sb,799,1.888671875,,0.10344880074262619,,0.0041327795896679165,2.3946053261170164e-05,0.3,0.039950000000000006,4.117509365081787,0.2428652642494079,
sb,800,1.798828125,,0.10453174822032452,,0.004181269928812982,2.3976022930582985e-05,0.3,0.04000000000000001,3.6000404357910156,0.2777746577672192,
sb,801,1.83984375,,0.09753917157649994,,0.003906443821638823,2.4005992599995807e-05,0.3,0.04005,4.042869567871094,0.24734906313749394,
sb,802,2.017578125,,0.10600537620484829,,0.004250815585814417,2.4035965907387435e-05,0.3,0.040100000000000004,4.251345157623291,0.23521966881631617,
sb,803,1.91796875,,0.10553809069097042,,0.004237354341242463,2.4065935576800257e-05,0.3,0.040150000000000005,4.057110786437988,0.24648082160900703,
sb,804,2.048828125,,0.1018113475292921,,0.004092816170677543,2.409590524621308e-05,0.3,0.04020000000000001,4.848384380340576,0.2062542739092305,
sb,805,1.900390625,,0.11552438512444496,,0.00464985650125891,2.41258749156259e-05,0.3,0.04025000000000001,3.5151126384735107,0.28448590496214216,
sb,806,2.025390625,,0.09529037773609161,,0.003840202222764492,2.415584458503872e-05,0.3,0.0403,4.043955326080322,0.2472826525928189,
sb,807,2.013671875,,0.11658989451825619,,0.0047044022438116374,2.4185814254451543e-05,0.3,0.040350000000000004,7.379189968109131,0.13551622933163807,
sb,808,2.19921875,,0.10496651008725166,,0.004240647007524968,2.4215783923864365e-05,0.3,0.040400000000000005,5.324874401092529,0.18779785675223162,
sb,809,2.09765625,,0.09849227778613567,,0.003984012636449189,2.4245753593277186e-05,0.3,0.04045000000000001,5.371363639831543,0.18617246327998788,
sb,810,2.310546875,,0.11301228776574135,,0.004576997654512526,2.4275723262690008e-05,0.3,0.04050000000000001,4.460853576660156,0.2241723434349308,
sb,811,2.01171875,,0.10608952306210995,,0.004301930160168559,2.4305696570081636e-05,0.3,0.04055,5.092784881591797,0.1963562222340404,
sb,812,1.9140625,,0.09395312704145908,,0.003814496957883239,2.4335666239494458e-05,0.3,0.040600000000000004,4.126954555511475,0.24230942855053195,
sb,813,1.828125,,0.0968586876988411,,0.00393730565495789,2.4365634089917876e-05,0.3,0.04065,4.229849338531494,0.23641503986692275,
sb,814,1.88671875,,0.09694486483931541,,0.003945655998960137,2.4395603759330697e-05,0.3,0.0407,4.488649368286133,0.2227841646677389,
sb,815,2.029296875,,0.11243308335542679,,0.0045816481467336415,2.442557342874352e-05,0.3,0.04075,4.3094072341918945,0.23205047600648057,
sb,816,2.005859375,,0.10327281802892685,,0.004213530975580216,2.4455544917145744e-05,0.3,0.0408,4.228754043579102,0.23647627402648072,
sb,817,1.943359375,,0.09863840416073799,,0.004029378809966146,2.4485514586558565e-05,0.3,0.04085,3.9923760890960693,0.25047740435355986,
sb,818,1.908203125,,0.09799416735768318,,0.004007961444929242,2.4515484255971387e-05,0.3,0.0409,4.102060794830322,0.24377990722620776,
sb,819,1.771484375,,0.09460156597197056,,0.0038739341265521944,2.454545392538421e-05,0.3,0.04095,4.326817989349365,0.23111672422124985,
sb,820,1.828125,,0.09166028536856174,,0.0037580717001110316,2.4575425413786434e-05,0.3,0.041,4.674229621887207,0.2139389976302133,
sb,821,2.06640625,,0.09932132624089718,,0.00407714044218883,2.4605395083199255e-05,0.3,0.04105,4.246099948883057,0.23551023575482521,
sb,822,2.064453125,,0.09601474925875664,,0.003946206194534898,2.4635364752612077e-05,0.3,0.0411,4.988535404205322,0.20045963774397643,
sb,823,1.98046875,,0.09671724401414394,,0.003979914591182023,2.4665334422024898e-05,0.3,0.04115,3.9433114528656006,0.2535939684077708,
sb,824,2.041015625,,0.09999292530119419,,0.004119708522409201,2.469530409143772e-05,0.3,0.0412,4.572776794433594,0.2186855044438846,
sb,825,1.82421875,,0.09565939381718636,,0.003945949994958937,2.4725275579839945e-05,0.3,0.04125,6.101472854614258,0.16389485355880046,
sb,826,1.89453125,,0.09670535288751125,,0.003993931074254215,2.4755245249252766e-05,0.3,0.0413,5.337278842926025,0.18736139321733017,
sb,827,1.982421875,,0.10693219862878323,,0.004421646413300186,2.4785214918665588e-05,0.3,0.04135,4.283157825469971,0.2334726014655495,
sb,828,2.0859375,,0.09904849343001842,,0.004100607628002763,2.481518458807841e-05,0.3,0.0414,4.81692361831665,0.20760138196865693,
sb,829,1.669921875,,0.1037709042429924,,0.004301303980872035,2.4845156076480635e-05,0.3,0.04145,5.340353012084961,0.18725353880858592,
sb,830,1.80859375,,0.10720695555210114,,0.004449088655412197,2.4875125745893456e-05,0.3,0.0415,4.61635684967041,0.21662103528053644,
sb,831,1.884765625,,0.1023374367505312,,0.004252120496984571,2.4905095415306278e-05,0.3,0.041550000000000004,4.7210917472839355,0.21181541336816942,
sb,832,1.693359375,,0.0972861647605896,,0.0040471044540405276,2.49350650847191e-05,0.3,0.0416,4.884999752044678,0.20470830107646115,
sb,833,1.9765625,,0.10825181752443314,,0.00450868819989264,2.496503475413192e-05,0.3,0.04165,4.791031837463379,0.20872330510945883,
sb,834,1.73046875,,0.0967552401125431,,0.0040346935126930475,2.4995006242534146e-05,0.3,0.0417,4.404097080230713,0.22706129810099782,
sb,835,2.0078125,,0.09194702096283436,,0.003838788125198335,2.5024975911946967e-05,0.3,0.04175,4.532729625701904,0.22061761511864886,
sb,836,1.810546875,,0.10051974095404148,,0.004201725171878935,2.505494558135979e-05,0.3,0.041800000000000004,4.971540927886963,0.20114487932517666,
sb,837,1.923828125,,0.08561066724359989,,0.003582806424144655,2.508491525077261e-05,0.3,0.04185,4.635690212249756,0.21571760713377955,
sb,838,2.0234375,,0.09552389197051525,,0.004002451073564589,2.5114884920185432e-05,0.3,0.0419,4.583924293518066,0.21815369015017497,
sb,839,1.673828125,,0.09271806478500366,,0.0038895228177309037,2.5144856408587657e-05,0.3,0.04195,5.4785308837890625,0.18253068591052277,
sb,840,1.806640625,,0.11185717955231667,,0.0046980015411973,2.517482607800048e-05,0.3,0.042,5.754010200500488,0.17379183650265675,
sb,841,1.91015625,,0.09780484810471535,,0.004112693862803281,2.52047957474133e-05,0.3,0.042050000000000004,4.910548210144043,0.20364325065259192,
sb,842,1.830078125,,0.09163388051092625,,0.003857786369509995,2.523476541682612e-05,0.3,0.0421,5.664055824279785,0.17655193222378865,
sb,843,2.322265625,,0.10150283575057983,,0.00427834452688694,2.5264736905228347e-05,0.3,0.04215,12.545117378234863,0.07971228724690523,
sb,844,1.9375,,0.0995289608836174,,0.004200122149288654,2.5294706574641168e-05,0.3,0.0422,5.504699230194092,0.18166296798103912,
sb,845,1.751953125,,0.09291460923850536,,0.003925642240326852,2.532467624405399e-05,0.3,0.04225,5.215963363647461,0.19171913801570722,
sb,846,1.6953125,,0.09933780878782272,,0.004201989311724902,2.535464591346681e-05,0.3,0.042300000000000004,5.854705333709717,0.1708027890391488,
sb,847,1.8984375,,0.09301588498055935,,0.003939222728926688,2.5384615582879633e-05,0.3,0.04235,4.603754043579102,0.21721403674783826,
sb,848,1.984375,,0.10161015950143337,,0.004308270762860775,2.5414587071281858e-05,0.3,0.0424,5.394402027130127,0.1853773587824357,
sb,849,1.845703125,,0.0911959707736969,,0.0038712689593434334,2.544455674069468e-05,0.3,0.04245,5.755425930023193,0.1737490868892079,
sb,850,2.0625,,0.0907730758190155,,0.0038578557223081593,2.54745264101075e-05,0.3,0.0425,5.025018215179443,0.19900425375160358,
sb,851,1.767578125,,0.10452069528400898,,0.0044473555843345825,2.5504496079520322e-05,0.3,0.042550000000000004,4.511155605316162,0.2216726904346975,
sb,852,1.9765625,,0.09198650531470776,,0.00391862512640655,2.5534465748933144e-05,0.3,0.0426,4.634641170501709,0.21576643438217852,
sb,853,1.76171875,,0.09842293709516525,,0.004197738267108798,2.556443723733537e-05,0.3,0.04265,5.520907402038574,0.18112964539683346,
sb,854,1.74609375,,0.1047466229647398,,0.00447268080059439,2.559440690674819e-05,0.3,0.0427,4.452225685119629,0.22460676316167708,
sb,855,2.08984375,,0.09783287160098553,,0.004182355260942131,2.5624376576161012e-05,0.3,0.04275,5.3289690017700195,0.18765355919087717,
sb,856,1.900390625,,0.10082472674548626,,0.004315298304706812,2.5654346245573834e-05,0.3,0.042800000000000005,6.3324127197265625,0.15791769176459816,
sb,857,1.759765625,,0.0938506368547678,,0.0040214997892268,2.5684315914986655e-05,0.3,0.04285,5.701685905456543,0.17538672185414403,
sb,858,1.751953125,,0.09658650495111942,,0.004143561062403023,2.5714285584399477e-05,0.3,0.0429,5.312141418457031,0.1882480004251206,
sb,859,1.740234375,,0.09509626589715481,,0.004084384620282799,2.5744255253812298e-05,0.3,0.04295,4.963575839996338,0.20146765804242003,
sb,860,1.951171875,,0.09729313850402832,,0.004183604955673218,2.577422492322512e-05,0.3,0.043000000000000003,6.149266719818115,0.16262101573463353,
sb,861,1.6328125,,0.09415031410753727,,0.00405317102232948,2.580419459263794e-05,0.3,0.043050000000000005,5.129380702972412,0.19495530901430508,
sb,862,1.794921875,,0.09603716433048248,,0.004139201782643795,2.583416790002957e-05,0.3,0.0431,6.16461706161499,0.16221607765819968,
sb,863,1.625,,0.103715555742383,,0.004475326230283827,2.586413756944239e-05,0.3,0.04315,5.184926986694336,0.1928667467384247,
sb,864,1.80078125,,0.10785971023142338,,0.00465953948199749,2.5894107238855213e-05,0.3,0.0432,6.301758766174316,0.15868585852058598,
sb,865,1.73828125,,0.11737564392387867,,0.005076496599707753,2.5924076908268034e-05,0.3,0.043250000000000004,4.38111686706543,0.22825229966299038,
sb,866,1.71875,,0.09541009739041328,,0.004131257217004896,2.5954046577680856e-05,0.3,0.043300000000000005,6.278548240661621,0.15927248810859213,
sb,867,1.60546875,,0.09961519576609135,,0.004318318736460059,2.5984016247093678e-05,0.3,0.04335,5.3451313972473145,0.1870861398309103,
sb,868,1.587890625,,0.09492389298975468,,0.004119696955755353,2.60139859165065e-05,0.3,0.0434,4.741690635681152,0.21089524324404774,
sb,869,1.83984375,,0.09556451626121998,,0.004152278231550008,2.604395558591932e-05,0.3,0.04345,5.734107494354248,0.1743950564206533,
sb,870,1.75,,0.09434344060719013,,0.004103939666412771,2.6073925255332142e-05,0.3,0.043500000000000004,5.425600051879883,0.18431141080027014,
sb,871,1.7109375,,0.09626461565494537,,0.004192324011772872,2.6103896743734367e-05,0.3,0.043550000000000005,5.741816520690918,0.17416091168995923,
sb,872,1.552734375,,0.10067792981863022,,0.004389557740092278,2.613386641314719e-05,0.3,0.0436,4.410268306732178,0.2267435744155343,
sb,873,1.626953125,,0.09473391063511372,,0.004135135199222714,2.616383608256001e-05,0.3,0.04365,5.483431339263916,0.1823675611363154,
sb,874,1.61328125,,0.08735310845077038,,0.0038173308392986656,2.6193805751972832e-05,0.3,0.0437,5.006272315979004,0.19974942170209223,
sb,875,1.7578125,,0.08216480910778046,,0.0035947103984653953,2.6223775421385653e-05,0.3,0.043750000000000004,5.512263774871826,0.18141366974465087,
sb,876,1.955078125,,0.09153471887111664,,0.004009220686554909,2.625374690978788e-05,0.3,0.043800000000000006,5.274489402770996,0.18959181138455636,
sb,877,1.955078125,,0.0847915019840002,,0.003718107361998409,2.62837165792007e-05,0.3,0.04385,5.263941287994385,0.18997172371217882,
sb,878,1.625,,0.10424011386930943,,0.004576140998862684,2.631368624861352e-05,0.3,0.0439,6.228631973266602,0.1605488981034708,
sb,879,1.7109375,,0.10720675624907017,,0.004711736937146634,2.6343655918026343e-05,0.3,0.04395,4.935713768005371,0.20260494165651782,
sb,880,1.595703125,,0.10067072324454784,,0.004429511822760105,2.6373627406428568e-05,0.3,0.044000000000000004,5.022820949554443,0.19909130945404424,
sb,881,1.697265625,,0.09930188022553921,,0.004374247823935003,2.640359707584139e-05,0.3,0.044050000000000006,5.033541679382324,0.19866727320368827,
sb,882,1.62890625,,0.09778563305735588,,0.004312346417829394,2.643356674525421e-05,0.3,0.0441,5.2446675300598145,0.19066985548054277,
sb,883,1.658203125,,0.09125116840004921,,0.004028739084862173,2.6463536414667033e-05,0.3,0.04415,5.567722797393799,0.179606642857308,
sb,884,1.953125,,0.09140884503722191,,0.004040270950645209,2.6493506084079854e-05,0.3,0.0442,6.302868366241455,0.15865792237643112,
sb,885,1.896484375,,0.09216230362653732,,0.004078181935474277,2.652347757248208e-05,0.3,0.044250000000000005,5.652980804443359,0.17689782339504487,
sb,886,1.72265625,,0.09902109950780869,,0.004386634708195925,2.65534472418949e-05,0.3,0.044300000000000006,6.619565010070801,0.15106732821244764,
sb,887,1.701171875,,0.09680494666099548,,0.0042932993844151494,2.6583416911307722e-05,0.3,0.04435,5.488189220428467,0.18220946105096741,
sb,888,1.810546875,,0.08527342975139618,,0.0037861402809619906,2.6613386580720544e-05,0.3,0.0444,5.926682472229004,0.1687284589120064,
sb,889,1.626953125,,0.09132796712219715,,0.004059528138581663,2.664335806912277e-05,0.3,0.04445,5.445648193359375,0.18363286875921161,
sb,890,1.75390625,,0.09919384866952896,,0.0044141262657940395,2.667332773853559e-05,0.3,0.044500000000000005,5.833304405212402,0.17142942156532082,
sb,891,1.494140625,,0.0867603998631239,,0.00386517581390217,2.6703297407948412e-05,0.3,0.044550000000000006,5.2243332862854,0.19141198411386554,
sb,892,1.552734375,,0.09139194339513779,,0.0040760806754231455,2.6733267077361234e-05,0.3,0.0446,4.982290744781494,0.20071088806838722,
sb,893,1.767578125,,0.08924329094588757,,0.00398471294073388,2.6763236746774055e-05,0.3,0.04465,5.795309066772461,0.17255335107725717,
sb,894,1.3671875,,0.10128811001777649,,0.004527578517794609,2.679320823517628e-05,0.3,0.044700000000000004,5.66818380355835,0.1764233544036141,
sb,895,1.5,,0.08421216532588005,,0.003768494398333133,2.68231779045891e-05,0.3,0.044750000000000005,5.8387603759765625,0.17126923107077244,
sb,896,1.595703125,,0.08590669371187687,,0.003848619878292084,2.6853147574001923e-05,0.3,0.044800000000000006,6.990386009216309,0.14305361659307136,
sb,897,1.53515625,,0.08889874443411827,,0.003987108687870205,2.6883117243414745e-05,0.3,0.04485,5.918471813201904,0.16896253485052895,
sb,898,1.533203125,,0.10610988177359104,,0.004764333691634238,2.6913086912827566e-05,0.3,0.0449,5.843332767486572,0.17113521337757664,
sb,899,1.6015625,,0.09515443816781044,,0.00427719199564308,2.694305840122979e-05,0.3,0.044950000000000004,5.490559101104736,0.18213081429153427,
sb,900,1.72265625,,0.08898773416876793,,0.0040044480375945575,2.6973028070642613e-05,0.3,0.045000000000000005,6.28798246383667,0.15903352239787272,
sb,901,1.666015625,,0.09185917116701603,,0.004138255661074073,2.7002997740055434e-05,0.3,0.04505000000000001,6.0933942794799805,0.16411214409144415,
sb,902,1.533203125,,0.08677155524492264,,0.003913397141546011,2.7032967409468256e-05,0.3,0.0451,6.878428936004639,0.1453820355351165,
sb,903,1.7734375,,0.08820383623242378,,0.003982403205893934,2.706293889787048e-05,0.3,0.04515,7.248376846313477,0.1379619218485584,
sb,904,1.474609375,,0.09608826786279678,,0.004343189707398415,2.7092908567283303e-05,0.3,0.045200000000000004,4.914920806884766,0.2034620778831698,
sb,905,1.623046875,,0.09932094626128674,,0.004494272818323226,2.7122878236696124e-05,0.3,0.045250000000000005,30.428213119506836,0.032864236755293486,
sb,906,1.51171875,,0.09160739555954933,,0.004149815018847585,2.7152847906108946e-05,0.3,0.04530000000000001,5.635717391967773,0.17743969941169085,
sb,907,1.611328125,,0.10807538218796253,,0.004901218582224101,2.7182817575521767e-05,0.3,0.04535,6.2041449546813965,0.16118256541466533,
sb,908,1.435546875,,0.09663400799036026,,0.004387183962762356,2.7212789063923992e-05,0.3,0.0454,10.96009635925293,0.09124007373856362,
sb,909,1.669921875,,0.09224373660981655,,0.004192477828916162,2.7242758733336814e-05,0.3,0.045450000000000004,17.25905990600586,0.05794058340640077,
sb,910,1.615234375,,0.09582061693072319,,0.004359838070347906,2.7272728402749635e-05,0.3,0.045500000000000006,6.097255229949951,0.16400822374762364,
sb,911,1.6015625,,0.09005195088684559,,0.004101866362895818,2.7302698072162457e-05,0.3,0.04555000000000001,6.264448642730713,0.1596309678682422,
sb,912,1.763671875,,0.09101687744259834,,0.004150369611382485,2.7332669560564682e-05,0.3,0.0456,6.169732093811035,0.16208159200350325,
sb,913,1.568359375,,0.09216258116066456,,0.004207221829984337,2.7362639229977503e-05,0.3,0.04565,5.867021560668945,0.17044423472102976,
sb,914,1.548828125,,0.11355490423738956,,0.005189459123648704,2.7392608899390325e-05,0.3,0.045700000000000005,6.230936527252197,0.16048951800845795,
sb,915,1.53515625,,0.08050952106714249,,0.003683310588821769,2.7422578568803146e-05,0.3,0.045750000000000006,7.46103572845459,0.13402964901859957,
sb,916,1.69140625,,0.09421484917402267,,0.004315040092170239,2.7452548238215968e-05,0.3,0.04580000000000001,6.193386077880859,0.161462564649637,
sb,917,1.337890625,,0.08653574436903,,0.003967663879320025,2.748251790762879e-05,0.3,0.04585,6.075625896453857,0.1645920958668089,
sb,918,1.62890625,,0.09142087958753109,,0.004196218373067677,2.751248757704161e-05,0.3,0.0459,5.865471363067627,0.17048928178160988,
sb,919,1.6015625,,0.09227704256772995,,0.004240130105987192,2.7542457246454433e-05,0.3,0.045950000000000005,7.326765060424805,0.13648588316301494,
sb,920,1.517578125,,0.09316828101873398,,0.004285740926861763,2.7572426915867254e-05,0.3,0.046000000000000006,5.792941093444824,0.1726238854960186,
sb,921,1.380859375,,0.09247231483459473,,0.004258350098133088,2.7602396585280076e-05,0.3,0.04605000000000001,5.136097431182861,0.19470035633060342,
sb,922,1.662109375,,0.1013451386243105,,0.004672010890580714,2.76323680736823e-05,0.3,0.0461,8.390481948852539,0.11918266508359003,
sb,923,1.2294921875,,0.09070385061204433,,0.004185982705745847,2.7662337743095122e-05,0.3,0.046150000000000004,5.607278823852539,0.17833962451557556,
sb,924,1.51953125,,0.08515641465783119,,0.003934226357191801,2.7692307412507944e-05,0.3,0.046200000000000005,9.410595893859863,0.10626319643078826,
sb,925,1.55859375,,0.08312192745506763,,0.0038443891447968786,2.7722277081920765e-05,0.3,0.046250000000000006,6.432204246520996,0.1554676999787239,
sb,926,1.525390625,,0.0998115986585617,,0.004621277017891408,2.775224857032299e-05,0.3,0.04630000000000001,6.575220584869385,0.1520861524100282,
sb,927,1.4609375,,0.08799450285732746,,0.004078545207437128,2.7782218239735812e-05,0.3,0.04635,9.214435577392578,0.1085253667032497,
sb,928,1.39453125,,0.0855452474206686,,0.003969299480319023,2.7812187909148633e-05,0.3,0.046400000000000004,6.275694370269775,0.1593449172313681,
sb,929,1.494140625,,0.09050656855106354,,0.004204030109196902,2.7842157578561455e-05,0.3,0.046450000000000005,6.628828525543213,0.15085621782893424,
sb,930,1.4140625,,0.07702501304447651,,0.003581663106568158,2.7872127247974277e-05,0.3,0.04650000000000001,7.0210137367248535,0.14242957463098166,
sb,931,1.6484375,,0.0901110302656889,,0.004194668458867819,2.79020987363765e-05,0.3,0.04655000000000001,7.333672523498535,0.13635732940021558,
sb,932,1.328125,,0.08726085722446442,,0.004066355946660042,2.7932068405789323e-05,0.3,0.0466,5.836242198944092,0.17134312900532514,
sb,933,1.3515625,,0.09839444980025291,,0.004590101083181799,2.7962038075202145e-05,0.3,0.046650000000000004,4.953551292419434,0.20187537000582384,
sb,934,1.607421875,,0.09695304371416569,,0.004527707141451538,2.7992007744614966e-05,0.3,0.046700000000000005,7.964101791381836,0.12556343781066764,
sb,935,1.546875,,0.09344224072992802,,0.004368424754124136,2.8021977414027788e-05,0.3,0.04675000000000001,6.849479675292969,0.1459964913257776,
sb,936,1.646484375,,0.08233318477869034,,0.0038531930476427083,2.8051948902430013e-05,0.3,0.04680000000000001,6.97091007232666,0.14345329227095208,
sb,937,1.638671875,,0.08746661990880966,,0.004097811142727733,2.8081918571842834e-05,0.3,0.04685,6.775913715362549,0.1475815723173645,
sb,938,1.55078125,,0.1007915772497654,,0.004727124973013997,2.8111888241255656e-05,0.3,0.0469,8.960700988769531,0.11159841191590954,
sb,939,1.25390625,,0.09472707472741604,,0.004447436158452183,2.8141857910668477e-05,0.3,0.04695,6.150249481201172,0.1625950301783035,
sb,940,1.4375,,0.08304283022880554,,0.0039030130207538603,2.8171829399070702e-05,0.3,0.047,9.580639839172363,0.10437716235937602,
sb,941,1.384765625,,0.09201183542609215,,0.004329156856797636,2.8201799068483524e-05,0.3,0.04705,7.558428764343262,0.13230262944561708,
sb,942,1.21484375,,0.09188665449619293,,0.004327861426770687,2.8231768737896346e-05,0.3,0.0471,6.1917595863342285,0.16150497868281097,
sb,943,1.34765625,,0.09804684668779373,,0.004622908821329474,2.8261738407309167e-05,0.3,0.04715,6.563040733337402,0.15236839761186205,
sb,944,1.453125,,0.08887682668864727,,0.004194986219704151,2.829170807672199e-05,0.3,0.0472,7.890050411224365,0.12674190250766998,
sb,945,1.34375,,0.08860093168914318,,0.0041863940223120155,2.8321679565124214e-05,0.3,0.04725,5.8788743019104,0.17010059216184292,
sb,946,1.306640625,,0.08234857022762299,,0.0038950873717665674,2.8351649234537035e-05,0.3,0.0473,6.793862342834473,0.1471916782439235,
sb,947,1.4296875,,0.09069297090172768,,0.004294312172196806,2.8381618903949857e-05,0.3,0.04735,7.395069122314453,0.13522524042169162,
sb,948,1.6640625,,0.08694397658109665,,0.0041211444899439805,2.8411588573362678e-05,0.3,0.0474,7.368461608886719,0.13571353873839173,
sb,949,1.556640625,,0.08119136653840542,,0.003852530342247337,2.8441560061764903e-05,0.3,0.04745,6.667280197143555,0.14998619683456943,
sb,950,1.36328125,,0.08317136578261852,,0.0039506398746743795,2.8471529731177725e-05,0.3,0.0475,8.028281211853027,0.12455966272377092,
sb,951,1.33984375,,0.08502339571714401,,0.0040428624663501975,2.8501499400590546e-05,0.3,0.04755,6.570820331573486,0.1521879992966623,
sb,952,1.46875,,0.0871175155043602,,0.004146793738007546,2.8531469070003368e-05,0.3,0.0476,7.261397838592529,0.13771453131038322,
sb,953,1.4375,,0.08443197049200535,,0.004023183393944055,2.856143873941619e-05,0.3,0.04765,6.358522415161133,0.1572692419257059,
sb,954,1.39453125,,0.07981599308550358,,0.0038072228701785207,2.8591410227818415e-05,0.3,0.0477,6.477904319763184,0.15437091235650693,
sb,955,1.2421875,,0.10025287792086601,,0.004787074920721352,2.8621379897231236e-05,0.3,0.04775,5.209624767303467,0.19195240437971237,
sb,956,1.2314453125,,0.08814617618918419,,0.004213387221843005,2.8651349566644058e-05,0.3,0.0478,6.927102088928223,0.14436051138878514,
sb,957,1.375,,0.08345724083483219,,0.00399342897394672,2.868131923605688e-05,0.3,0.047850000000000004,6.84237003326416,0.14614819063255907,
sb,958,1.21875,,0.08959011733531952,,0.004291366620361805,2.87112889054697e-05,0.3,0.0479,7.28747034072876,0.13722182777350395,
sb,959,1.337890625,,0.08938276581466198,,0.004285903620813042,2.8741260393871926e-05,0.3,0.04795,7.267617225646973,0.13759667975785264,
sb,960,1.3427734375,,0.0854528583586216,,0.004101737201213837,2.8771230063284747e-05,0.3,0.048,6.931604385375977,0.14426674466733275,
sb,961,1.275390625,,0.08614880405366421,,0.004139450034778566,2.880119973269757e-05,0.3,0.04805,9.762216567993164,0.10243575247845293,
sb,962,1.44140625,,0.0919293761253357,,0.004421802991628647,2.883116940211039e-05,0.3,0.048100000000000004,8.823979377746582,0.11332755406499764,
sb,963,1.443359375,,0.08062446303665638,,0.0038820678952150045,2.8861140890512615e-05,0.3,0.04815,8.942917823791504,0.11182032751543643,
sb,964,1.48828125,,0.0846946332603693,,0.0040822813231498,2.8891110559925437e-05,0.3,0.0482,7.903286933898926,0.1265296336022904,
sb,965,1.64453125,,0.08853438310325146,,0.004271783984731883,2.892108022933826e-05,0.3,0.04825,9.583518028259277,0.10434581508077333,
sb,966,1.228515625,,0.08278677798807621,,0.0039986013768240816,2.895104989875108e-05,0.3,0.0483,10.468685150146484,0.09552297978758177,
sb,967,1.244140625,,0.08733605593442917,,0.00422269830442965,2.89810195681639e-05,0.3,0.048350000000000004,6.144873142242432,0.16273728958301534,
sb,968,1.28125,,0.08118600398302078,,0.003929402592778206,2.9010991056566127e-05,0.3,0.0484,7.377243995666504,0.13555197585811368,
sb,969,1.560546875,,0.09297647513449192,,0.004504710220266134,2.9040960725978948e-05,0.3,0.04845,8.23353385925293,0.12145453180789313,
sb,970,1.2197265625,,0.09890078566968441,,0.004796688104979694,2.907093039539177e-05,0.3,0.0485,6.52139949798584,0.15334131888544078,
sb,971,1.4140625,,0.09493769519031048,,0.004609225101489574,2.910090006480459e-05,0.3,0.04855,6.88897705078125,0.1451594326165732,
sb,972,1.47265625,,0.08499058336019516,,0.004130542351305485,2.9130871553206816e-05,0.3,0.048600000000000004,8.044218063354492,0.12431289059100835,
sb,973,1.478515625,,0.0951373539865017,,0.004628432271443307,2.9160841222619638e-05,0.3,0.04865,7.531887054443359,0.13276885231703792,
sb,974,1.244140625,,0.08801393583416939,,0.004286278675124049,2.9190809073043056e-05,0.3,0.0487,6.196478843688965,0.161381975994074,
sb,975,1.345703125,,0.08990035019814968,,0.004382642072159797,2.9220778742455877e-05,0.3,0.04875,6.145747184753418,0.162714145235397,
sb,976,1.34375,,0.08384623192250729,,0.0040916961178183555,2.92507484118687e-05,0.3,0.0488,7.64438009262085,0.13081505470473714,
sb,977,1.21484375,,0.09157680347561836,,0.004473526849783958,2.9280719900270924e-05,0.3,0.048850000000000005,6.826434135437012,0.1464893647488452,
sb,978,1.462890625,,0.08334925770759583,,0.004075778701901436,2.9310689569683746e-05,0.3,0.0489,23.692548751831055,0.04220736276516962,
sb,979,1.333984375,,0.09310949966311455,,0.0045577100085094574,2.9340659239096567e-05,0.3,0.04895,6.328197479248047,0.15802288144124507,
sb,980,1.29296875,,0.08465763926506042,,0.004148224323987961,2.937062890850939e-05,0.3,0.049,6.273778438568115,0.159393579131276,
sb,981,1.400390625,,0.08913268521428108,,0.004371958209760487,2.940059857792221e-05,0.3,0.04905,7.627081394195557,0.13111175144414097,
sb,982,1.3359375,,0.0880042240023613,,0.00432100739851594,2.9430570066324435e-05,0.3,0.049100000000000005,7.1046295166015625,0.14075329299906145,
sb,983,1.275390625,,0.09009425342082977,,0.004428132555633783,2.9460539735737257e-05,0.3,0.04915,9.866325378417969,0.10135485721841728,
sb,984,1.44140625,,0.08555028960108757,,0.0042090742483735085,2.9490509405150078e-05,0.3,0.0492,7.665212154388428,0.1304595332599487,
sb,985,1.36328125,,0.08633408695459366,,0.004251953782513738,2.95204790745629e-05,0.3,0.04925,8.20135498046875,0.1219310714365451,
sb,986,1.359375,,0.0878508947789669,,0.004331049112603068,2.9550450562965125e-05,0.3,0.049300000000000004,9.423895835876465,0.10611322720620835,
sb,987,1.435546875,,0.09040983580052853,,0.0044617253967560834,2.9580420232377946e-05,0.3,0.049350000000000005,7.548730850219727,0.1324725996782482,
sb,988,1.2099609375,,0.08540824800729752,,0.0042191674515604976,2.9610389901790768e-05,0.3,0.0494,7.9912567138671875,0.12513676331592566,
sb,989,1.3671875,,0.07984492368996143,,0.003948331476468593,2.964035957120359e-05,0.3,0.04945,9.022891998291016,0.11082921087711184,
sb,990,1.201171875,,0.0952393189072609,,0.0047143462859094145,2.967032924061641e-05,0.3,0.0495,7.539418697357178,0.1326362203959483,
sb,991,1.384765625,,0.08870720863342285,,0.004395442187786103,2.9700300729018636e-05,0.3,0.049550000000000004,6.811106204986572,0.1468190290833927,
sb,992,1.2900390625,,0.08062265999615192,,0.003998883935809136,2.9730270398431458e-05,0.3,0.049600000000000005,8.968090057373047,0.11150646275879642,
sb,993,1.3955078125,,0.07629581727087498,,0.0037880873274989428,2.976024006784428e-05,0.3,0.04965,7.601747512817383,0.13154869960017615,
sb,994,1.4609375,,0.10193834640085697,,0.005066335816122591,2.97902097372571e-05,0.3,0.0497,7.420063018798828,0.13476974487500804,
sb,995,1.47265625,,0.09179475903511047,,0.004566789261996746,2.9820179406669922e-05,0.3,0.04975,9.113224983215332,0.10973063891671635,
sb,996,1.2109375,,0.08966798149049282,,0.004465465478226543,2.9850150895072147e-05,0.3,0.049800000000000004,7.620604515075684,0.13122318551260873,
sb,997,1.228515625,,0.09096215292811394,,0.00453446332346648,2.988012056448497e-05,0.3,0.049850000000000005,9.66909408569336,0.10342230524777143,
sb,998,1.603515625,,0.07665593735873699,,0.003825131274200976,2.991009023389779e-05,0.3,0.0499,7.6353325843811035,0.1309700643617814,
sb,999,1.388671875,,0.0864523183554411,,0.004318293301854283,2.9940059903310612e-05,0.3,0.04995,10.307760238647461,0.0970142860182801,
sb,1000,1.54296875,,0.09360349178314209,,0.004680174589157105,2.9970031391712837e-05,0.3,0.05,7.945000171661377,0.12586532138373638,
sb,1001,1.14453125,,0.0833109337836504,,0.004169712235871702,2.9999999242136255e-05,0.3,0.05005,7.049485206604004,0.14185432988258398,
sb,1002,1.421875,,0.0845732819288969,,0.0042371214246377355,2.9999982871231623e-05,0.3,0.050100000000000006,8.34304141998291,0.11986036622146465,
sb,1003,1.322265625,,0.09281382523477077,,0.004654613335523755,2.9999931939528324e-05,0.3,0.05015,6.907643795013428,0.14476716369218284,
sb,1004,1.203125,,0.08056958951056004,,0.004044593393430114,2.999984826601576e-05,0.3,0.0502,8.439454078674316,0.11849107663573918,
sb,1005,1.2080078125,,0.09160456992685795,,0.004603129638824611,2.9999733669683337e-05,0.3,0.050249999999999996,9.529809951782227,0.10493388693580233,
sb,1006,1.2734375,,0.07958810031414032,,0.004003281445801259,2.9999584512552246e-05,0.3,0.050300000000000004,10.06283950805664,0.09937552906407451,
sb,1007,1.18359375,,0.08986117504537106,,0.004524510163534432,2.999940079462249e-05,0.3,0.05035,6.756568908691406,0.1480041147384194,
sb,1008,1.421875,,0.08964177407324314,,0.004517945413291455,2.9999184334883466e-05,0.3,0.0504,8.834360122680664,0.11319438941963392,
sb,1009,1.12109375,,0.08390405029058456,,0.004232959337159991,2.9998933314345777e-05,0.3,0.050449999999999995,7.0515031814575195,0.1418137344998409,
sb,1010,1.0869140625,,0.08461139537394047,,0.004272875466383994,2.9998651370988227e-05,0.3,0.0505,8.558950424194336,0.11683675572804024,
sb,1011,1.263671875,,0.08900437876582146,,0.004499171346612274,2.999833486683201e-05,0.3,0.05055,6.744295597076416,0.1482734535588105,
sb,1012,1.375,,0.0826849713921547,,0.004183859552443028,2.9997983801877126e-05,0.3,0.050600000000000006,13.583102226257324,0.07362088448888447,
sb,1013,1.2392578125,,0.08606795035302639,,0.004359341685380787,2.999760181410238e-05,0.3,0.05065,6.987660884857178,0.14310940620588505,
sb,1014,1.453125,,0.08396130986511707,,0.004256838410161436,2.999718526552897e-05,0.3,0.0507,8.17198657989502,0.12236926605584886,
sb,1015,1.1650390625,,0.08486845903098583,,0.004307074295822531,2.9996735975146294e-05,0.3,0.050749999999999997,7.5231547355651855,0.13292296053310856,
sb,1016,1.1533203125,,0.07823298498988152,,0.003974235637485981,2.9996253942954354e-05,0.3,0.050800000000000005,9.732712745666504,0.10274627702797974,
sb,1017,0.9892578125,,0.07771865278482437,,0.003951993494108319,2.9995735530974343e-05,0.3,0.05085,9.975679397583008,0.10024379895792246,
sb,1018,1.443359375,,0.07907063513994217,,0.004024695328623057,2.9995188015163876e-05,0.3,0.0509,10.839445114135742,0.09225564495879018,
sb,1019,1.1171875,,0.08385413885116577,,0.004272368374466895,2.9994602300575934e-05,0.3,0.050949999999999995,7.6358323097229,0.1309614930551414,
sb,1020,1.052734375,,0.09198266640305519,,0.004691115986555815,2.9993987482157536e-05,0.3,0.051000000000000004,7.323306083679199,0.13655034878695171,
sb,1021,1.15625,,0.07986358925700188,,0.0040770362315699455,2.9993336283951066e-05,0.3,0.05105,9.751197814941406,0.10255150382322635,
sb,1022,0.9970703125,,0.07952893152832985,,0.004063928401097656,2.9992654162924737e-05,0.3,0.051100000000000007,6.459339141845703,0.1548145991470976,
sb,1023,1.2734375,,0.08691549301147461,,0.004445727467536927,2.9991939300089143e-05,0.3,0.05115,8.042976379394531,0.1243320821582817,
sb,1024,1.2802734375,,0.08235341869294643,,0.004216495037078858,2.9991189876454882e-05,0.3,0.0512,13.666648864746094,0.0731708270181403,
sb,1025,1.373046875,,0.08315468579530716,,0.004261677647009491,2.9990407711011358e-05,0.3,0.05125,8.902831077575684,0.11232382051129611,
sb,1026,1.181640625,,0.08353491127490997,,0.004285340948402882,2.9989590984769166e-05,0.3,0.051300000000000005,7.638642311096191,0.13091331669599987,
sb,1027,0.9609375,,0.07836861535906792,,0.0040242283986881375,2.9988743335707113e-05,0.3,0.05135,8.864466667175293,0.11280994531830701,
sb,1028,1.15234375,,0.08148833364248276,,0.004188500349223614,2.9987857487867586e-05,0.3,0.0514,10.426143646240234,0.09591273954494281,
sb,1029,1.1748046875,,0.07901158556342125,,0.004065146077238023,2.9986944355187006e-05,0.3,0.051449999999999996,7.373989105224609,0.13561180871442857,
sb,1030,1.2626953125,,0.08505716547369957,,0.004380444021895528,2.9985994842718355e-05,0.3,0.051500000000000004,8.511661529541016,0.11748587470605451,
sb,1031,1.0654296875,,0.08210671320557594,,0.0042326010657474395,2.998501258844044e-05,0.3,0.05155,7.375553131103516,0.1355830514979128,
sb,1032,1.263671875,,0.08672537095844746,,0.00447502914145589,2.998399577336386e-05,0.3,0.05160000000000001,9.547663688659668,0.1047376648999231,
sb,1033,1.232421875,,0.08600356429815292,,0.004442084095999599,2.998294985445682e-05,0.3,0.05165,9.380544662475586,0.10660361801807078,
sb,1034,1.0546875,,0.09469622001051903,,0.004895794574543834,2.9981865736772306e-05,0.3,0.0517,12.083342552185059,0.08275855754988654,
sb,1035,1.01171875,,0.08184934593737125,,0.0042357036522589625,2.9980752515257336e-05,0.3,0.05175,11.050761222839355,0.09049150369236396,
sb,1036,1.041015625,,0.08879021741449833,,0.004599333262071014,2.997960109496489e-05,0.3,0.051800000000000006,8.391996383666992,0.1191611571647314,
sb,1037,1.0263671875,,0.09558722749352455,,0.004956197745539248,2.997842057084199e-05,0.3,0.05185,7.775056838989258,0.12861642309614266,
sb,1038,1.056640625,,0.07076038606464863,,0.003672464036755264,2.9977203666931018e-05,0.3,0.0519,10.76800537109375,0.0928677099924613,
sb,1039,1.365234375,,0.09128505736589432,,0.004742258730158209,2.9975955840200186e-05,0.3,0.051949999999999996,6.975588321685791,0.14335708385931953,
sb,1040,1.0712890625,,0.08966112323105335,,0.004662378408014775,2.997467527166009e-05,0.3,0.052000000000000005,8.463164329528809,0.11815911414019248,
sb,1041,1.04296875,,0.08526264131069183,,0.00443792048022151,2.9973360142321326e-05,0.3,0.05205,8.673702239990234,0.1152910224874316,
sb,1042,1.00390625,,0.08381346054375172,,0.004366681294329465,2.99720122711733e-05,0.3,0.05210000000000001,9.847529411315918,0.10154831310794438,
sb,1043,1.240234375,,0.08078095689415932,,0.004212726902030409,2.9970631658216007e-05,0.3,0.05215,8.043371200561523,0.12432597912802881,
sb,1044,1.0478515625,,0.08384538255631924,,0.004376728969439864,2.996921648446005e-05,0.3,0.0522,8.279545783996582,0.12077957246554345,
sb,1045,0.9951171875,,0.09218287654221058,,0.004816555299330502,2.9967768568894826e-05,0.3,0.05225,9.351492881774902,0.10693479775286972,
sb,1046,1.10546875,,0.08486726880073547,,0.004438558158278465,2.996628791152034e-05,0.3,0.052300000000000006,9.55518913269043,0.10465517595866076,
sb,1047,1.25390625,,0.07423108071088791,,0.0038859970752149822,2.9964772693347186e-05,0.3,0.05235,7.964155673980713,0.1255625882938287,
sb,1048,1.138671875,,0.08505034632980824,,0.0044566381476819515,2.9963226552354172e-05,0.3,0.0524,9.911491394042969,0.10089298978769458,
sb,1049,1.1220703125,,0.07712949812412262,,0.0040454421766102314,2.9961644031573087e-05,0.3,0.05245,10.059388160705566,0.09940962452430704,
sb,1050,1.490234375,,0.09072649106383324,,0.0047631407808512456,2.9960030587972142e-05,0.3,0.052500000000000005,9.771556854248047,0.10233783775870516,
sb,1051,1.388671875,,0.07691969722509384,,0.0040421300891786815,2.995838258357253e-05,0.3,0.05255,10.169707298278809,0.0983312469739662,
sb,1052,1.0478515625,,0.07918707095086575,,0.004165239932015539,2.9956701837363653e-05,0.3,0.05260000000000001,9.208165168762207,0.10859926833115477,
sb,1053,1.111328125,,0.08921333216130733,,0.004697081938292831,2.9954990168334916e-05,0.3,0.05265,8.974482536315918,0.11142703726409015,
sb,1054,0.919921875,,0.07605648040771484,,0.004008176517486572,2.9953240300528705e-05,0.3,0.052700000000000004,10.867802619934082,0.09201492104445907,
sb,1055,0.935546875,,0.08439358510077,,0.004451761614065617,2.9951461328892037e-05,0.3,0.05275,8.757680892944336,0.11418548040562364,
sb,1056,1.3720703125,,0.09067404270172119,,0.0047875894546508795,2.994965143443551e-05,0.3,0.05280000000000001,8.681191444396973,0.11519156171189168,
sb,1057,1.26953125,,0.09024246409535408,,0.004769314227439463,2.9947801522212103e-05,0.3,0.05285,9.831440925598145,0.10171449002925886,
sb,1058,1.0556640625,,0.0731088388711214,,0.0038674575762823226,2.994592250615824e-05,0.3,0.0529,10.395683288574219,0.09619377314996591,
sb,1059,1.1787109375,,0.08625145629048347,,0.0045670146105811,2.9944010748295113e-05,0.3,0.05295,11.626346588134766,0.0860115421830403,
sb,1060,1.06640625,,0.088657571002841,,0.004698851263150573,2.994206442963332e-05,0.3,0.053000000000000005,8.007498741149902,0.12488294189308818,
sb,1061,1.240234375,,0.0820391196757555,,0.004352175298798829,2.994008536916226e-05,0.3,0.05305,8.727745056152344,0.11457713230235593,
sb,1062,0.9375,,0.08533886820077896,,0.004531493901461363,2.9938071747892536e-05,0.3,0.05310000000000001,10.138419151306152,0.09863470676009366,
sb,1063,1.08984375,,0.07974027097225189,,0.004238195402175188,2.9936029022792354e-05,0.3,0.05315,7.722185134887695,0.12949702481000452,
sb,1064,0.904296875,,0.08428756333887577,,0.0044840983696281915,2.9933948098914698e-05,0.3,0.053200000000000004,8.26132583618164,0.12104594587231496,
sb,1065,0.978515625,,0.07807482220232487,,0.004157484282273799,2.993183625221718e-05,0.3,0.05325,7.662233352661133,0.13051025125105264,
sb,1066,1.14453125,,0.09427505172789097,,0.00502486025709659,2.9929695301689208e-05,0.3,0.05330000000000001,8.555498123168945,0.11688390151029585,
sb,1067,1.0712890625,,0.07554416544735432,,0.0040302812266163526,2.9927514333394356e-05,0.3,0.05335,8.462270736694336,0.11817159142211935,
sb,1068,0.8330078125,,0.08130773343145847,,0.004341832965239883,2.9925302442279644e-05,0.3,0.0534,7.440275192260742,0.13440363080120804,
sb,1069,1.2578125,,0.07993916422128677,,0.004272748327627778,2.9923061447334476e-05,0.3,0.05345,8.773233413696289,0.11398306107288278,
sb,1070,1.0419921875,,0.09404942393302917,,0.0050316441804170615,2.992078043462243e-05,0.3,0.053500000000000006,7.2941365242004395,0.13709641938867012,
sb,1071,1.021484375,,0.08692186325788498,,0.00465466577745974,2.991847213706933e-05,0.3,0.05355,10.645150184631348,0.09393949194288714,
sb,1072,1.1240234375,,0.07644398137927055,,0.0040973974019289025,2.991612745972816e-05,0.3,0.05360000000000001,7.750609397888184,0.129022112799604,
sb,1073,1.1279296875,,0.08123576082289219,,0.004358298568148167,2.9913751859567128e-05,0.3,0.05365,7.729206085205078,0.1293793940769878,
sb,1074,1.138671875,,0.08001271449029446,,0.004296682768128813,2.991134169860743e-05,0.3,0.053700000000000005,7.493871212005615,0.13344237867311387,
sb,1075,0.869140625,,0.08159900084137917,,0.00438594629522413,2.9908898795838468e-05,0.3,0.05375,7.314451694488525,0.13671564756569585,
sb,1076,1.0791015625,,0.07564538158476353,,0.004069721529260278,2.9906424970249645e-05,0.3,0.05380000000000001,9.49896240234375,0.1052746560775167,
sb,1077,1.017578125,,0.07438343949615955,,0.004005548216868192,2.9903914764872752e-05,0.3,0.05385,9.745627403259277,0.10261012027461312,
sb,1078,1.1240234375,,0.07578026503324509,,0.00408455628529191,2.9901371817686595e-05,0.3,0.0539,8.214341163635254,0.1217383086579095,
sb,1079,1.0625,,0.0815306045114994,,0.004398576113395392,2.9898797947680578e-05,0.3,0.05395,8.965434074401855,0.11153949621415478,
sb,1080,0.9443359375,,0.08131100237369537,,0.00439079412817955,2.9896189516875893e-05,0.3,0.054000000000000006,10.644575119018555,0.0939445669572391,
sb,1081,0.888671875,,0.08677509985864162,,0.00469019414735958,2.9893550163251348e-05,0.3,0.05405,17.52449607849121,0.057062981755427226,
sb,1082,1.12109375,,0.08800105564296246,,0.00476085711028427,2.9890874429838732e-05,0.3,0.05410000000000001,7.860838413238525,0.12721289351475396,
sb,1083,1.015625,,0.07863467000424862,,0.004258067380730063,2.9888167773606256e-05,0.3,0.054150000000000004,9.864764213562012,0.10137089730185408,
sb,1084,1.00390625,,0.07655058056116104,,0.004149041466414928,2.988542473758571e-05,0.3,0.054200000000000005,9.794140815734863,0.10210186057295002,
sb,1085,1.12890625,,0.08234558440744877,,0.004467247954104096,2.9882652597734705e-05,0.3,0.05425,10.065105438232422,0.0993531569179085,
sb,1086,1.14453125,,0.08153104968369007,,0.004427135997824371,2.9879847716074437e-05,0.3,0.05430000000000001,15.076566696166992,0.066328098442614,
sb,1087,0.8359375,,0.08013429865241051,,0.004355299131758511,2.9877008273615502e-05,0.3,0.05435,8.589308738708496,0.11642380433869022,
sb,1088,1.0888671875,,0.0796725396066904,,0.004334186154603958,2.98741342703579e-05,0.3,0.054400000000000004,8.48387622833252,0.1178706493454522,
sb,1089,1.005859375,,0.07957874052226543,,0.004333062421437352,2.9871227525291033e-05,0.3,0.05445,9.900229454040527,0.10100775993549073,
sb,1090,1.0439453125,,0.08097157441079617,,0.004412950805388392,2.9868289857404307e-05,0.3,0.05450000000000001,8.990422248840332,0.11122948092109793,
sb,1091,1.0146484375,,0.09181333426386118,,0.005008417384093628,2.9865317628718913e-05,0.3,0.05455,8.999743461608887,0.11111427834202173,
sb,1092,1.0546875,,0.0841001383960247,,0.00459186755642295,2.986231447721366e-05,0.3,0.05460000000000001,8.429574966430664,0.11862994326313347,
sb,1093,1.10546875,,0.09083476662635803,,0.004964119996130467,2.9859276764909737e-05,0.3,0.054650000000000004,7.55275297164917,0.13240205309953976,
sb,1094,1.138671875,,0.0740322656929493,,0.004049564933404327,2.985620631079655e-05,0.3,0.054700000000000006,14.182214736938477,0.07051084887295048,
sb,1095,0.8828125,,0.07714926823973656,,0.004223922436125576,2.9853103114874102e-05,0.3,0.05475,8.280330657958984,0.12076812404089303,
sb,1096,0.833984375,,0.07276890426874161,,0.003987735953927041,2.984996717714239e-05,0.3,0.05480000000000001,8.577863693237305,0.1165791432181872,
sb,1097,0.9541015625,,0.08072789013385773,,0.004427924773842097,2.9846798497601412e-05,0.3,0.05485,9.786949157714844,0.10217688718774239,
sb,1098,0.943359375,,0.0775107592344284,,0.00425534068197012,2.9843595257261768e-05,0.3,0.054900000000000004,8.610618591308594,0.1161356747364681,
sb,1099,0.86328125,,0.08249926753342152,,0.004533334750961513,2.9840361094102263e-05,0.3,0.05495,7.674400806427002,0.13030333249763815,
sb,1100,0.8310546875,,0.07899800315499306,,0.004344890173524619,2.9837094189133495e-05,0.3,0.05500000000000001,8.936400413513184,0.11190187924970879,
sb,1101,0.8525390625,,0.0869398545473814,,0.004786038992833346,2.9833790904376656e-05,0.3,0.05505,8.511895179748535,0.11748264973694646,
sb,1102,0.98046875,,0.0764533132314682,,0.004212577559053899,2.983045851578936e-05,0.3,0.05510000000000001,7.972883701324463,0.1254251331715624,
sb,1103,0.8291015625,,0.0846156645566225,,0.004666553900297732,2.9827091566403396e-05,0.3,0.055150000000000005,8.094184875488281,0.12354548547912615,
sb,1104,1.0244140625,,0.09305230714380741,,0.005136487354338169,2.9823690056218766e-05,0.3,0.055200000000000006,7.315850734710693,0.13668950287017373,
sb,1105,1.0576171875,,0.08051146753132343,,0.004448258581105619,2.9820261261193082e-05,0.3,0.05525,11.432958602905273,0.087466423585745,
sb,1106,0.7431640625,,0.08455390110611916,,0.00467583073116839,2.9816794267389923e-05,0.3,0.05530000000000001,8.643016815185547,0.11570034183469677,
sb,1107,1.05078125,,0.08262870274484158,,0.004573498696926982,2.98132945317775e-05,0.3,0.05535,9.056792259216309,0.11041436872777854,
sb,1108,0.9130859375,,0.08575624227523804,,0.004750895822048188,2.980976387334522e-05,0.3,0.055400000000000005,10.865192413330078,0.09203702630918338,
sb,1109,0.9609375,,0.07470303028821945,,0.004142283029481769,2.9806200473103672e-05,0.3,0.05545,11.03522777557373,0.09061888167034315,
sb,1110,1.0625,,0.08122174255549908,,0.0045078067118301994,2.9802606150042266e-05,0.3,0.05550000000000001,10.713905334472656,0.09333664698179084,
sb,1111,0.890625,,0.08277568221092224,,0.004598189146816731,2.9798975447192788e-05,0.3,0.05555,13.5758056640625,0.07366045336426497,
sb,1112,0.7646484375,,0.08160186186432838,,0.004537063519656659,2.9795312002534047e-05,0.3,0.05560000000000001,8.640427589416504,0.11573501307098286,
sb,1113,1.05078125,,0.09109959006309509,,0.005069692187011242,2.979161581606604e-05,0.3,0.055650000000000005,10.173659324645996,0.09829304953994969,
sb,1114,1.013671875,,0.09225874207913876,,0.005138811933808029,2.978789052576758e-05,0.3,0.055700000000000006,11.407620429992676,0.08766070068134639,
sb,1115,0.6484375,,0.07503831014037132,,0.004183385790325701,2.9784128855681047e-05,0.3,0.05575,7.275314807891846,0.13745109681236847,
sb,1116,0.86328125,,0.09442864172160625,,0.0052691182080656295,2.978033444378525e-05,0.3,0.05580000000000001,9.111328125,0.1097534833869239,
sb,1117,0.923828125,,0.07224356289952993,,0.004034802987938747,2.9776509109069593e-05,0.3,0.055850000000000004,11.193242073059082,0.08933962059186511,
sb,1118,1.0537109375,,0.07200497575104237,,0.004025078144483269,2.977264921355527e-05,0.3,0.055900000000000005,10.900812149047852,0.0917362840792873,
sb,1119,1.1240234375,,0.08639613725244999,,0.004833863879274577,2.9768758395221084e-05,0.3,0.05595,8.318747520446777,0.12021040397512782,
sb,1120,0.80859375,,0.08875012584030628,,0.004970007047057153,2.9764834835077636e-05,0.3,0.05600000000000001,8.131909370422363,0.12297234935219907,
sb,1121,1.052734375,,0.08497868292033672,,0.004763055177684873,2.976087671413552e-05,0.3,0.05605,9.009852409362793,0.11098960943697893,
sb,1122,0.9169921875,,0.08779020793735981,,0.004925030665285887,2.9756887670373544e-05,0.3,0.05610000000000001,12.745101928710938,0.07846151451698447,
sb,1123,0.7958984375,,0.0723516084253788,,0.00406254281308502,2.97528640658129e-05,0.3,0.056150000000000005,11.126123428344727,0.08987856430321604,
sb,1124,1.0341796875,,0.07219823077321053,,0.004057540569454432,2.9748807719442993e-05,0.3,0.05620000000000001,11.148942947387695,0.08969460196531992,
sb,1125,1.052734375,,0.08861104026436806,,0.004984371014870703,2.9744720450253226e-05,0.3,0.05625,10.674478530883789,0.09368139128358952,
sb,1126,0.8876953125,,0.0795170720666647,,0.004476811157353222,2.9740600439254194e-05,0.3,0.056299999999999996,8.837128639221191,0.11315892761386001,
sb,1127,0.91796875,,0.08082806318998337,,0.004554661360755563,2.97364476864459e-05,0.3,0.056350000000000004,12.185399055480957,0.08206542891594534,
sb,1128,0.9677734375,,0.08700336888432503,,0.004906990005075932,2.973226219182834e-05,0.3,0.0564,9.208626747131348,0.10859382484055159,
sb,1129,1.064453125,,0.08680219762027264,,0.00489998405566439,2.9728042136412114e-05,0.3,0.05645,9.614821434020996,0.10400609172642657,
sb,1130,0.7861328125,,0.07561776228249073,,0.004272403568960726,2.9723791158176027e-05,0.3,0.056499999999999995,8.873615264892578,0.11269363953115966,
sb,1131,0.8486328125,,0.08816841430962086,,0.00498592382920906,2.9719505619141273e-05,0.3,0.05655,8.194064140319824,0.12203956216053842,
sb,1132,0.8935546875,,0.07739974930882454,,0.004380825810879469,2.971518915728666e-05,0.3,0.0566,9.805459022521973,0.10198400683773386,
sb,1133,0.8857421875,,0.0809094700962305,,0.0045835214809514585,2.9710843591601588e-05,0.3,0.056650000000000006,10.668525695800781,0.09373366372390218,
sb,1134,0.826171875,,0.07785184495151043,,0.004414199608750642,2.9706459827139042e-05,0.3,0.0567,10.840499877929688,0.09224666862788429,
sb,1135,1.0703125,,0.07942591235041618,,0.004507420525886118,2.9702045139856637e-05,0.3,0.05675,9.854255676269531,0.10147899880537342,
sb,1136,0.8369140625,,0.08964060619473457,,0.005091586431860923,2.9697597710764967e-05,0.3,0.056799999999999996,8.991119384765625,0.11122085662597031,
sb,1137,0.796875,,0.08183686900883913,,0.004652426003152505,2.9693119358853437e-05,0.3,0.056850000000000005,10.595026016235352,0.09438391170230673,
sb,1138,0.787109375,,0.08526450395584106,,0.004851550275087356,2.968860644614324e-05,0.3,0.0569,11.40864372253418,0.08765283799903535,
sb,1139,0.8427734375,,0.09338570572435856,,0.00531831594100222,2.9684064429602586e-05,0.3,0.05695,11.131280899047852,0.08983692075235816,
sb,1140,1.0283203125,,0.0807256381958723,,0.004601361377164721,2.967948603327386e-05,0.3,0.056999999999999995,7.403347969055176,0.13507402383081843,
sb,1141,1.0546875,,0.07536029070615768,,0.004299304584786296,2.9674876714125276e-05,0.3,0.057050000000000003,10.621286392211914,0.09415055418647336,
sb,1142,0.97265625,,0.07796166837215424,,0.004451611264050007,2.9670232834178023e-05,0.3,0.0571,8.57748794555664,0.1165842501146301,
sb,1143,1.01171875,,0.08335443213582039,,0.004763705796562136,2.966555803141091e-05,0.3,0.057150000000000006,9.794227600097656,0.10210095587221489,
sb,1144,0.890625,,0.07238457724452019,,0.004140397818386554,2.9660852305823937e-05,0.3,0.0572,11.947165489196777,0.0837018622454213,
sb,1145,0.9248046875,,0.0833845604211092,,0.004773766084108502,2.9656112019438297e-05,0.3,0.05725,8.026228904724121,0.12459151263570549,
sb,1146,0.82958984375,,0.08967425301671028,,0.005138334697857499,2.9651338991243392e-05,0.3,0.0573,9.415428161621094,0.10620865911081688,
sb,1147,0.9970703125,,0.07899589091539383,,0.004530414343997836,2.964653685921803e-05,0.3,0.057350000000000005,9.161462783813477,0.10915287477528213,
sb,1148,0.8935546875,,0.07658351957798004,,0.004395894023776054,2.96416983474046e-05,0.3,0.0574,18.858291625976562,0.05302707264440321,
sb,1149,0.712890625,,0.06960013508796692,,0.0039985277608036995,2.963683073176071e-05,0.3,0.05745,9.253137588500977,0.10807145040647792,
sb,1150,0.900390625,,0.07840571366250515,,0.0045083285355940455,2.963192673632875e-05,0.3,0.057499999999999996,8.346318244934082,0.11981330817417181,
sb,1151,1.05859375,,0.07193855568766594,,0.004140063879825175,2.9626993637066334e-05,0.3,0.057550000000000004,12.074178695678711,0.08282136824411047,
sb,1152,0.6806640625,,0.07791605964303017,,0.0044879650354385375,2.962202597700525e-05,0.3,0.0576,6.802051067352295,0.14701447991175565,
sb,1153,0.8271484375,,0.08069728687405586,,0.004652198588289321,2.9617027394124307e-05,0.3,0.05765000000000001,13.468657493591309,0.0742464496165132,
sb,1154,0.7333984375,,0.07680165767669678,,0.004431455647945404,2.9611997888423502e-05,0.3,0.0577,9.508054733276367,0.10517398437981135,
sb,1155,0.89453125,,0.0920490613207221,,0.005315833291271702,2.9606932002934627e-05,0.3,0.05775,11.06801700592041,0.09035042135055345,
sb,1156,0.8349609375,,0.0809191856533289,,0.00467712893076241,2.9601835194625892e-05,0.3,0.0578,8.666035652160645,0.11539301707703876,
sb,1157,0.9091796875,,0.07679403759539127,,0.004442535074893386,2.95967092824867e-05,0.3,0.057850000000000006,9.521506309509277,0.1050253990801103,
sb,1158,0.8046875,,0.07939002104103565,,0.0045966822182759645,2.9591546990559436e-05,0.3,0.0579,9.850936889648438,0.10151318714170426,
sb,1159,0.7978515625,,0.0917362179607153,,0.005316113830823452,2.9586353775812313e-05,0.3,0.05795,10.785125732421875,0.09272029133548572,
sb,1160,0.6845703125,,0.0747501440346241,,0.004335508354008198,2.9581131457234733e-05,0.3,0.057999999999999996,9.494422912597656,0.10532499017640683,
sb,1161,0.814453125,,0.0698560532182455,,0.004055143889319152,2.9575870939879678e-05,0.3,0.058050000000000004,11.541641235351562,0.08664279018975586,
sb,1162,0.8720703125,,0.07173746451735497,,0.004167946688458323,2.957058313768357e-05,0.3,0.0581,11.524760246276855,0.08676970094220017,
sb,1163,0.7431640625,,0.07660037465393543,,0.004454311786126346,2.956525895569939e-05,0.3,0.05815000000000001,10.798086166381836,0.09260900353928872,
sb,1164,0.87890625,,0.08241748809814453,,0.0047966978073120115,2.9559905669884756e-05,0.3,0.0582,14.730114936828613,0.06788813286852055,
sb,1165,0.921875,,0.08051292970776558,,0.004689878155477345,2.9554517823271453e-05,0.3,0.05825,9.877148628234863,0.10124379389628656,
sb,1166,0.8740234375,,0.08001318760216236,,0.0046647688372060655,2.9549102691817097e-05,0.3,0.0583,12.192201614379883,0.08201964104830478,
sb,1167,0.61474609375,,0.07365793734788895,,0.004297940644249321,2.9543649361585267e-05,0.3,0.058350000000000006,8.266498565673828,0.12097020184004434,
sb,1168,1.0458984375,,0.07288893591612577,,0.0042567138575017455,2.9538165108533576e-05,0.3,0.0584,10.597497940063477,0.09436189614338442,
sb,1169,0.8623046875,,0.08274598978459835,,0.004836503102909773,2.953265175165143e-05,0.3,0.05845,8.706789016723633,0.11485290364556236,
sb,1170,0.830078125,,0.0808976124972105,,0.004732510331086814,2.9527103833970614e-05,0.3,0.058499999999999996,8.911940574645996,0.11220900673922216,
sb,1171,1.0361328125,,0.07942554540932178,,0.004650365683715791,2.9521523174480535e-05,0.3,0.058550000000000005,9.666024208068848,0.10345515161913584,
sb,1172,0.8994140625,,0.07104027643799782,,0.004162960199266672,2.9515911592170596e-05,0.3,0.0586,9.177724838256836,0.10895946627551477,
sb,1173,0.939453125,,0.07886102423071861,,0.004625199071131647,2.9510269087040797e-05,0.3,0.05865000000000001,10.76293659210205,0.09291144581617343,
sb,1174,0.7548828125,,0.07434909418225288,,0.004364291828498244,2.9504593840101734e-05,0.3,0.0587,8.861287117004395,0.11285042305886318,
sb,1175,0.75927734375,,0.06972967274487019,,0.004096618273761124,2.9498884032364003e-05,0.3,0.058750000000000004,7.408803939819336,0.1349745529943643,
sb,1176,0.6708984375,,0.07672689110040665,,0.004511541196703911,2.9493145120795816e-05,0.3,0.0588,12.377089500427246,0.08079443878671806,
sb,1177,0.8095703125,,0.09173798374831676,,0.005398780343588442,2.9487373467418365e-05,0.3,0.058850000000000006,8.937023162841797,0.11189408170695841,
sb,1178,0.7724609375,,0.085187166929245,,0.00501752413213253,2.9481567253242247e-05,0.3,0.0589,10.20649528503418,0.09797682476435408,
sb,1179,0.9814453125,,0.07465418986976147,,0.004400864492822438,2.9475733754225075e-05,0.3,0.05895,11.637175559997559,0.08593150415616913,
sb,1180,0.7197265625,,0.0771003719419241,,0.004548921944573521,2.9469863875419833e-05,0.3,0.059,9.008639335632324,0.11100455493258007,
sb,1181,0.8515625,,0.08159060217440128,,0.004817925058398396,2.946396307379473e-05,0.3,0.059050000000000005,7.588902950286865,0.1317713517422435,
sb,1182,0.9111328125,,0.08599509298801422,,0.0050823099955916405,2.9458031349349767e-05,0.3,0.0591,11.485519409179688,0.08706615385637326,
sb,1183,0.6806640625,,0.07463478110730648,,0.004414647302497179,2.945206688309554e-05,0.3,0.05915000000000001,7.903606414794922,0.12652451900034895,
sb,1184,0.7880859375,,0.07291112281382084,,0.004316338470578194,2.9446071494021453e-05,0.3,0.0592,9.018006324768066,0.11088925467411656,
sb,1185,0.8310546875,,0.09659864753484726,,0.0057234698664397005,2.9440043363138102e-05,0.3,0.059250000000000004,7.700592041015625,0.12986014512568708,
sb,1186,0.6181640625,,0.0832664780318737,,0.00493770214729011,2.943398430943489e-05,0.3,0.0593,8.699234008789062,0.11495264973785899,
sb,1187,0.76171875,,0.0705657945945859,,0.004188079909188673,2.9427890694933012e-05,0.3,0.05935000000000001,8.895581245422363,0.11241536358454336,
sb,1188,0.7568359375,,0.0755858514457941,,0.00448979957588017,2.9421767976600677e-05,0.3,0.0594,9.723474502563477,0.10284389594854823,
sb,1189,0.66796875,,0.07503264583647251,,0.004460690794978291,2.9415612516459078e-05,0.3,0.05945,11.50515079498291,0.08691759176560061,
sb,1190,0.6875,,0.07729116268455982,,0.004598824179731309,2.9409424314508215e-05,0.3,0.0595,10.402130126953125,0.09613415596569823,
sb,1191,0.7197265625,,0.07845719624310732,,0.004672126036277042,2.940320518973749e-05,0.3,0.059550000000000006,8.28492546081543,0.12070114628425115,
sb,1192,0.779296875,,0.07515704724937677,,0.004479360016062856,2.9396953323157504e-05,0.3,0.0596,12.971867561340332,0.07708990207241015,
sb,1193,0.677734375,,0.07918401248753071,,0.004723326344881208,2.9390668714768253e-05,0.3,0.05965000000000001,10.797654151916504,0.09261270882828816,
sb,1194,0.93359375,,0.0821817684918642,,0.0049062515789642935,2.9384355002548546e-05,0.3,0.0597,10.5711088180542,0.09459745587824417,
sb,1195,0.9267578125,,0.07685759104788303,,0.004592241065111012,2.937800672953017e-05,0.3,0.059750000000000004,10.9891996383667,0.09099843782150342,
sb,1196,0.8291015625,,0.08312137424945831,,0.004970658180117607,2.9371631171670742e-05,0.3,0.0598,9.698294639587402,0.1031109114707762,
sb,1197,0.72265625,,0.07458975911140442,,0.004464197082817555,2.9365221053012647e-05,0.3,0.05985000000000001,10.998960494995117,0.09091768267146993,
sb,1198,0.8134765625,,0.07674264442175627,,0.0045968844008632,2.9358778192545287e-05,0.3,0.0599,9.536211013793945,0.10486345138058703,
sb,1199,0.7861328125,,0.07269370928406715,,0.004357987871579826,2.9352302590268664e-05,0.3,0.05995,11.728130340576172,0.08526508240962069,
sb,1200,0.6787109375,,0.08454609289765358,,0.005072765573859214,2.9345799703150988e-05,0.3,0.06,9.080490112304688,0.11012621429375616,
sb,1201,0.7578125,,0.07788853347301483,,0.004677206435054541,2.9339262255234644e-05,0.3,0.060050000000000006,8.171366691589355,0.1223785491145909,
sb,1202,0.6513671875,,0.08494551293551922,,0.005105225327424705,2.9332692065509036e-05,0.3,0.0601,8.473933219909668,0.11800895452544763,
sb,1203,0.818359375,,0.07263280265033245,,0.0043688630794174975,2.9326092771952972e-05,0.3,0.06015000000000001,11.233400344848633,0.08902024047051577,
sb,1204,0.60888671875,,0.0861817505210638,,0.005188141381368042,2.9319460736587644e-05,0.3,0.060200000000000004,9.895320892333984,0.10105786471004807,
sb,1205,0.97265625,,0.08608616702258587,,0.005186691563110799,2.9312797778402455e-05,0.3,0.060250000000000005,10.401935577392578,0.09613595398277472,
sb,1206,0.7802734375,,0.06963849999010563,,0.00419920154940337,2.93061002594186e-05,0.3,0.0603,9.712794303894043,0.10295698320297807,
sb,1207,0.658203125,,0.07992370799183846,,0.004823395777307451,2.9299373636604287e-05,0.3,0.06035000000000001,9.362885475158691,0.10680468138301681,
sb,1208,0.869140625,,0.07331528887152672,,0.004428243447840214,2.9292616090970114e-05,0.3,0.0604,10.34281063079834,0.09668551766985335,
sb,1209,0.791015625,,0.07340821623802185,,0.004437526671588421,2.9285825803526677e-05,0.3,0.060450000000000004,10.302334785461426,0.0970653760360411,
sb,1210,0.654296875,,0.09116435796022415,,0.005515443656593561,2.927900459326338e-05,0.3,0.0605,6.938654899597168,0.14412015217215315,
sb,1211,0.52734375,,0.07096526212990284,,0.004296946621965617,2.927215064119082e-05,0.3,0.06055000000000001,8.495635986328125,0.11770749142374769,
sb,1212,0.810546875,,0.08441843837499619,,0.005115757365524769,2.9265267585287802e-05,0.3,0.0606,8.791495323181152,0.11374629266573456,
sb,1213,0.73779296875,,0.07429010793566704,,0.004505695046298206,2.9258349968586117e-05,0.3,0.06065000000000001,19.055500030517578,0.052478287024664255,
sb,1214,0.734375,,0.07444474473595619,,0.004518796005472541,2.9251401429064572e-05,0.3,0.060700000000000004,10.518620491027832,0.09506950087732317,
sb,1215,0.6865234375,,0.07740042544901371,,0.004702075846027583,2.924442378571257e-05,0.3,0.060750000000000005,10.451226234436035,0.09568255222579262,
sb,1216,0.7529296875,,0.0797673873603344,,0.004849857151508331,2.9237413400551304e-05,0.3,0.0608,9.231751441955566,0.10832180722016596,
sb,1217,0.6220703125,,0.08551693148910999,,0.005203705281112344,2.9230372092570178e-05,0.3,0.06085000000000001,10.759804725646973,0.09293848963786575,
sb,1218,0.876953125,,0.08027071505784988,,0.004888486547023058,2.922329804277979e-05,0.3,0.0609,11.298502922058105,0.0885073010909876,
sb,1219,0.78173828125,,0.08209988102316856,,0.0050039877483621245,2.9216193070169538e-05,0.3,0.060950000000000004,8.030945777893066,0.12451833540611351,
sb,1220,0.77197265625,,0.08920607157051563,,0.005441570365801453,2.9209057174739428e-05,0.3,0.061,9.272775650024414,0.10784257462298974,
sb,1221,0.7841796875,,0.06874255649745464,,0.0041967330741696065,2.9201890356489457e-05,0.3,0.06105000000000001,9.549847602844238,0.10471371288712181,
sb,1222,0.9033203125,,0.08187410794198513,,0.005002507995255291,2.919468897744082e-05,0.3,0.0611,10.004288673400879,0.09995713165082609,
sb,1223,0.7529296875,,0.07313916459679604,,0.0044724599150940784,2.9187460313551128e-05,0.3,0.06115000000000001,8.840208053588867,0.11311950962444024,
sb,1224,0.861328125,,0.07428159192204475,,0.004546033425629139,2.9180200726841576e-05,0.3,0.061200000000000004,13.764116287231445,0.07265268464257817,
sb,1225,0.70703125,,0.08296806365251541,,0.005081793898716569,2.9172906579333358e-05,0.3,0.061250000000000006,8.076852798461914,0.12381060110324547,
sb,1226,0.841796875,,0.07819784060120583,,0.004793527628853917,2.9165583327994682e-05,0.3,0.0613,9.114657402038574,0.10971339413989835,
sb,1227,0.8271484375,,0.06911417562514544,,0.004240154674602673,2.9158227334846742e-05,0.3,0.06135000000000001,9.804110527038574,0.10199803411458068,
sb,1228,0.6953125,,0.0717287752777338,,0.004404146802052856,2.9150840418878943e-05,0.3,0.0614,12.14648723602295,0.08232832921721522,
sb,1229,0.6611328125,,0.07285836338996887,,0.004477146430313587,2.9143422580091283e-05,0.3,0.061450000000000005,9.797335624694824,0.10206856622115044,
sb,1230,0.708984375,,0.07965807430446148,,0.004898971569724381,2.9135973818483762e-05,0.3,0.0615,10.181241989135742,0.09821984400990426,
sb,1231,0.8388671875,,0.07736358977854252,,0.004761728950869293,2.9128494134056382e-05,0.3,0.06155000000000001,10.89638614654541,0.09177354643558039,
sb,1232,0.7861328125,,0.07233129069209099,,0.004455607506632805,2.9120981707819737e-05,0.3,0.0616,8.91463565826416,0.11217508357427565,
sb,1233,0.953125,,0.07223171554505825,,0.004453085263352842,2.911344199674204e-05,0.3,0.06165000000000001,11.465274810791016,0.08721988931820533,
sb,1234,0.625,,0.07586891390383244,,0.004681111987866461,2.9105867724865675e-05,0.3,0.061700000000000005,7.913671016693115,0.12636360519543935,
sb,1235,0.7021484375,,0.07745331712067127,,0.004782742332201452,2.909826253016945e-05,0.3,0.061750000000000006,12.0685396194458,0.08286006687907124,
sb,1236,0.685546875,,0.06858191080391407,,0.004238362087681889,2.9090626412653364e-05,0.3,0.0618,10.976155281066895,0.09110658280545016,
sb,1237,0.630859375,,0.07080095633864403,,0.004379039149545134,2.908295937231742e-05,0.3,0.06185000000000001,8.79034423828125,0.11376118760458544,
sb,1238,0.67724609375,,0.08592279441654682,,0.005318620974384248,2.9075261409161612e-05,0.3,0.061900000000000004,9.032731056213379,0.11070848824975545,
sb,1239,0.7783203125,,0.0865374244749546,,0.005360993446223438,2.9067532523185946e-05,0.3,0.061950000000000005,10.783939361572266,0.09273049174992792,
sb,1240,0.61328125,,0.08671504445374012,,0.005376332756131887,2.9059774533379823e-05,0.3,0.062,10.134889602661133,0.09866905701049063,
sb,1241,0.8310546875,,0.0811837650835514,,0.005037452623434365,2.9051981982775033e-05,0.3,0.06205000000000001,11.317309379577637,0.08836022471953665,
sb,1242,0.8681640625,,0.07525554485619068,,0.004673369335569441,2.9044160328339785e-05,0.3,0.0621,12.743569374084473,0.0784709503785977,
sb,1243,0.80712890625,,0.07330543361604214,,0.004555932699237019,2.9036305932095274e-05,0.3,0.06215000000000001,8.339256286621094,0.1199147700502176,
sb,1244,0.83984375,,0.07041237689554691,,0.004379649842903018,2.902842425100971e-05,0.3,0.062200000000000005,10.32337474822998,0.09686754810208333,
sb,1245,0.6396484375,,0.08363312389701605,,0.00520616196258925,2.902050800912548e-05,0.3,0.06225000000000001,8.747429847717285,0.1143192934849267,
sb,1246,0.9189453125,,0.07148425281047821,,0.004453468950092793,2.901256266341079e-05,0.3,0.0623,9.493732452392578,0.10533265025263941,
sb,1247,0.8203125,,0.08305411227047443,,0.005178423900064082,2.900458639487624e-05,0.3,0.06235000000000001,9.866070747375488,0.10135747306150363,
sb,1248,0.79248046875,,0.07335127703845501,,0.0045771196871995925,2.899657738453243e-05,0.3,0.062400000000000004,9.535761833190918,0.10486839095742952,
sb,1249,0.71875,,0.0712960809469223,,0.0044524402551352985,2.8988541089347564e-05,0.3,0.062450000000000006,9.628401756286621,0.1038593969499741,
sb,1250,0.8037109375,,0.08251354098320007,,0.005157096311450005,2.8980472052353434e-05,0.3,0.0625,12.235666275024414,0.08172828332538064,
sb,1251,0.56787109375,,0.07887095026671886,,0.004933377939183264,2.8972373911528848e-05,0.3,0.06255,7.221441745758057,0.1384765030594354,
sb,1252,0.56640625,,0.08406669273972511,,0.0052625749655067925,2.8964243028894998e-05,0.3,0.0626,8.002089500427246,0.12496736008096487,
sb,1253,0.67529296875,,0.07869515009224415,,0.004930251153279096,2.8956081223441288e-05,0.3,0.06265,7.908481597900391,0.12644652296661957,
sb,1254,0.70263671875,,0.0725276842713356,,0.0045474858038127425,2.894789031415712e-05,0.3,0.0627,12.158106803894043,0.08224964759149149,
sb,1255,0.63916015625,,0.07641859166324139,,0.004795266626868397,2.893966666306369e-05,0.3,0.06275,10.595458030700684,0.09438006333491837,
sb,1256,0.71875,,0.07292078249156475,,0.004579425140470267,2.8931413908139803e-05,0.3,0.06280000000000001,10.221500396728516,0.09783299527338071,
sb,1257,0.666015625,,0.07029774226248264,,0.004418213101197034,2.892312841140665e-05,0.3,0.06285,9.238049507141113,0.10824795853572651,
sb,1258,0.66064453125,,0.07160819415003061,,0.0045041554120369256,2.8914815629832447e-05,0.3,0.0629,10.895106315612793,0.09178432692914527,
sb,1259,0.58447265625,,0.07761667668819427,,0.004885969797521829,2.8906470106448978e-05,0.3,0.06294999999999999,9.239059448242188,0.10823612572276053,
sb,1260,0.546875,,0.0787191092967987,,0.0049593038856983185,2.889809366024565e-05,0.3,0.063,10.198046684265137,0.09805799394338223,
sb,1261,0.6689453125,,0.08250349201261997,,0.0052018451713956885,2.888968629122246e-05,0.3,0.06305,10.806666374206543,0.09253547443518843,
sb,1262,0.80859375,,0.07811466883867979,,0.004929035603720695,2.8881249818368815e-05,0.3,0.0631,10.557676315307617,0.09471781196304493,
sb,1263,0.7255859375,,0.07499245554208755,,0.0047357735674828285,2.887278242269531e-05,0.3,0.06315,13.939992904663086,0.07173604799077686,
sb,1264,0.57080078125,,0.06809112336486578,,0.004303358996659518,2.8864284104201943e-05,0.3,0.0632,12.555340766906738,0.07964738023166934,
sb,1265,0.607421875,,0.089658722281456,,0.005670914184302092,2.885575668187812e-05,0.3,0.06325,8.95898723602295,0.11161975942762002,
sb,1266,0.728515625,,0.0825163833796978,,0.005223287067934871,2.8847196517745033e-05,0.3,0.06330000000000001,11.049297332763672,0.09050349265511873,
sb,1267,0.6240234375,,0.07668248750269413,,0.0048578355832956735,2.883860724978149e-05,0.3,0.06335,8.214266777038574,0.12173941109330785,
sb,1268,0.6689453125,,0.06679713632911444,,0.004234938443265855,2.8829985240008682e-05,0.3,0.0634,10.757364273071289,0.0929595739825676,
sb,1269,0.7548828125,,0.07855706661939621,,0.004984445877000689,2.882133594539482e-05,0.3,0.06344999999999999,7.680454254150391,0.13020063226854278,
sb,1270,0.6435546875,,0.0808582678437233,,0.0051345000080764295,2.88126557279611e-05,0.3,0.0635,11.03549861907959,0.09061665761718019,
sb,1271,0.8076171875,,0.07634688541293144,,0.004851844567991793,2.8803942768718116e-05,0.3,0.06355,11.93011474609375,0.08382149051227086,
sb,1272,0.60205078125,,0.07480146549642086,,0.004757373205572367,2.8795202524634078e-05,0.3,0.0636,8.798046112060547,0.113661600230667,
sb,1273,0.5615234375,,0.08137038722634315,,0.005179225146956742,2.8786429538740776e-05,0.3,0.06365,7.603463649749756,0.13151900844990716,
sb,1274,0.7041015625,,0.06941401213407516,,0.004421672572940589,2.8777627449017018e-05,0.3,0.0637,10.050168991088867,0.09950081445263906,
sb,1275,0.69140625,,0.07809948176145554,,0.00497884196229279,2.87687944364734e-05,0.3,0.06375,7.440917491912842,0.13439202908604345,
sb,1276,0.6962890625,,0.07046463899314404,,0.00449564396776259,2.8759932320099324e-05,0.3,0.06380000000000001,9.47534465789795,0.10553705813397232,
sb,1277,0.60498046875,,0.07080008462071419,,0.004520585403032601,2.8751039280905388e-05,0.3,0.06385,8.766997337341309,0.11406413866931336,
sb,1278,0.603515625,,0.07298679277300835,,0.004663856058195233,2.8742115318891592e-05,0.3,0.0639,11.25865364074707,0.08882056699753353,
sb,1279,0.732421875,,0.08073021471500397,,0.005162697231024503,2.873316225304734e-05,0.3,0.06394999999999999,12.21072769165039,0.08189520110941406,
sb,1280,0.73046875,,0.07563444599509239,,0.004840604543685913,2.8724178264383227e-05,0.3,0.064,10.291032791137695,0.09717197683610217,
sb,1281,0.53857421875,,0.06978913210332394,,0.004469993911217898,2.8715165171888657e-05,0.3,0.06405,11.184369087219238,0.08941049711447151,
sb,1282,0.544921875,,0.08980493806302547,,0.005756496529839933,2.8706121156574227e-05,0.3,0.0641,10.249268531799316,0.09756793832627238,
sb,1283,0.60205078125,,0.06427961122244596,,0.0041235370599199085,2.8697046218439937e-05,0.3,0.06415,8.302577018737793,0.12044453158858211,
sb,1284,0.6357421875,,0.0760902063921094,,0.004884991250373423,2.868794217647519e-05,0.3,0.06420000000000001,9.251569747924805,0.10808976500710135,
sb,1285,0.634765625,,0.09278614073991776,,0.005961509542539716,2.8678807211690582e-05,0.3,0.06425,7.86027717590332,0.12722197673456442,
sb,1286,0.58447265625,,0.09779350645840168,,0.006288122465275229,2.866964314307552e-05,0.3,0.06430000000000001,8.163894653320312,0.12249055658665231,
sb,1287,0.619140625,,0.08148853667080402,,0.00524378733476624,2.8660448151640594e-05,0.3,0.06435,20.213642120361328,0.04947153976732841,
sb,1288,0.57470703125,,0.08620383962988853,,0.005551527272164822,2.8651224056375213e-05,0.3,0.0644,6.476024627685547,0.15441571913190638,
sb,1289,0.716796875,,0.07378583960235119,,0.004755497362371534,2.8641970857279375e-05,0.3,0.06445,43.71793746948242,0.022873906178626478,
sb,1290,0.52734375,,0.07745899818837643,,0.0049961053831502795,2.8632686735363677e-05,0.3,0.0645,8.826772689819336,0.11329169053524904,
sb,1291,0.66796875,,0.06665371544659138,,0.004302497332077473,2.8623373509617522e-05,0.3,0.06455,8.474322319030762,0.11800353613578077,
sb,1292,0.662109375,,0.06804072018712759,,0.004395430524088442,2.8614027542062104e-05,0.3,0.0646,9.920228004455566,0.10080413469840215,
sb,1293,0.4794921875,,0.07442759163677692,,0.004811743799317628,2.860465247067623e-05,0.3,0.06465,7.43229341506958,0.1345479711514643,
sb,1294,0.7060546875,,0.07933892495930195,,0.005133228444866837,2.8595248295459896e-05,0.3,0.06470000000000001,8.784200668334961,0.11384075088411537,
sb,1295,0.638671875,,0.06794440560042858,,0.004399400262627751,2.8585813197423704e-05,0.3,0.06475,11.242071151733398,0.08895158076328413,
sb,1296,0.52734375,,0.0678375605493784,,0.004395873923599721,2.857635081454646e-05,0.3,0.06480000000000001,9.766167640686035,0.10239431031615528,
sb,1297,0.6376953125,,0.0735013335943222,,0.004766561483591795,2.8566859327838756e-05,0.3,0.06485,8.880471229553223,0.11260663698477069,
sb,1298,0.5869140625,,0.07428617682307959,,0.004821172875817865,2.855733509932179e-05,0.3,0.0649,9.338279724121094,0.10708610467268034,
sb,1299,0.61376953125,,0.07773221656680107,,0.005048707466013729,2.854778358596377e-05,0.3,0.06495,8.719634056091309,0.11468371190433457,
sb,1300,0.58203125,,0.0769189428538084,,0.004999731285497546,2.8538199330796488e-05,0.3,0.065,10.255678176879883,0.09750695982781249,
sb,1301,0.666015625,,0.08444773964583874,,0.005493325463961809,2.8528585971798748e-05,0.3,0.06505,10.645671844482422,0.0939348887142612,
sb,1302,0.51025390625,,0.08018505200743675,,0.005220046885684133,2.8518945327959955e-05,0.3,0.0651,8.665910720825195,0.11539468063026351,
sb,1303,0.6103515625,,0.08699104469269514,,0.005667466561729088,2.85092737613013e-05,0.3,0.06515,7.9987359046936035,0.12501975461062625,
sb,1304,0.533203125,,0.06640821974724531,,0.004329815927520395,2.8499571271822788e-05,0.3,0.06520000000000001,10.02004623413086,0.09979993870624491,
sb,1305,0.70654296875,,0.07815393432974815,,0.005099544215016068,2.8489839678513817e-05,0.3,0.06525,8.38068962097168,0.11932192280425453,
sb,1306,0.6787109375,,0.07018782664090395,,0.004583265079651028,2.8480080800363794e-05,0.3,0.06530000000000001,7.720710277557373,0.12952176212424504,
sb,1307,0.654296875,,0.08155398443341255,,0.005329552882723511,2.847029099939391e-05,0.3,0.06535,9.759855270385742,0.10246053576576004,
sb,1308,0.5927734375,,0.0681422557681799,,0.004456503527238965,2.8460470275604166e-05,0.3,0.0654,9.001227378845215,0.11109596035205278,
sb,1309,0.5849609375,,0.07932518236339092,,0.005191833185683935,2.8450620447983965e-05,0.3,0.06545,12.23375415802002,0.08174105733066699,
sb,1310,0.7041015625,,0.0689315227791667,,0.004515014742035419,2.844074333552271e-05,0.3,0.0655,10.074978828430176,0.09925579170232501,
sb,1311,0.6591796875,,0.0718833114951849,,0.00471195106850937,2.8430835300241597e-05,0.3,0.06555,12.140680313110352,0.08236770709794,
sb,1312,0.5341796875,,0.07393649592995644,,0.004850234133005143,2.8420896342140622e-05,0.3,0.0656,8.291399955749512,0.12060689453372338,
sb,1313,0.587890625,,0.06962934136390686,,0.004571166260540486,2.8410930099198595e-05,0.3,0.06565,10.518282890319824,0.09507255228135374,
sb,1314,0.576171875,,0.07720398530364037,,0.0050723018344491725,2.840093475242611e-05,0.3,0.06570000000000001,16.562345504760742,0.06037792169669183,
sb,1315,0.59228515625,,0.0720711201429367,,0.004738676149398088,2.8390908482833765e-05,0.3,0.06575,8.53571891784668,0.11715474813834095,
sb,1316,0.5078125,,0.07039841543883085,,0.004632215735875071,2.8380853109410964e-05,0.3,0.06580000000000001,9.424944877624512,0.10610141629306194,
sb,1317,0.6669921875,,0.054448374547064304,,0.003585425463924185,2.837077045114711e-05,0.3,0.06585,12.689263343811035,0.07880678120591865,
sb,1318,0.556640625,,0.07630735822021961,,0.005028654906712472,2.8360656870063394e-05,0.3,0.0659,8.490533828735352,0.11777822457000305,
sb,1319,0.49560546875,,0.07018900569528341,,0.004628964925603941,2.8350514185149223e-05,0.3,0.06595,9.6356782913208,0.10378096588184516,
sb,1320,0.5283203125,,0.0737763661891222,,0.0048692401684820655,2.834034057741519e-05,0.3,0.066,7.451287269592285,0.13420499892426202,
sb,1321,0.62890625,,0.0695102084428072,,0.004591149267647416,2.8330139684840105e-05,0.3,0.06605,10.680706024169922,0.09362676940429296,
sb,1322,0.61376953125,,0.06836438830941916,,0.004518886067252607,2.831990786944516e-05,0.3,0.0661,10.773818969726562,0.09281759818035812,
sb,1323,0.59375,,0.08410611934959888,,0.005563619794975967,2.8309650588198565e-05,0.3,0.06615,8.227534294128418,0.12154309714803016,
sb,1324,0.69140625,,0.07048073224723339,,0.004665824474766851,2.8299360565142706e-05,0.3,0.06620000000000001,10.610052108764648,0.09425024399021846,
sb,1325,0.533203125,,0.07811108324676752,,0.005174859265098348,2.828904143825639e-05,0.3,0.06625,10.178750038146973,0.09824389008987282,
sb,1326,0.41552734375,,0.06988961063325405,,0.004633681184984744,2.827869502652902e-05,0.3,0.06630000000000001,8.64385986328125,0.11568905741380163,
sb,1327,0.5673828125,,0.0845231544226408,,0.005608111295942218,2.82683213299606e-05,0.3,0.06635,6.653115272521973,0.15030552741662231,
sb,1328,0.52490234375,,0.06609907746315002,,0.004388978743553162,2.825791307259351e-05,0.3,0.0664,8.163293838500977,0.12249957183749124,
sb,1329,0.52783203125,,0.07714319601655006,,0.005126165375299752,2.824747934937477e-05,0.3,0.06645,9.28534984588623,0.10769653449762463,
sb,1330,0.60205078125,,0.07424608990550041,,0.004937364978715777,2.8237016522325575e-05,0.3,0.0665,10.5552978515625,0.0947391550729163,
sb,1331,0.728515625,,0.0757480338215828,,0.005041031650826335,2.8226526410435326e-05,0.3,0.06655,9.949899673461914,0.10050352594681645,
sb,1332,0.60986328125,,0.06888383068144321,,0.0045876631233841185,2.8216005375725217e-05,0.3,0.0666,9.590409278869629,0.1042708367205226,
sb,1333,0.6611328125,,0.066896827891469,,0.004458673578966409,2.8205453418195248e-05,0.3,0.06665,11.723907470703125,0.08529579429886326,
sb,1334,0.5048828125,,0.07221636734902859,,0.004816831702180208,2.8194874175824225e-05,0.3,0.06670000000000001,11.192962646484375,0.0893418509096957,
sb,1335,0.53271484375,,0.06958371587097645,,0.0046447130343876784,2.818426764861215e-05,0.3,0.06675,9.468465805053711,0.10561373094533,
sb,1336,0.61376953125,,0.06762183923274279,,0.004517138860747219,2.8173632017569616e-05,0.3,0.06680000000000001,9.884607315063477,0.10116739776562163,
sb,1337,0.5302734375,,0.07305379025638103,,0.004883645878639073,2.8162965463707224e-05,0.3,0.06685,8.590895652770996,0.11640229848181775,
sb,1338,0.5830078125,,0.06623485870659351,,0.004431112047471106,2.8152271625003777e-05,0.3,0.0669,11.761473655700684,0.08502335925526719,
sb,1339,0.5439453125,,0.07033790089190006,,0.004709122464712709,2.814154686348047e-05,0.3,0.06695,9.679984092712402,0.1033059548881751,
sb,1340,0.5908203125,,0.08073323033750057,,0.005409126432612539,2.8130796636105515e-05,0.3,0.067,8.109598159790039,0.12331067215615162,
sb,1341,0.5869140625,,0.07094728387892246,,0.004757015384081751,2.8120017304900102e-05,0.3,0.06705,13.327388763427734,0.07503345312055001,
sb,1342,0.5419921875,,0.07509908638894558,,0.005039148696698249,2.8109208869864233e-05,0.3,0.0671,8.878318786621094,0.11263393712635313,
sb,1343,0.5693359375,,0.09091877192258835,,0.006105195534601808,2.80983676930191e-05,0.3,0.06715,8.323062896728516,0.12014807678469697,
sb,1344,0.6884765625,,0.07369381189346313,,0.004952224159240724,2.808750286931172e-05,0.3,0.06720000000000001,13.126724243164062,0.0761804682932046,
sb,1345,0.646484375,,0.07034957222640514,,0.004731008732225746,2.8076608941773884e-05,0.3,0.06725,11.284540176391602,0.08861681418726312,
sb,1346,0.5966796875,,0.07548567932099104,,0.0050801862183026975,2.806568591040559e-05,0.3,0.06730000000000001,9.77231502532959,0.10232989802396113,
sb,1347,0.611328125,,0.07649650424718857,,0.00515203956104815,2.805473377520684e-05,0.3,0.06735000000000001,8.860299110412598,0.11286300694124456,
sb,1348,0.501953125,,0.07297217845916748,,0.004918324828147888,2.8043752536177635e-05,0.3,0.0674,8.760241508483887,0.11415210402950038,
sb,1349,0.552734375,,0.0694186594337225,,0.004682288578804582,2.8032744012307376e-05,0.3,0.06745,8.390518188476562,0.11918215031979647,
sb,1350,0.5498046875,,0.07265381142497063,,0.004904132271185518,2.8021708203596063e-05,0.3,0.0675,8.798700332641602,0.11365314900999403,
sb,1351,0.51220703125,,0.07850558310747147,,0.005303052138909697,2.801064147206489e-05,0.3,0.06755,9.447917938232422,0.10584342566665926,
sb,1352,0.5888671875,,0.0824307668954134,,0.0055723198421299466,2.7999547455692664e-05,0.3,0.06760000000000001,7.484806060791016,0.13360399613270904,
sb,1353,0.498046875,,0.07233601249754429,,0.0048935312454588716,2.798842433548998e-05,0.3,0.06765,7.777063369750977,0.12858323925834492,
sb,1354,0.75390625,,0.08250526897609234,,0.005585606709681452,2.7977273930446245e-05,0.3,0.06770000000000001,10.107443809509277,0.0989369833606377,
sb,1355,0.47607421875,,0.07211298123002052,,0.00488565447833389,2.7966094421572052e-05,0.3,0.06775,8.085453033447266,0.12367890776970428,
sb,1356,0.52685546875,,0.06943029351532459,,0.004707373900339008,2.7954887627856806e-05,0.3,0.06780000000000001,9.064105987548828,0.11032527657704787,
sb,1357,0.55224609375,,0.06532556004822254,,0.0044323392492718995,2.7943651730311103e-05,0.3,0.06785000000000001,11.076761245727539,0.09027909673377801,
sb,1358,0.59423828125,,0.0650991527363658,,0.004420232470799238,2.7932386728934944e-05,0.3,0.0679,11.557805061340332,0.0865216184814275,
sb,1359,0.4619140625,,0.07897909544408321,,0.005366629535425454,2.7921096261707135e-05,0.3,0.06795,7.490240097045898,0.13350706880469607,
sb,1360,0.61083984375,,0.07463128492236137,,0.005074927374720574,2.7909774871659465e-05,0.3,0.068,11.20763111114502,0.08922492095636396,
sb,1361,0.46142578125,,0.08339417912065983,,0.005674973889160901,2.7898426196770743e-05,0.3,0.06805,7.855334758758545,0.12730202221936113,
sb,1362,0.5712890625,,0.0784248523414135,,0.0053407324444502595,2.7887048418051563e-05,0.3,0.06810000000000001,9.906023979187012,0.10094867548282173,
sb,1363,0.611328125,,0.06797257624566555,,0.004632331071142108,2.7875645173480734e-05,0.3,0.06815,13.891438484191895,0.07198678532377872,
sb,1364,0.52685546875,,0.0657892981544137,,0.004486830134131015,2.7864211006090045e-05,0.3,0.06820000000000001,8.64697551727295,0.11564737265676638,
sb,1365,0.4814453125,,0.0698842965066433,,0.004769603236578405,2.7852749553858303e-05,0.3,0.06825,9.705214500427246,0.1030373929351049,
sb,1366,0.458984375,,0.06521099805831909,,0.004453911167383195,2.784126263577491e-05,0.3,0.06830000000000001,7.899327754974365,0.12659305082894934,
sb,1367,0.708984375,,0.07134684734046459,,0.0048765570157207555,2.7829744794871658e-05,0.3,0.06835000000000001,10.580653190612793,0.09451212339964085,
sb,1368,0.5458984375,,0.07208587881177664,,0.004930674110725522,2.7818201488116756e-05,0.3,0.0684,9.545692443847656,0.1047592938786243,
sb,1369,0.595703125,,0.07710832543671131,,0.005278064876142889,2.7806627258541994e-05,0.3,0.06845,7.234196662902832,0.13823234929844092,
sb,1370,0.4599609375,,0.08616072684526443,,0.005902009788900614,2.7795027563115582e-05,0.3,0.0685,6.593188285827637,0.1516716885136659,
sb,1371,0.75,,0.06747589260339737,,0.004625472437962889,2.7783398763858713e-05,0.3,0.06855,12.632393836975098,0.07916155978869133,
sb,1372,0.52392578125,,0.07585746236145496,,0.005203821917995811,2.777174267976079e-05,0.3,0.06860000000000001,10.507740020751953,0.0951679426808314,
sb,1373,0.48876953125,,0.07867261487990618,,0.005400875011505559,2.7760057491832413e-05,0.3,0.06865,9.036799430847168,0.11065864719609624,
sb,1374,0.443359375,,0.06972619518637657,,0.004790189609304071,2.7748346838052385e-05,0.3,0.06870000000000001,9.530467987060547,0.10492664173025851,
sb,1375,0.61279296875,,0.09331569261848927,,0.006415453867521137,2.7736605261452496e-05,0.3,0.06875,13.461368560791016,0.07428665187228468,
sb,1376,0.5341796875,,0.06648991163820028,,0.004574505920708179,2.7724838219000958e-05,0.3,0.0688,11.02262020111084,0.0907225307372218,
sb,1377,0.599609375,,0.07539518363773823,,0.005190958393458278,2.7713043891708367e-05,0.3,0.06885000000000001,11.102888107299805,0.0900666556607493,
sb,1378,0.6396484375,,0.06474477052688599,,0.004460914689302445,2.770122046058532e-05,0.3,0.0689,13.371282577514648,0.07478714133837955,
sb,1379,0.521484375,,0.06938151456415653,,0.0047838554291985925,2.768937156361062e-05,0.3,0.06895,12.297296524047852,0.08131868643196985,
sb,1380,0.5615234375,,0.08552715182304382,,0.005901373475790023,2.7677491743816063e-05,0.3,0.06899999999999999,8.895033836364746,0.11242228173565706,
sb,1381,0.5771484375,,0.06548468768596649,,0.004521717684715986,2.766558463918045e-05,0.3,0.06905,11.93571662902832,0.08378214991866889,
sb,1382,0.62109375,,0.07504209876060486,,0.0051854090243577955,2.7653653887682594e-05,0.3,0.0691,9.935027122497559,0.10065397785734588,
sb,1383,0.46484375,,0.07013676222413778,,0.0048499571077991275,2.764169403235428e-05,0.3,0.06915,9.729622840881348,0.10277890688611893,
sb,1384,0.46435546875,,0.06582921370863914,,0.004555381588637828,2.762970507319551e-05,0.3,0.0692,8.798866271972656,0.11365100560572625,
sb,1385,0.6279296875,,0.08372613415122032,,0.005798034789972008,2.761769064818509e-05,0.3,0.06925,9.753886222839355,0.10252323813850066,
sb,1386,0.619140625,,0.06694945693016052,,0.004639597365260124,2.7605647119344212e-05,0.3,0.0693,12.051456451416016,0.08297752259499744,
sb,1387,0.45849609375,,0.07460334524512291,,0.005173741992749274,2.7593574486672878e-05,0.3,0.06935000000000001,7.606111526489258,0.13147322340954007,
sb,1388,0.55810546875,,0.06579731777310371,,0.004566333853453398,2.75814782071393e-05,0.3,0.0694,9.411670684814453,0.10625106142031515,
sb,1389,0.5048828125,,0.06891036871820688,,0.004785825107479468,2.756935282377526e-05,0.3,0.06945,8.379237174987793,0.11934260590988187,
sb,1390,0.5537109375,,0.06799617223441601,,0.004725733970291912,2.7557200155570172e-05,0.3,0.06949999999999999,8.98521614074707,0.11129392819668506,
sb,1391,0.50927734375,,0.08027305454015732,,0.0055829909432679415,2.754502020252403e-05,0.3,0.06955,10.074469566345215,0.09926080905942693,
sb,1392,0.47412109375,,0.07529281079769135,,0.005240379631519318,2.7532814783626236e-05,0.3,0.0696,8.488627433776855,0.11780467546742934,
sb,1393,0.6845703125,,0.06606225110590458,,0.004601235789526254,2.7520580260897987e-05,0.3,0.06965,11.351958274841309,0.08809052815285998,
sb,1394,0.4677734375,,0.06450806930661201,,0.004496212430670857,2.750831663433928e-05,0.3,0.0697,12.6017484664917,0.0793540676247443,
sb,1395,0.5322265625,,0.07376253511756659,,0.0051449368244502695,2.7496027541928925e-05,0.3,0.06975,9.585031509399414,0.1043293388257895,
sb,1396,0.47509765625,,0.08893943764269352,,0.006207972747460008,2.748371298366692e-05,0.3,0.0698,7.536868095397949,0.13268110670672414,
sb,1397,0.52392578125,,0.07381733879446983,,0.005156141114793718,2.7471369321574457e-05,0.3,0.06985000000000001,9.260161399841309,0.10798947845737732,
sb,1398,0.5869140625,,0.07683860883116722,,0.005371018757298589,2.7459000193630345e-05,0.3,0.0699,10.866950988769531,0.09202213215403766,
sb,1399,0.509765625,,0.07226620987057686,,0.005055021380446851,2.744660378084518e-05,0.3,0.06995,8.863106727600098,0.11282725467876369,
sb,1400,0.4853515625,,0.07257386110723019,,0.005080170277506113,2.7434180083218962e-05,0.3,0.06999999999999999,8.46907901763916,0.11807659344271415,
sb,1401,0.57373046875,,0.0836764182895422,,0.005861533101182431,2.7421727281762287e-05,0.3,0.07005,9.163458824157715,0.10912909843209971,
sb,1402,0.55078125,,0.06799118407070637,,0.004766182003356516,2.740925265243277e-05,0.3,0.0701,8.846343994140625,0.11304104844468515,
sb,1403,0.5390625,,0.06840827316045761,,0.0047988403622061014,2.7396745281293988e-05,0.3,0.07015,8.730059623718262,0.11454675490224031,
sb,1404,0.53125,,0.06311004608869553,,0.0044303252354264255,2.738421426329296e-05,0.3,0.0702,11.134137153625488,0.08981387477110257,
sb,1405,0.46142578125,,0.07814623601734638,,0.005489773080218584,2.737165596045088e-05,0.3,0.07025,6.887053489685059,0.14519997579483435,
sb,1406,0.48583984375,,0.06741621531546116,,0.0047393599366769195,2.7359070372767746e-05,0.3,0.0703,8.042274475097656,0.1243429334694346,
sb,1407,0.55419921875,,0.07533689588308334,,0.005299950625374914,2.734645750024356e-05,0.3,0.07035000000000001,10.214506149291992,0.0978999851176666,
sb,1408,0.529296875,,0.08044852130115032,,0.005663575899600983,2.7333819161867723e-05,0.3,0.0704,9.613058090209961,0.10402516978633579,
sb,1409,0.4609375,,0.07253197953104973,,0.005109877957962453,2.7321153538650833e-05,0.3,0.07045,7.582025051116943,0.1318908857802686,
sb,1410,0.7001953125,,0.07751350849866867,,0.005464702349156141,2.730846063059289e-05,0.3,0.0705,10.928955078125,0.09150005584720206,
sb,1411,0.46728515625,,0.07551619689911604,,0.005327667691232637,2.7295742256683297e-05,0.3,0.07055,7.895533561706543,0.12665388503318067,
sb,1412,0.4521484375,,0.07684678584337234,,0.0054253830805420875,2.728299659793265e-05,0.3,0.0706,10.054341316223145,0.0994595238562723,
sb,1413,0.43896484375,,0.07097987271845341,,0.005014728007558734,2.7270223654340953e-05,0.3,0.07065,8.342835426330566,0.11986332570386452,
sb,1414,0.49658203125,,0.0645502945408225,,0.004563705824036151,2.7257427063887008e-05,0.3,0.0707,9.888803482055664,0.10112446888186336,
sb,1415,0.5771484375,,0.06863346695899963,,0.004855817787349225,2.7244599550613202e-05,0.3,0.07075000000000001,16.610992431640625,0.06020109900810018,
sb,1416,0.482421875,,0.07474210858345032,,0.0052917412877082825,2.7231746571487747e-05,0.3,0.0708,10.685805320739746,0.09358209044470717,
sb,1417,0.48779296875,,0.05944191385060549,,0.0042114595963154,2.7218868126510642e-05,0.3,0.07085000000000001,9.854126930236816,0.10148032464769234,
sb,1418,0.560546875,,0.06701134890317917,,0.004751104637235403,2.7205964215681888e-05,0.3,0.0709,12.816773414611816,0.07802275718317263,
sb,1419,0.47607421875,,0.07610178366303444,,0.005399421550892293,2.719303302001208e-05,0.3,0.07095,8.947898864746094,0.11175808031759377,
sb,1420,0.51513671875,,0.07629493437707424,,0.005416940340772271,2.718007453950122e-05,0.3,0.071,7.9597697257995605,0.1256317750950452,
sb,1421,0.52490234375,,0.07442013826221228,,0.005287550823530183,2.716709059313871e-05,0.3,0.07105,7.492990016937256,0.13345807184309422,
sb,1422,0.52880859375,,0.06668335478752851,,0.004741186525393277,2.715408118092455e-05,0.3,0.0711,8.763167381286621,0.11411399058010216,
sb,1423,0.501953125,,0.061710779555141926,,0.004390721965348348,2.7141044483869337e-05,0.3,0.07115,9.097756385803223,0.10991721008934359,
sb,1424,0.5068359375,,0.06902031786739826,,0.0049142466321587565,2.712798050197307e-05,0.3,0.0712,8.483576774597168,0.11787480994977896,
sb,1425,0.52099609375,,0.07143010757863522,,0.00508939516497776,2.7114892873214558e-05,0.3,0.07125000000000001,10.199005126953125,0.09804877902818962,
sb,1426,0.41455078125,,0.06944308802485466,,0.004951292176172137,2.7101777959614992e-05,0.3,0.0713,7.931375980377197,0.12608152765347058,
sb,1427,0.47607421875,,0.07909493893384933,,0.005643423892930151,2.7088635761174373e-05,0.3,0.07135000000000001,8.769824981689453,0.11402736110331772,
sb,1428,0.48681640625,,0.06879873760044575,,0.004912229864671827,2.7075468096882105e-05,0.3,0.0714,8.98660945892334,0.11127667276194365,
sb,1429,0.490234375,,0.07573077082633972,,0.005410963575541973,2.706227678572759e-05,0.3,0.07145,10.550933837890625,0.09477834051131943,
sb,1430,0.48095703125,,0.08366124238818884,,0.005981778830755502,2.7049054551753215e-05,0.3,0.0715,9.416461944580078,0.1061969990305732,
sb,1431,0.4501953125,,0.07136496249586344,,0.005106163066579029,2.7035808670916595e-05,0.3,0.07155,8.272674560546875,0.12087989110185592,
sb,1432,0.47802734375,,0.06870514806360006,,0.0049192886013537645,2.7022537324228324e-05,0.3,0.0716,8.962924003601074,0.11157073289902107,
sb,1433,0.48779296875,,0.07218349631875753,,0.005171947511238978,2.7009240511688404e-05,0.3,0.07165,9.297736167907715,0.1075530625886787,
sb,1434,0.5634765625,,0.07331904023885727,,0.005256975185126066,2.699591641430743e-05,0.3,0.0717,9.133570671081543,0.1094862059989498,
sb,1435,0.50390625,,0.07001168373972178,,0.005023338308325038,2.6982566851074807e-05,0.3,0.07175000000000001,8.13833999633789,0.1228751809889956,
sb,1436,0.40966796875,,0.07305091619491577,,0.005245055782794952,2.6969191821990535e-05,0.3,0.0718,8.221589088439941,0.1216309875430361,
sb,1437,0.50048828125,,0.0681035378947854,,0.004893239197740332,2.6955791327054612e-05,0.3,0.07185000000000001,11.644577980041504,0.08587687778071247,
sb,1438,0.65625,,0.06311043351888657,,0.004537640170007944,2.694236536626704e-05,0.3,0.0719,10.151959419250488,0.09850315182542656,
sb,1439,0.43115234375,,0.07769204489886761,,0.005589942630473525,2.692891030164901e-05,0.3,0.07195,8.24023151397705,0.12135581364477487,
sb,1440,0.45654296875,,0.07716617174446583,,0.0055559643656015395,2.6915431590168737e-05,0.3,0.072,8.910319328308105,0.11222942334097923,
sb,1441,0.4638671875,,0.07866750005632639,,0.0056679933790583165,2.6901927412836812e-05,0.3,0.07205,7.9677605628967285,0.12550577946037622,
sb,1442,0.482421875,,0.07769566122442484,,0.005601857174281031,2.688839776965324e-05,0.3,0.0721,11.711601257324219,0.08538542066351675,
sb,1443,0.50390625,,0.06943267211318016,,0.005009567292965949,2.6874842660618015e-05,0.3,0.07215,9.617369651794434,0.10397853427765641,
sb,1444,0.56591796875,,0.06689481530338526,,0.004829805664904416,2.6861260266741738e-05,0.3,0.0722,10.443511962890625,0.09575322971365786,
sb,1445,0.45751953125,,0.07837694324553013,,0.005662734149489553,2.6847654226003215e-05,0.3,0.07225000000000001,8.979668617248535,0.111362684150633,
sb,1446,0.4951171875,,0.07267244160175323,,0.0052542175278067595,2.683402090042364e-05,0.3,0.0723,10.989082336425781,0.0909994091758941,
sb,1447,0.439453125,,0.06399933341890574,,0.00463035177285783,2.682036574697122e-05,0.3,0.07235000000000001,9.33486557006836,0.10712527057769691,
sb,1448,0.3759765625,,0.06898829340934753,,0.004994752442836762,2.6806681489688344e-05,0.3,0.0724,7.127865314483643,0.14029445786076025,
sb,1449,0.560546875,,0.06574881635606289,,0.004763501744996756,2.6792973585543223e-05,0.3,0.07245,8.615571022033691,0.11606891724791929,
sb,1450,0.4990234375,,0.0727901291102171,,0.005277284360490739,2.6779238396557048e-05,0.3,0.0725,10.208283424377441,0.09795966260223478,
sb,1451,0.43212890625,,0.07982430048286915,,0.005791253000032157,2.676548137969803e-05,0.3,0.07255,7.90977144241333,0.1264259033627516,
sb,1452,0.54345703125,,0.07294887769967318,,0.005296088520996272,2.6751695259008557e-05,0.3,0.0726,10.638554573059082,0.09399773184718017,
sb,1453,0.48095703125,,0.06062274146825075,,0.004404242167668417,2.6737883672467433e-05,0.3,0.07265,8.996131896972656,0.11115888600260698,
sb,1454,0.4365234375,,0.06817473843693733,,0.004956303484365344,2.6724050258053467e-05,0.3,0.0727,9.485572814941406,0.10542325903869804,
sb,1455,0.5693359375,,0.07327804062515497,,0.005330977455480025,2.6710189558798447e-05,0.3,0.07275000000000001,11.520048141479492,0.08680519280117976,
sb,1456,0.515625,,0.0780915729701519,,0.005685066512227058,2.6696305212681182e-05,0.3,0.0728,8.961183547973633,0.1115924023480277,
sb,1457,0.552734375,,0.08232500404119492,,0.005997376544401051,2.6682393581722863e-05,0.3,0.07285000000000001,10.450570106506348,0.09568855955307327,
sb,1458,0.4609375,,0.0735117495059967,,0.00535900653898716,2.6668458303902298e-05,0.3,0.0729,8.37226390838623,0.11944200648027015,
sb,1459,0.47802734375,,0.06599594373255968,,0.004814404095290228,2.6654493922251277e-05,0.3,0.07295,8.005131721496582,0.12491986825334177,
sb,1460,0.40576171875,,0.07618259452283382,,0.005561329400166869,2.6640509531716816e-05,0.3,0.073,9.09190559387207,0.10998794363571025,
sb,1461,0.47900390625,,0.067518075928092,,0.004932195446547121,2.6626499675330706e-05,0.3,0.07305,7.720757961273193,0.12952096219256365,
sb,1462,0.49560546875,,0.06706972140818834,,0.004902796634938568,2.6612462534103543e-05,0.3,0.0731,9.081574440002441,0.11011306537280678,
sb,1463,0.44140625,,0.06985848397016525,,0.005110148102417588,2.659839992702473e-05,0.3,0.07315,10.072346687316895,0.09928172957541272,
sb,1464,0.45361328125,,0.07414184138178825,,0.005427182789146901,2.6584315492073074e-05,0.3,0.0732,7.868946552276611,0.12708181372901614,
sb,1465,0.43701171875,,0.07986787054687738,,0.005850321517558769,2.657020559126977e-05,0.3,0.07325000000000001,7.841486930847168,0.12752683372666967,
sb,1466,0.443359375,,0.0739089772105217,,0.005417528029531241,2.655606840562541e-05,0.3,0.0733,8.942896842956543,0.11182058985591492,
sb,1467,0.4833984375,,0.07649511843919754,,0.005610916937515141,2.6541907573118806e-05,0.3,0.07335000000000001,8.335548400878906,0.11996811150356457,
sb,1468,0.4072265625,,0.07152517139911652,,0.005249947580695153,2.6527723093749955e-05,0.3,0.0734,8.590800285339355,0.11640359067670933,
sb,1469,0.3662109375,,0.08386782743036747,,0.006160091924760491,2.651351132954005e-05,0.3,0.07345,6.727784633636475,0.1486373382109118,
sb,1470,0.404296875,,0.07638168893754482,,0.005614054136909544,2.6499277737457305e-05,0.3,0.0735,6.574394226074219,0.15210526865486312,
sb,1471,0.642578125,,0.06593360938131809,,0.004849416969995946,2.648501867952291e-05,0.3,0.07355,8.132148742675781,0.12296872962396929,
sb,1472,0.47705078125,,0.06932791881263256,,0.005102534824609756,2.6470735974726267e-05,0.3,0.0736,8.950203895568848,0.11172929820013257,
sb,1473,0.48095703125,,0.07643368653953075,,0.0056293410136364404,2.6456425985088572e-05,0.3,0.07365000000000001,10.700000762939453,0.09345793726142547,
sb,1474,0.44677734375,,0.07812691759318113,,0.0057579538266174495,2.6442094167578034e-05,0.3,0.0737,8.099804878234863,0.12345976415890197,
sb,1475,0.48828125,,0.06799414101988077,,0.005014567900216207,2.6427735065226443e-05,0.3,0.07375000000000001,8.172115325927734,0.12236733821257909,
sb,1476,0.443359375,,0.06837119720876217,,0.005045794354006649,2.6413352316012606e-05,0.3,0.0738,7.545208930969238,0.13253443465236722,
sb,1477,0.470703125,,0.0651373453438282,,0.0048103929536417135,2.6398945919936523e-05,0.3,0.07385000000000001,11.92624568939209,0.08384868348716472,
sb,1478,0.49609375,,0.07913415506482124,,0.00584801405929029,2.638451405800879e-05,0.3,0.07390000000000001,9.550553321838379,0.10470597527720109,
sb,1479,0.5185546875,,0.07329640537500381,,0.005420269177481532,2.6370060368208215e-05,0.3,0.07395,9.05671501159668,0.11041531048725162,
sb,1480,0.552734375,,0.07297804579138756,,0.005400375388562679,2.6355577574577183e-05,0.3,0.074,9.354348182678223,0.1069021572076754,
sb,1481,0.44873046875,,0.06900939345359802,,0.005110145585238934,2.6341076591052115e-05,0.3,0.07405,10.762103080749512,0.09291864169083543,
sb,1482,0.6376953125,,0.07003196887671947,,0.005189368893764913,2.632654650369659e-05,0.3,0.0741,10.17625617980957,0.0982679663650835,
sb,1483,0.49609375,,0.07430606056004763,,0.005509794390527532,2.6311996407457627e-05,0.3,0.07415000000000001,10.72536849975586,0.09323688971831251,
sb,1484,0.439453125,,0.06580697745084763,,0.004882877726852894,2.6297417207388207e-05,0.3,0.0742,10.41018295288086,0.09605979112242838,
sb,1485,0.42431640625,,0.06963527388870716,,0.005170419086236507,2.6282816179445945e-05,0.3,0.07425000000000001,8.582351684570312,0.11651818018572219,
sb,1486,0.5966796875,,0.07031239662319422,,0.005224211069103331,2.6268191504641436e-05,0.3,0.0743,11.107525825500488,0.09002905018723568,
sb,1487,0.48046875,,0.07590344920754433,,0.005643421448580922,2.6253541363985278e-05,0.3,0.07435000000000001,7.800815105438232,0.1281917320797494,
sb,1488,0.37353515625,,0.06255692336708307,,0.004654235098510981,2.6238867576466873e-05,0.3,0.07440000000000001,10.152698516845703,0.09849598097892555,
sb,1489,0.52685546875,,0.08113345131278038,,0.0060403854502365,2.6224171961075626e-05,0.3,0.07445,9.059471130371094,0.11038171937516159,
sb,1490,0.49755859375,,0.07623796164989471,,0.005679728142917156,2.6209449060843326e-05,0.3,0.0745,9.80666732788086,0.1019714411191403,
sb,1491,0.45654296875,,0.07729322090744972,,0.005762209618650377,2.6194704332738183e-05,0.3,0.07455,9.02931022644043,0.11075043108738374,
sb,1492,0.470703125,,0.07819069735705853,,0.005833026022836566,2.617993413878139e-05,0.3,0.0746,8.822183609008789,0.11335062205901589,
sb,1493,0.43798828125,,0.07627899013459682,,0.005694226613547654,2.6165142116951756e-05,0.3,0.07465000000000001,9.493173599243164,0.10533885107502135,
sb,1494,0.46875,,0.0733345178887248,,0.0054780884862877435,2.615032462927047e-05,0.3,0.0747,8.277578353881836,0.12080827957744937,
sb,1495,0.45751953125,,0.0726409200578928,,0.005429908774327487,2.6135485313716345e-05,0.3,0.07475000000000001,8.68957233428955,0.11508046213666266,
sb,1496,0.52392578125,,0.0720678810030222,,0.005390677499026061,2.6120620532310568e-05,0.3,0.0748,8.657318115234375,0.11550921274803214,
sb,1497,0.4755859375,,0.07320931181311607,,0.005479716989211739,2.610573028505314e-05,0.3,0.07485000000000001,8.51118278503418,0.11749248315502886,
sb,1498,0.3876953125,,0.06566125247627497,,0.004918027810472995,2.6090820028912276e-05,0.3,0.07490000000000001,7.249695777893066,0.1379368225421762,
sb,1499,0.42578125,,0.06495087221264839,,0.004868067872337997,2.6075882487930357e-05,0.3,0.07495,7.960195064544678,0.125625062186488,
sb,1500,0.46728515625,,0.07048628572374582,,0.005286471429280937,2.6060924938065e-05,0.3,0.07500000000000001,9.772136688232422,0.10233176549855233,
sb,1501,0.45654296875,,0.07812576368451118,,0.005863338564522565,2.604594010335859e-05,0.3,0.07505,9.569788932800293,0.1044955125992922,
sb,1502,0.4326171875,,0.0696582579985261,,0.00523133517568931,2.6030933440779336e-05,0.3,0.0751,11.694113731384277,0.08551310710415215,
sb,1503,0.36328125,,0.06840378232300282,,0.005140544241573662,2.6015903131337836e-05,0.3,0.07515,7.672383785247803,0.13033758841975107,
sb,1504,0.40283203125,,0.0712223518639803,,0.005355920860171318,2.6000850994023494e-05,0.3,0.0752,8.41099739074707,0.11889196412069976,
sb,1505,0.53125,,0.07451082207262516,,0.0056069393609650435,2.5985773390857503e-05,0.3,0.07525,9.993160247802734,0.10006844433620254,
sb,1506,0.3974609375,,0.06877573393285275,,0.005178812765143812,2.597067395981867e-05,0.3,0.0753,9.431861877441406,0.10602360520055361,
sb,1507,0.34814453125,,0.06722646486014128,,0.005065514127211645,2.5955549062928185e-05,0.3,0.07535,7.0145039558410645,0.14256175579846778,
sb,1508,0.4560546875,,0.06400631088763475,,0.004826075840927661,2.594040233816486e-05,0.3,0.07540000000000001,10.475525856018066,0.09546060157214081,
sb,1509,0.37353515625,,0.06264686957001686,,0.004726706309057772,2.5925231966539286e-05,0.3,0.07545,7.635062217712402,0.13097470216812684,
sb,1510,0.41259765625,,0.07311688363552094,,0.005520324714481831,2.5910036129062064e-05,0.3,0.07550000000000001,9.619804382324219,0.10395221776416126,
sb,1511,0.380859375,,0.0750669464468956,,0.005671307804062963,2.589482392068021e-05,0.3,0.07555,8.447286605834961,0.11838120886170125,
sb,1512,0.50634765625,,0.07464015670120716,,0.005642795846611261,2.58795826084679e-05,0.3,0.0756,9.447124481201172,0.10585231537807081,
sb,1513,0.544921875,,0.06566043943166733,,0.004967212243005633,2.5864317649393342e-05,0.3,0.07565,11.821999549865723,0.08458805938724286,
sb,1514,0.40673828125,,0.06759192235767841,,0.005116708522476256,2.5849032681435347e-05,0.3,0.0757,8.670954704284668,0.11532755435867514,
sb,1515,0.3486328125,,0.06447030883282423,,0.004883625894086435,2.58337222476257e-05,0.3,0.07575,8.39531135559082,0.11911410520040504,
sb,1516,0.41943359375,,0.07266183756291866,,0.0055077672872692355,2.581838816695381e-05,0.3,0.0758,8.937911033630371,0.11188296641545595,
sb,1517,0.412109375,,0.07020317576825619,,0.005324910882022232,2.5803035896387883e-05,0.3,0.07585,10.285897254943848,0.09722049279846313,
sb,1518,0.46142578125,,0.07824894040822983,,0.005939094576984645,2.5787658159970306e-05,0.3,0.07590000000000001,7.809016227722168,0.12805710358879516,
sb,1519,0.3916015625,,0.07011479139328003,,0.005325218406319618,2.5772256776690483e-05,0.3,0.07595,9.766414642333984,0.10239172066946149,
sb,1520,0.564453125,,0.07120789960026741,,0.005411800369620324,2.5756831746548414e-05,0.3,0.07600000000000001,9.615612983703613,0.10399753002692433,
sb,1521,0.3779296875,,0.06253419257700443,,0.004755725345481188,2.5741384888533503e-05,0.3,0.07605,7.886385917663574,0.12680079448816278,
sb,1522,0.40625,,0.0694141760468483,,0.005282418797165156,2.5725914383656345e-05,0.3,0.0761,6.98527717590332,0.14315824194487775,
sb,1523,0.41552734375,,0.06823437288403511,,0.005196047495119273,2.5710422050906345e-05,0.3,0.07615,8.633188247680664,0.11583206242127912,
sb,1524,0.4306640625,,0.07329611107707024,,0.005585163664072752,2.5694907890283503e-05,0.3,0.0762,8.885697364807129,0.11254040723473434,
sb,1525,0.4130859375,,0.07941598817706108,,0.006055469098500907,2.5679370082798414e-05,0.3,0.07625,9.735947608947754,0.10271213857816543,
sb,1526,0.44873046875,,0.07137186080217361,,0.005445672979205847,2.5663810447440483e-05,0.3,0.0763,10.551454544067383,0.09477366327301821,
sb,1527,0.352294921875,,0.07311804965138435,,0.0055825630908831955,2.5648225346230902e-05,0.3,0.07635,8.47863483428955,0.11794351561831273,
sb,1528,0.38037109375,,0.0656222403049469,,0.005013539159297944,2.5632620236137882e-05,0.3,0.07640000000000001,7.775777816772461,0.12860449765462512,
sb,1529,0.38232421875,,0.06977014802396297,,0.005333927816431969,2.561699329817202e-05,0.3,0.07645,6.687344551086426,0.14953618620376605,
sb,1530,0.50830078125,,0.06523231416940689,,0.004990272033959628,2.5601339075365104e-05,0.3,0.07650000000000001,8.87263298034668,0.11270611578491406,
sb,1531,0.42724609375,,0.06907833553850651,,0.005287946585472674,2.5585668481653556e-05,0.3,0.07655,12.798384666442871,0.07813486045797495,
sb,1532,0.4013671875,,0.07189488969743252,,0.005507148550823331,2.556997242209036e-05,0.3,0.0766,10.208061218261719,0.09796179495975683,
sb,1533,0.33740234375,,0.07265161629766226,,0.005568746389215812,2.555425453465432e-05,0.3,0.07665,6.458249568939209,0.15484071795699492,
sb,1534,0.486328125,,0.06755860522389412,,0.0051817450206726795,2.5538514819345437e-05,0.3,0.0767,10.105826377868652,0.09895281816734544,
sb,1535,0.4462890625,,0.0750606507062912,,0.00576090494170785,2.552275145717431e-05,0.3,0.07675,9.037542343139648,0.11064955073312545,
sb,1536,0.359375,,0.07556155323982239,,0.00580312728881836,2.5506964448140934e-05,0.3,0.07680000000000001,7.095479488372803,0.14093480245255824,
sb,1537,0.3828125,,0.06660909298807383,,0.0051189087961334735,2.5491159249213524e-05,0.3,0.07685,9.088427543640137,0.11003003492059261,
sb,1538,0.39453125,,0.06144481711089611,,0.004725106435827912,2.5475328584434465e-05,0.3,0.07690000000000001,8.74400806427002,0.11436402993339229,
sb,1539,0.45263671875,,0.07452517934143543,,0.005734712550323457,2.5459477910771966e-05,0.3,0.07695,9.634062767028809,0.103798368786049,
sb,1540,0.36328125,,0.0691434582695365,,0.005324046286754311,2.544360359024722e-05,0.3,0.07700000000000001,7.396565914154053,0.13519787582591566,
sb,1541,0.39599609375,,0.06854027323424816,,0.005281028052698821,2.5427709260839038e-05,0.3,0.07705000000000001,8.25223445892334,0.12117930058551304,
sb,1542,0.33935546875,,0.06180612929165363,,0.004765252568386495,2.5411789465579204e-05,0.3,0.0771,8.706124305725098,0.11486167264375098,
sb,1543,0.4423828125,,0.06729463022202253,,0.005191780721629038,2.5395851480425335e-05,0.3,0.07715,9.234432220458984,0.10829036113173143,
sb,1544,0.32470703125,,0.06645264569669962,,0.005130144247785211,2.537988984840922e-05,0.3,0.0772,7.416769504547119,0.13482959115648852,
sb,1545,0.51220703125,,0.0850895456969738,,0.006573167405091226,2.5363906388520263e-05,0.3,0.07725,11.28007984161377,0.088651854777735,
sb,1546,0.36669921875,,0.06417818367481232,,0.004960973598062993,2.534789928176906e-05,0.3,0.07730000000000001,8.140217781066895,0.12284683615294324,
sb,1547,0.392578125,,0.07790797017514706,,0.006026181493047625,2.533187398512382e-05,0.3,0.07735,8.33258056640625,0.12001084082302356,
sb,1548,0.38671875,,0.06878102198243141,,0.005323651101440192,2.5315825041616336e-05,0.3,0.07740000000000001,9.116955757141113,0.10968573574756264,
sb,1549,0.37939453125,,0.0661349119618535,,0.005122148931445554,2.529975608922541e-05,0.3,0.07745,9.33292007446289,0.10714760139607753,
sb,1550,0.38671875,,0.0672557633370161,,0.005212321658618749,2.5283661670982838e-05,0.3,0.07750000000000001,10.332242965698242,0.09678440618555674,
sb,1551,0.33740234375,,0.06206027790904045,,0.004812774551846088,2.5267547243856825e-05,0.3,0.07755000000000001,9.865092277526855,0.1013675262093642,
sb,1552,0.35107421875,,0.0725089330226183,,0.0056266932025551795,2.525141098885797e-05,0.3,0.0776,8.148877143859863,0.12271629358819022,
sb,1553,0.4609375,,0.07020482514053583,,0.005451404672162607,2.5235252905986272e-05,0.3,0.07765,13.74594497680664,0.07274872711096163,
sb,1554,0.4296875,,0.06256137508898973,,0.004861018844414503,2.5219074814231135e-05,0.3,0.0777,10.34054183959961,0.09670673118602463,
sb,1555,0.4296875,,0.07351869251579046,,0.005716078343102708,2.5202873075613752e-05,0.3,0.07775,8.887900352478027,0.11251251255547559,
sb,1556,0.3359375,,0.06498698331415653,,0.005055987301841379,2.518665132811293e-05,0.3,0.07780000000000001,7.1894707679748535,0.13909229653654775,
sb,1557,0.3984375,,0.06529266573488712,,0.0050830340274609625,2.517040957172867e-05,0.3,0.07785,18.42901039123535,0.05426227338151536,
sb,1558,0.38720703125,,0.069032390601933,,0.005377623227890582,2.5154144168482162e-05,0.3,0.07790000000000001,9.352598190307617,0.1069221599871927,
sb,1559,0.43115234375,,0.07297789305448532,,0.005688626763597131,2.5137858756352216e-05,0.3,0.07795,8.057272911071777,0.12411147183879864,
sb,1560,0.43505859375,,0.06834193877875805,,0.005330671224743129,2.5121551516349427e-05,0.3,0.07800000000000001,8.857490539550781,0.11289879402464666,
sb,1561,0.39453125,,0.07406163588166237,,0.005780510680563749,2.5105222448473796e-05,0.3,0.07805000000000001,7.818716526031494,0.1278982294179125,
sb,1562,0.314208984375,,0.0634228503331542,,0.004953324611019343,2.5088873371714726e-05,0.3,0.0781,6.509698867797852,0.15361693686735578,
sb,1563,0.36328125,,0.09627069905400276,,0.0075235551310703155,2.5072502467082813e-05,0.3,0.07815,6.645877361297607,0.15046922259256829,
sb,1564,0.35302734375,,0.07389440666884184,,0.005778542601503432,2.5056109734578058e-05,0.3,0.0782,6.650250434875488,0.15037027699825606,
sb,1565,0.349609375,,0.08097118698060513,,0.006335995381232351,2.5039696993189864e-05,0.3,0.07825,6.029757022857666,0.16584416191385318,
sb,1566,0.36328125,,0.06491095386445522,,0.005082527687586844,2.5023260604939424e-05,0.3,0.07830000000000001,7.867794036865234,0.12710042933437415,
sb,1567,0.349609375,,0.07365921884775162,,0.005771199796721339,2.5006806026794948e-05,0.3,0.07835,8.875576972961426,0.11266873162684543,
sb,1568,0.3740234375,,0.06907636113464832,,0.005415586712956429,2.499032962077763e-05,0.3,0.07840000000000001,8.795604705810547,0.11369314941352249,
sb,1569,0.349609375,,0.07277874182909727,,0.005709492296492681,2.497383138688747e-05,0.3,0.07845,5.599509239196777,0.17858707920329198,
sb,1570,0.35107421875,,0.07373362220823765,,0.005788089343346656,2.4957314963103272e-05,0.3,0.07850000000000001,11.995652198791504,0.08336353734069954,
sb,1571,0.41455078125,,0.08344806544482708,,0.006554845540691168,2.4940773073467426e-05,0.3,0.07855000000000001,7.349796772003174,0.1360581837866861,
sb,1572,0.272705078125,,0.06135932728648186,,0.0048228431247174745,2.4924212993937545e-05,0.3,0.0786,6.37986946105957,0.1567430189761155,
sb,1573,0.42431640625,,0.07338178157806396,,0.005771477121114731,2.4907634724513628e-05,0.3,0.07865,7.651383876800537,0.1306953116065789,
sb,1574,0.35546875,,0.07859351020306349,,0.006185309252981097,2.489103098923806e-05,0.3,0.0787,6.63068151473999,0.15081406002942566,
sb,1575,0.34619140625,,0.07470167055726051,,0.005882756556384265,2.4874410883057863e-05,0.3,0.07875,6.4195122718811035,0.15577507412521402,
sb,1576,0.37548828125,,0.06775789335370064,,0.0053393219962716105,2.4857767130015418e-05,0.3,0.07880000000000001,7.800321102142334,0.1281998506094003,
sb,1577,0.303955078125,,0.07129140105098486,,0.005621326972870156,2.4841105187078938e-05,0.3,0.07885,6.272782325744629,0.1594188907043402,
sb,1578,0.35302734375,,0.06588673777878284,,0.005198463610745967,2.4824417778290808e-05,0.3,0.07890000000000001,11.669361114501953,0.08569449434187638,
sb,1579,0.37353515625,,0.07613936625421047,,0.006011202965769917,2.4807712179608643e-05,0.3,0.07895,8.42255687713623,0.11872879157570164,
sb,1580,0.369140625,,0.07522258907556534,,0.005942584536969663,2.4790990210021846e-05,0.3,0.07900000000000001,7.7844367027282715,0.1284614466258711,
sb,1581,0.3798828125,,0.0647302009165287,,0.005116922382451594,2.47742427745834e-05,0.3,0.07905000000000001,7.316522121429443,0.13667695981825692,
sb,1582,0.38623046875,,0.0632571429014206,,0.00500364000350237,2.4757477149250917e-05,0.3,0.0791,10.997949600219727,0.09092603952104138,
sb,1583,0.376953125,,0.07945120334625244,,0.00628856274485588,2.4740691515034996e-05,0.3,0.07915,10.439403533935547,0.09579091341275227,
sb,1584,0.297119140625,,0.06580867897719145,,0.005212047374993563,2.4723884052946232e-05,0.3,0.0792,6.6518964767456055,0.15033306719307862,
sb,1585,0.34716796875,,0.06779606267809868,,0.00537283796723932,2.470705658197403e-05,0.3,0.07925,6.85467529296875,0.1458858308030666,
sb,1586,0.37060546875,,0.06745610572397709,,0.005349269183911384,2.469021092110779e-05,0.3,0.07930000000000001,7.974415302276611,0.12540104347393477,
sb,1587,0.39697265625,,0.07960315980017185,,0.0063165107301436365,2.4673341613379307e-05,0.3,0.07935,9.775813102722168,0.10229328133549735,
sb,1588,0.3603515625,,0.06332732737064362,,0.005028189793229104,2.465645593474619e-05,0.3,0.07940000000000001,11.03112506866455,0.09065258473413917,
sb,1589,0.3662109375,,0.06632728967815638,,0.005269703164929525,2.463954660925083e-05,0.3,0.07945,10.202237129211426,0.09801771781374917,
sb,1590,0.29150390625,,0.07562771067023277,,0.006012402998283506,2.462261909386143e-05,0.3,0.07950000000000002,6.36946964263916,0.1569989427857065,
sb,1591,0.4287109375,,0.06135237216949463,,0.004880581206083298,2.4605673388577998e-05,0.3,0.07955000000000001,10.427400588989258,0.09590117800364772,
sb,1592,0.396484375,,0.07048038206994534,,0.005610238412767649,2.458870403643232e-05,0.3,0.0796,8.578572273254395,0.11656951391756903,
sb,1593,0.47412109375,,0.07822096813470125,,0.006230300111928954,2.4571716494392604e-05,0.3,0.07965,9.56839370727539,0.1045107497238166,
sb,1594,0.35791015625,,0.06894292309880257,,0.005494750970974565,2.455470894346945e-05,0.3,0.07970000000000001,8.423871994018555,0.1187102558906473,
sb,1595,0.34375,,0.06989758461713791,,0.005574332373216749,2.4537681383662857e-05,0.3,0.07975,7.811765193939209,0.12801204019494264,
sb,1596,0.2763671875,,0.0590156614780426,,0.0047094497859478,2.4520631995983422e-05,0.3,0.07980000000000001,8.119165420532227,0.1231653683851718,
sb,1597,0.35595703125,,0.07882924564182758,,0.006294515264499933,2.4503566237399355e-05,0.3,0.07985,6.427740097045898,0.15557567432752709,
sb,1598,0.361328125,,0.05844015907496214,,0.004669368710089476,2.4486478650942445e-05,0.3,0.07990000000000001,8.400941848754883,0.11903427234747632,
sb,1599,0.29833984375,,0.06797851249575615,,0.005434882074035705,2.44693728745915e-05,0.3,0.07995000000000001,7.170156002044678,0.139466979479224,
sb,1600,0.38720703125,,0.07095595635473728,,0.005676476508378984,2.4452245270367712e-05,0.3,0.08000000000000002,10.911937713623047,0.09164275184154932,
sb,1601,0.32666015625,,0.06382590997964144,,0.0051092640938702975,2.4435101295239292e-05,0.3,0.08005000000000001,6.265607833862305,0.15960143477150415,
sb,1602,0.4208984375,,0.06199710723012686,,0.004965968289133161,2.4417933673248626e-05,0.3,0.0801,9.303496360778809,0.1074864718833822,
sb,1603,0.331298828125,,0.07479334063827991,,0.0059946862521581355,2.4400747861363925e-05,0.3,0.08015,8.087065696716309,0.12365424462992089,
sb,1604,0.3779296875,,0.0604510260745883,,0.004848172291181982,2.438354385958519e-05,0.3,0.08020000000000001,9.179113388061523,0.10894298367646414,
sb,1605,0.30517578125,,0.0665852464735508,,0.0053434660295024515,2.4366321667912416e-05,0.3,0.08025,7.685484886169434,0.1301154077863805,
sb,1606,0.3095703125,,0.08837210293859243,,0.007096279865968973,2.4349075829377398e-05,0.3,0.08030000000000001,7.0724334716796875,0.14139404831509886,
sb,1607,0.2900390625,,0.07312601618468761,,0.0058756754004396505,2.4331813619937748e-05,0.3,0.08035,6.665175437927246,0.15003356015351677,
sb,1608,0.33935546875,,0.0629162397235632,,0.005058465673774481,2.431453140161466e-05,0.3,0.08040000000000001,7.928008556365967,0.1261350808201422,
sb,1609,0.423828125,,0.07547663524746895,,0.006072095305658877,2.429722917440813e-05,0.3,0.08045000000000001,8.106195449829102,0.12336243385558665,
sb,1610,0.398681640625,,0.07017244957387447,,0.005648882190696897,2.427991057629697e-05,0.3,0.08050000000000002,7.817241191864014,0.12792236742557908,
sb,1611,0.31298828125,,0.06266757845878601,,0.005047873444855214,2.4262570150312968e-05,0.3,0.08055000000000001,7.011552810668945,0.14262175968757965,
sb,1612,0.34326171875,,0.06975585967302322,,0.005622322289645672,2.4245209715445526e-05,0.3,0.0806,10.371343612670898,0.09641952261404954,
sb,1613,0.41552734375,,0.07383251562714577,,0.005954592385329306,2.422783109068405e-05,0.3,0.08065,9.5543794631958,0.10466404478198467,
sb,1614,0.30322265625,,0.06688456237316132,,0.005397584183514118,2.4210434276028536e-05,0.3,0.08070000000000001,6.488881587982178,0.15410976243611282,
sb,1615,0.36083984375,,0.06171299144625664,,0.004983324059285223,2.4193019271478988e-05,0.3,0.08075,8.212964057922363,0.12175872108381909,
sb,1616,0.35791015625,,0.07301132194697857,,0.005899314813315869,2.4175584258046e-05,0.3,0.08080000000000001,7.184905052185059,0.13918068405035944,
sb,1617,0.33349609375,,0.06280945800244808,,0.005078144679497928,2.4158129235729575e-05,0.3,0.08085,9.030549049377441,0.11073523819340078,
sb,1618,0.281005859375,,0.06666724849492311,,0.005393380403239281,2.4140656023519114e-05,0.3,0.08090000000000001,6.305047512054443,0.158603087143773,
sb,1619,0.3193359375,,0.07179541885852814,,0.005811839156597854,2.4123164621414617e-05,0.3,0.08095000000000001,8.178455352783203,0.12227247773134702,
sb,1620,0.38525390625,,0.07508601527661085,,0.0060819672374054804,2.410565321042668e-05,0.3,0.08100000000000002,8.624924659729004,0.1159430417600216,
sb,1621,0.28076171875,,0.06459046807140112,,0.005235057437187061,2.4088125428534113e-05,0.3,0.08105000000000001,6.671097755432129,0.1499003667253597,
sb,1622,0.317138671875,,0.057156478986144066,,0.0046353904457762845,2.4070575818768702e-05,0.3,0.0811,6.842851638793945,0.1461379046026271,
sb,1623,0.333251953125,,0.07455602660775185,,0.006050221559219062,2.4053008019109257e-05,0.3,0.08115,8.405008316040039,0.1189766818066806,
sb,1624,0.367919921875,,0.06296182051301003,,0.005112499825656414,2.403542384854518e-05,0.3,0.08120000000000001,11.110937118530273,0.09000140936197445,
sb,1625,0.3056640625,,0.06619193591177464,,0.005378094792831689,2.401781785010826e-05,0.3,0.08125,5.668332099914551,0.1764187387706297,
sb,1626,0.38623046875,,0.059646619483828545,,0.00484927016403526,2.400019729975611e-05,0.3,0.0813,9.460688591003418,0.1057005513267759,
sb,1627,0.362060546875,,0.06709286198019981,,0.005458004322089255,2.398255492153112e-05,0.3,0.08135,9.193109512329102,0.10877712254584543,
sb,1628,0.40673828125,,0.07690020184963942,,0.006259676430560648,2.3964894353412092e-05,0.3,0.0814,10.615864753723145,0.09419863790646776,
sb,1629,0.353515625,,0.07316850684583187,,0.005959574882593006,2.3947217414388433e-05,0.3,0.08145000000000001,9.514098167419434,0.10510717699176696,
sb,1630,0.35498046875,,0.06081065349280834,,0.00495606825966388,2.3929520466481335e-05,0.3,0.0815,7.918086051940918,0.12629314627805482,
sb,1631,0.34814453125,,0.06255720928311348,,0.005101540417037905,2.3911807147669606e-05,0.3,0.08155000000000001,8.584744453430176,0.11648570384648241,
sb,1632,0.3212890625,,0.07126276101917028,,0.005815041299164296,2.3894073819974437e-05,0.3,0.0816,7.809643745422363,0.12804681399022225,
sb,1633,0.36767578125,,0.06299769505858421,,0.0051437618015334014,2.3876322302385233e-05,0.3,0.08165,8.788400650024414,0.11378634632425662,
sb,1634,0.32763671875,,0.06847728881984949,,0.005594594496581703,2.3858552594901994e-05,0.3,0.0817,8.920653343200684,0.11209941262454722,
sb,1635,0.3544921875,,0.061510139144957066,,0.00502845387510024,2.3840766516514122e-05,0.3,0.08175,8.469659805297852,0.11806849660885915,
sb,1636,0.44140625,,0.06262177042663097,,0.005122460820898413,2.3822960429242812e-05,0.3,0.0818,10.725733757019043,0.09323371460209784,
sb,1637,0.34716796875,,0.06545005273073912,,0.005357086816010997,2.3805136152077466e-05,0.3,0.08185,8.837902069091797,0.11314902475523383,
sb,1638,0.265625,,0.059461476281285286,,0.004869894907437265,2.378729186602868e-05,0.3,0.0819,7.772791862487793,0.12865390167284574,
sb,1639,0.287841796875,,0.05966184474527836,,0.004889288176875562,2.3769433028064668e-05,0.3,0.08195000000000001,5.551966190338135,0.18011637061844146,
sb,1640,0.310546875,,0.06326980981975794,,0.005188124405220151,2.375155600020662e-05,0.3,0.082,6.724206924438477,0.1487164228045388,
sb,1641,0.41259765625,,0.0662481039762497,,0.005435656931251288,2.3733660782454535e-05,0.3,0.08205000000000001,10.11335277557373,0.09887917708311822,
sb,1642,0.39794921875,,0.07389825582504272,,0.0060670468032360085,2.3715745555819012e-05,0.3,0.0821,10.073637962341309,0.09926900328742613,
sb,1643,0.32275390625,,0.06701634731143713,,0.00550539293163456,2.369781577726826e-05,0.3,0.08215,6.4491190910339355,0.15505993700601334,
sb,1644,0.37646484375,,0.06347877159714699,,0.005217955025285482,2.367986598983407e-05,0.3,0.0822,8.182156562805176,0.12221716760417982,
sb,1645,0.35205078125,,0.07266252022236586,,0.005976492288289592,2.3661899831495248e-05,0.3,0.08225,7.5937628746032715,0.13168701953341466,
sb,1646,0.345703125,,0.06863587256520987,,0.005648732312116772,2.3643913664272986e-05,0.3,0.0823,6.679720401763916,0.149706864936432,
sb,1647,0.33056640625,,0.06664791516959667,,0.005488455814216286,2.3625912945135497e-05,0.3,0.08235,7.1827592849731445,0.13922226268838953,
sb,1648,0.4130859375,,0.07204516418278217,,0.005936521528661251,2.3607892217114568e-05,0.3,0.0824,9.003189086914062,0.11107175361378092,
sb,1649,0.28662109375,,0.0642567640170455,,0.005297970193205402,2.358985693717841e-05,0.3,0.08245000000000001,7.385008811950684,0.1354094525089482,
sb,1650,0.261962890625,,0.05742823891341686,,0.004737829710356891,2.3571801648358814e-05,0.3,0.0825,7.375179290771484,0.13558992406480122,
sb,1651,0.35693359375,,0.0627950131893158,,0.00518372833877802,2.3553728169645183e-05,0.3,0.08255000000000001,9.117298126220703,0.10968161687332247,
sb,1652,0.35400390625,,0.06414841115474701,,0.0052986587613821036,2.353563832002692e-05,0.3,0.0826,9.204865455627441,0.10863819844196038,
sb,1653,0.33740234375,,0.06972413789480925,,0.005762699997005984,2.3517532099504024e-05,0.3,0.08265,10.107495307922363,0.09893647926961581,
sb,1654,0.333984375,,0.06704036332666874,,0.005544238047115504,2.3499409508076496e-05,0.3,0.0827,7.9813714027404785,0.12529175119662275,
sb,1655,0.27734375,,0.0635963985696435,,0.005262601981638,2.348126690776553e-05,0.3,0.08275,7.568531036376953,0.1321260354477847,
sb,1656,0.316162109375,,0.07944479398429394,,0.006578028941899538,2.3463107936549932e-05,0.3,0.0828,6.26235294342041,0.1596843884455056,
sb,1657,0.341796875,,0.07942251674830914,,0.006580155512597412,2.34449325944297e-05,0.3,0.08285000000000001,6.902316570281982,0.1448788953415312,
sb,1658,0.32275390625,,0.07947810925543308,,0.0065887352572754024,2.342674088140484e-05,0.3,0.0829,7.053322792053223,0.14177714950557366,
sb,1659,0.31982421875,,0.07102928683161736,,0.00589187934268266,2.340852915949654e-05,0.3,0.08295000000000001,8.694540977478027,0.11501469745100493,
sb,1660,0.324951171875,,0.05863679386675358,,0.004866853890940547,2.3390301066683605e-05,0.3,0.083,6.785669326782227,0.14736939745252828,
sb,1661,0.28857421875,,0.07679829560220242,,0.006378098449762911,2.337205660296604e-05,0.3,0.08305000000000001,6.286849021911621,0.15906219419532575,
sb,1662,0.257568359375,,0.06323887966573238,,0.005255150900222361,2.3353795768343844e-05,0.3,0.08310000000000001,9.047184944152832,0.1105316190807282,
sb,1663,0.3310546875,,0.06444079242646694,,0.005358251890260726,2.3335518562817015e-05,0.3,0.08315,10.315389633178711,0.09694253300753389,
sb,1664,0.291015625,,0.06538422033190727,,0.005439967131614685,2.331722316739615e-05,0.3,0.0832,7.619040012359619,0.13125013103721708,
sb,1665,0.32373046875,,0.06777922809123993,,0.005642620738595725,2.3298911401070654e-05,0.3,0.08325,7.561868190765381,0.1322424531574365,
sb,1666,0.3037109375,,0.06666709575802088,,0.005553369076643139,2.3280583263840526e-05,0.3,0.0833,7.720430850982666,0.12952644992250903,
sb,1667,0.2978515625,,0.058003973215818405,,0.004834631167538465,2.3262236936716363e-05,0.3,0.08335000000000001,7.409945011138916,0.13495376800998676,
sb,1668,0.322509765625,,0.06240861117839813,,0.005204878172278405,2.324387605767697e-05,0.3,0.0834,10.567852973937988,0.09462660035734406,
sb,1669,0.34716796875,,0.06390924472361803,,0.005333226472185926,2.322549516975414e-05,0.3,0.08345000000000001,8.47431468963623,0.1180036423739329,
sb,1670,0.38916015625,,0.06473165284842253,,0.005405093012843282,2.3207103367894888e-05,0.3,0.0835,9.38327407836914,0.10657260905393962,
sb,1671,0.337890625,,0.062464574351906776,,0.005218915187101812,2.3188689738162793e-05,0.3,0.08355000000000001,10.23837661743164,0.0976717342373811,
sb,1672,0.314453125,,0.06728838849812746,,0.005625309278443456,2.317026155651547e-05,0.3,0.08360000000000001,8.567148208618164,0.11672495626888364,
sb,1673,0.33984375,,0.0643138512969017,,0.005379853660985827,2.3151817003963515e-05,0.3,0.08365,7.992465972900391,0.12511783014036523,
sb,1674,0.30859375,,0.054057199507951736,,0.0045245875988155606,2.3133356080506928e-05,0.3,0.0837,9.062318801879883,0.1103470338951837,
sb,1675,0.37548828125,,0.06850916799157858,,0.005737642819294706,2.311487878614571e-05,0.3,0.08375,7.803761005401611,0.1281433400264077,
sb,1676,0.365234375,,0.06853190716356039,,0.00574297382030636,2.3096386939869262e-05,0.3,0.0838,7.5407395362854,0.13261298778297337,
sb,1677,0.36962890625,,0.0658887755125761,,0.005524773826729507,2.3077875084709376e-05,0.3,0.08385000000000001,11.45368480682373,0.08730814727887681,
sb,1678,0.353515625,,0.058493166230618954,,0.004907576646748931,2.305934867763426e-05,0.3,0.0839,10.639780044555664,0.09398690535070754,
sb,1679,0.34716796875,,0.08051405474543571,,0.006759154895879329,2.3040805899654515e-05,0.3,0.08395000000000001,8.103031158447266,0.12341060776466567,
sb,1680,0.34326171875,,0.06407382525503635,,0.0053822013214230545,2.302224856975954e-05,0.3,0.084,8.400765419006348,0.11903677226095918,
sb,1681,0.3564453125,,0.06409298442304134,,0.005387015340756625,2.300367304997053e-05,0.3,0.08405000000000001,7.784401893615723,0.12846202106036395,
sb,1682,0.3515625,,0.062415407970547676,,0.00524913581032306,2.2985084797255695e-05,0.3,0.08410000000000001,7.483081340789795,0.13363478952835436,
sb,1683,0.317138671875,,0.07852939143776894,,0.006608248289488256,2.296647653565742e-05,0.3,0.08415,7.655575275421143,0.13062375641587415,
sb,1684,0.314453125,,0.08007393032312393,,0.006742224933207035,2.2947853722143918e-05,0.3,0.0842,7.905361175537109,0.12649643422927576,
sb,1685,0.29736328125,,0.062416352331638336,,0.0052585776839405305,2.2929214537725784e-05,0.3,0.08425,6.81049919128418,0.14683211493215687,
sb,1686,0.32666015625,,0.08114764094352722,,0.0068407461315393445,2.291056080139242e-05,0.3,0.0843,6.299430847167969,0.15874449998122758,
sb,1687,0.33251953125,,0.07248021103441715,,0.006113705800753088,2.2891890694154426e-05,0.3,0.08435000000000001,9.14587688446045,0.10933888708900917,
sb,1688,0.29345703125,,0.07137286756187677,,0.0060238700222224,2.2873206035001203e-05,0.3,0.0844,7.109285831451416,0.14066110488567066,
sb,1689,0.221435546875,,0.06564034055918455,,0.0055433267602231365,2.285450136696454e-05,0.3,0.08445000000000001,4.398071765899658,0.22737236980839548,
sb,1690,0.27734375,,0.0617238050326705,,0.005215661525260658,2.2835785784991458e-05,0.3,0.0845,6.883130073547363,0.14528274045598985,
sb,1691,0.2744140625,,0.06055551767349243,,0.005119969019293786,2.2817050194134936e-05,0.3,0.08455000000000001,8.43080997467041,0.11861256545983216,
sb,1692,0.38427734375,,0.06756632030010223,,0.005716110697388649,2.279830187035259e-05,0.3,0.08460000000000001,10.395323753356934,0.0961971001314002,
sb,1693,0.2783203125,,0.06680327840149403,,0.0056548975166864695,2.277953717566561e-05,0.3,0.08465,7.508021831512451,0.13319087536517663,
sb,1694,0.30615234375,,0.07484735082834959,,0.00633957061516121,2.2760757929063402e-05,0.3,0.0847,8.262089729309082,0.12103475425261753,
sb,1695,0.216552734375,,0.07582461275160313,,0.006426135930698365,2.274196594953537e-05,0.3,0.08475,5.5681257247924805,0.1795936459457853,
sb,1696,0.2763671875,,0.07306425832211971,,0.006195849105715752,2.27231539611239e-05,0.3,0.0848,7.3725080490112305,0.135639051643235,
sb,1697,0.29638671875,,0.07433467078953981,,0.006307296816492454,2.27043274207972e-05,0.3,0.08485000000000001,7.70554780960083,0.1297766264916346,
sb,1698,0.326171875,,0.06708989851176739,,0.005695932383649052,2.2685484509565867e-05,0.3,0.0849,7.845877170562744,0.12745547480043906,
sb,1699,0.340576171875,,0.0720257293432951,,0.00611858570771292,2.266662886540871e-05,0.3,0.08495000000000001,10.068511009216309,0.09931955172762291,
sb,1700,0.355224609375,,0.07459969259798527,,0.006340973870828748,2.2647758669336326e-05,0.3,0.085,8.060052871704102,0.12406866504692969,
sb,1701,0.31298828125,,0.07017872110009193,,0.00596870022956282,2.2628870283369906e-05,0.3,0.08505000000000001,8.333138465881348,0.12000280615692803,
sb,1702,0.30810546875,,0.06306609138846397,,0.005366924377158285,2.2609967345488258e-05,0.3,0.08510000000000001,7.855686664581299,0.12729631955773774,
sb,1703,0.416015625,,0.06325885746628046,,0.005386491713253782,2.2591051674680784e-05,0.3,0.08515,12.292966842651367,0.08134732752474572,
sb,1704,0.34619140625,,0.06298491265624762,,0.005366314558312297,2.2572117813979276e-05,0.3,0.0852,9.319258689880371,0.10730467232183215,
sb,1705,0.27490234375,,0.06893599405884743,,0.005876793493516744,2.2553171220351942e-05,0.3,0.08525,8.428147315979004,0.11865003808180839,
sb,1706,0.318359375,,0.06156676076352596,,0.005251644693128765,2.253421007480938e-05,0.3,0.0853,9.664134979248047,0.10347537592834911,
sb,1707,0.316162109375,,0.059968323446810246,,0.005118296406185255,2.251523437735159e-05,0.3,0.08535000000000001,7.938783645629883,0.1259638811986616,
sb,1708,0.388671875,,0.0658135050907731,,0.005620473334752024,2.2496242308989167e-05,0.3,0.0854,8.9215726852417,0.11208786110706988,
sb,1709,0.30029296875,,0.059692682698369026,,0.005100739736575634,2.2477233869722113e-05,0.3,0.08545000000000001,8.751886367797852,0.11426108132293082,
sb,1710,0.3623046875,,0.07026898581534624,,0.006007998287212104,2.2458212697529234e-05,0.3,0.0855,8.592103958129883,0.11638592885666799,
sb,1711,0.3896484375,,0.05643378384411335,,0.004827910207863898,2.2439176973421127e-05,0.3,0.08555000000000001,10.169602394104004,0.09833226130647611,
sb,1712,0.340576171875,,0.07819260656833649,,0.006693287122249604,2.2420128516387194e-05,0.3,0.08560000000000001,8.550799369812012,0.11694813043215922,
sb,1713,0.26123046875,,0.06985939852893353,,0.005983457484003156,2.240106368844863e-05,0.3,0.08565,7.909617900848389,0.12642835754338266,
sb,1714,0.2958984375,,0.060254909098148346,,0.005163845709711313,2.2381982489605434e-05,0.3,0.0857,8.467820167541504,0.11809414704307945,
sb,1715,0.32373046875,,0.05835199914872646,,0.0050036839270032945,2.2362888557836413e-05,0.3,0.08575,7.939516067504883,0.1259522610065409,
sb,1716,0.2265625,,0.06622563488781452,,0.005682159473374486,2.234377825516276e-05,0.3,0.0858,6.717992305755615,0.14885399602843452,
sb,1717,0.27685546875,,0.07495983131229877,,0.00643530151816085,2.2324655219563283e-05,0.3,0.08585000000000001,6.18055534362793,0.16179775835693902,
sb,1718,0.27880859375,,0.05099076870828867,,0.004380107032041997,2.230551945103798e-05,0.3,0.0859,6.841859817504883,0.1461590892934553,
sb,1719,0.429443359375,,0.07626672461628914,,0.006555124980770053,2.2286367311608046e-05,0.3,0.08595000000000001,12.369612693786621,0.08084327494767156,
sb,1720,0.31298828125,,0.06932475417852402,,0.005961928859353066,2.2267202439252287e-05,0.3,0.08600000000000001,9.43411922454834,0.10599823642231691,
sb,1721,0.30859375,,0.0648196553811431,,0.005577731345547364,2.224801755801309e-05,0.3,0.08605000000000002,7.673645496368408,0.13031615813803948,
sb,1722,0.27783203125,,0.06624823436141014,,0.005703972978517414,2.2228825400816277e-05,0.3,0.08610000000000001,7.875019550323486,0.12698381173655912,
sb,1723,0.28369140625,,0.07419521734118462,,0.006391917973943055,2.2209616872714832e-05,0.3,0.08615,4.94622802734375,0.20217426177519465,
sb,1724,0.38037109375,,0.08636785112321377,,0.007444908766821027,2.219039379269816e-05,0.3,0.0862,8.100420951843262,0.12345037448608749,
sb,1725,0.3203125,,0.07560428697615862,,0.006520869751693682,2.217115616076626e-05,0.3,0.08625000000000001,7.6846771240234375,0.1301290846526072,
sb,1726,0.28466796875,,0.05994582548737526,,0.005173324739560485,2.2151905795908533e-05,0.3,0.0863,6.648309230804443,0.15041418280704735,
sb,1727,0.31982421875,,0.06869806814938784,,0.0059320781846996405,2.213264087913558e-05,0.3,0.08635000000000001,6.57808256149292,0.15201998312606255,
sb,1728,0.3193359375,,0.075923390686512,,0.006559780955314637,2.2113361410447396e-05,0.3,0.0864,7.370800971984863,0.13567046563878563,
sb,1729,0.273193359375,,0.06660162657499313,,0.005757710617408158,2.209406920883339e-05,0.3,0.08645000000000001,8.38072395324707,0.1193214339928897,
sb,1730,0.36181640625,,0.06940474733710289,,0.006003510644659401,2.2074762455304153e-05,0.3,0.08650000000000001,8.352630615234375,0.11972276113540788,
sb,1731,0.35986328125,,0.07105958089232445,,0.0061502067262306824,2.2055442968849093e-05,0.3,0.08655000000000002,9.151079177856445,0.10927672906817103,
sb,1732,0.32373046875,,0.06778147630393505,,0.005869875847920776,2.20361071114894e-05,0.3,0.08660000000000001,8.726811408996582,0.1145893904581331,
sb,1733,0.317138671875,,0.06241447385400534,,0.005408214159449563,2.2016760340193287e-05,0.3,0.08665,6.2086310386657715,0.16106610197517857,
sb,1734,0.3271484375,,0.06477202102541924,,0.005615734222903848,2.1997399016981944e-05,0.3,0.0867,8.068551063537598,0.12393798987268939,
sb,1735,0.271728515625,,0.0872063497081399,,0.007565150837181137,2.197802677983418e-05,0.3,0.08675000000000001,6.715518951416016,0.14890881959154367,
sb,1736,0.234130859375,,0.05967613309621811,,0.005179888352751732,2.1958638171781786e-05,0.3,0.0868,4.027688980102539,0.24828133575858716,
sb,1737,0.29052734375,,0.07179089356213808,,0.006235039105871693,2.1939236830803566e-05,0.3,0.08685000000000001,8.225130081176758,0.12157862430510417,
sb,1738,0.26171875,,0.06230535265058279,,0.005414335145335645,2.1919820937910117e-05,0.3,0.0869,6.453560829162598,0.1549532152050325,
sb,1739,0.273681640625,,0.08320155926048756,,0.007234375577699394,2.1900392312090844e-05,0.3,0.08695000000000001,5.977306842803955,0.16729942535974945,
sb,1740,0.25048828125,,0.06770301517099142,,0.005890162319876254,2.1880949134356342e-05,0.3,0.08700000000000001,7.6022491455078125,0.13154001938898602,
sb,1741,0.27978515625,,0.07321935798972845,,0.006373745113005863,2.1861496861674823e-05,0.3,0.08705000000000002,6.249020576477051,0.16002507717197503,
sb,1742,0.275146484375,,0.06574953533709049,,0.005726784527860583,2.184202821808867e-05,0.3,0.08710000000000001,6.657573223114014,0.15020488194229126,
sb,1743,0.34765625,,0.05878117308020592,,0.005122779233939946,2.1822545022587292e-05,0.3,0.08715,9.589544296264648,0.10428024201207595,
sb,1744,0.304931640625,,0.06460103392601013,,0.005633210158348083,2.1803052732138894e-05,0.3,0.0872,10.696379661560059,0.09348957606597809,
sb,1745,0.365234375,,0.06209261994808912,,0.005417581090470776,2.1783544070785865e-05,0.3,0.08725000000000001,10.674423217773438,0.09368187672519401,
sb,1746,0.333984375,,0.07707157451659441,,0.006728348455298692,2.176402267650701e-05,0.3,0.0873,11.188472747802734,0.08937770351153482,
sb,1747,0.31201171875,,0.08532043732702732,,0.007452740200515838,2.1744488549302332e-05,0.3,0.08735000000000001,10.864459037780762,0.09204323901655262,
sb,1748,0.260986328125,,0.06792618334293365,,0.005936748424172402,2.172494168917183e-05,0.3,0.0874,7.73905611038208,0.12921472408740936,
sb,1749,0.35107421875,,0.06465915404260159,,0.00565444302102551,2.17053820961155e-05,0.3,0.08745000000000001,8.41514778137207,0.11883332604254661,
sb,1750,0.347900390625,,0.0678235124796629,,0.005934557341970504,2.1685809770133346e-05,0.3,0.08750000000000001,11.832324981689453,0.08451424395015367,
sb,1751,0.30908203125,,0.06867456808686256,,0.006012458436004817,2.1666224711225368e-05,0.3,0.08755,7.872646331787109,0.12702209115660829,
sb,1752,0.268310546875,,0.06108429003506899,,0.005350983807072044,2.1646626919391565e-05,0.3,0.08760000000000001,8.23283863067627,0.12146478813199538,
sb,1753,0.285400390625,,0.06319188885390759,,0.005538769058045,2.162701821362134e-05,0.3,0.08765,6.870077610015869,0.14555876319972025,
sb,1754,0.33984375,,0.07807259075343609,,0.006846966209076345,2.1607394955935888e-05,0.3,0.0877,8.7952880859375,0.11369724223119734,
sb,1755,0.30517578125,,0.07217510417103767,,0.006333365391008556,2.1587757146335207e-05,0.3,0.08775,7.674488544464111,0.1303018428141816,
sb,1756,0.31396484375,,0.06686520017683506,,0.005870764575526119,2.1568108422798105e-05,0.3,0.0878,8.24631118774414,0.12126634288143567,
sb,1757,0.37548828125,,0.06608115322887897,,0.005805229311157018,2.1548446966335177e-05,0.3,0.08785,11.606218338012695,0.08616070893003962,
sb,1758,0.28466796875,,0.06217426899820566,,0.005465118244942278,2.1528772776946425e-05,0.3,0.0879,7.7899169921875,0.12837107263182637,
sb,1759,0.317626953125,,0.06796272937208414,,0.0059773220482748,2.1509089492610656e-05,0.3,0.08795,8.202680587768555,0.1219113665709661,
sb,1760,0.307861328125,,0.06352668721228838,,0.005590348474681378,2.1489391656359658e-05,0.3,0.08800000000000001,8.497724533081055,0.11767856160870702,
sb,1761,0.26806640625,,0.06320876255631447,,0.005565531543083489,2.1469681087182835e-05,0.3,0.08805,7.73264217376709,0.12932190285391582,
sb,1762,0.3369140625,,0.06837623473256826,,0.006023946279939265,2.1449955966090783e-05,0.3,0.08810000000000001,9.677474021911621,0.10333274961377442,
sb,1763,0.31982421875,,0.0596367372199893,,0.005256978385942057,2.1430223569041118e-05,0.3,0.08815,8.062399864196777,0.12403254822931382,
sb,1764,0.27978515625,,0.05926124658435583,,0.005226841948740184,2.1410476620076224e-05,0.3,0.0882,9.520736694335938,0.10503388887909468,
sb,1765,0.298828125,,0.06720321625471115,,0.005930683834478259,2.1390716938185506e-05,0.3,0.08825,10.8726806640625,0.09197363841516128,
sb,1766,0.26171875,,0.06266808323562145,,0.005533591749705374,2.1370944523368962e-05,0.3,0.0883,7.935598850250244,0.1260144343068029,
sb,1767,0.341796875,,0.06305306125432253,,0.005570737961819395,2.13511630136054e-05,0.3,0.08835,8.28235912322998,0.12073854624285077,
sb,1768,0.31787109375,,0.06867473665624857,,0.006070846720412374,2.133136695192661e-05,0.3,0.0884,10.361385345458984,0.09651219085662743,
sb,1769,0.343017578125,,0.06383201107382774,,0.005645941379480064,2.13115599763114e-05,0.3,0.08845,7.959044933319092,0.1256432157850601,
sb,1770,0.31298828125,,0.05806603003293276,,0.00513884365791455,2.129174208675977e-05,0.3,0.08850000000000001,7.6677656173706055,0.13041608858447545,
sb,1771,0.32861328125,,0.06823407579213381,,0.006042127411393449,2.127191146428231e-05,0.3,0.08855,7.673027038574219,0.13032666182104544,
sb,1772,0.25,,0.06545309815555811,,0.00579914449658245,2.125206810887903e-05,0.3,0.08860000000000001,7.50948429107666,0.1331649366639299,
sb,1773,0.2841796875,,0.07171988394111395,,0.006357967711379752,2.1232212020549923e-05,0.3,0.08865,6.163226127624512,0.16225268703315116,
sb,1774,0.29052734375,,0.07163219340145588,,0.006353775554709136,2.12123468372738e-05,0.3,0.0887,6.103268623352051,0.16384663066833485,
sb,1775,0.27734375,,0.06847536284476519,,0.00607718845247291,2.1192467102082446e-05,0.3,0.08875,6.497347354888916,0.15390896397859227,
sb,1776,0.333984375,,0.06638182979077101,,0.0058947064854204655,2.1172578271944076e-05,0.3,0.0888,8.674571990966797,0.11527946289930417,
sb,1777,0.225830078125,,0.0660768449306488,,0.005870927672088146,2.1152678527869284e-05,0.3,0.08885,5.671370506286621,0.17632422337625736,
sb,1778,0.30078125,,0.06726118735969067,,0.0059795195562765005,2.1132766050868668e-05,0.3,0.0889,8.974664688110352,0.11142477571611131,
sb,1779,0.3251953125,,0.07190588489174843,,0.006396028461121023,2.1112840840942226e-05,0.3,0.08895,8.245041847229004,0.12128501207499393,
sb,1780,0.241943359375,,0.06946900114417076,,0.006182741101831198,2.1092906536068767e-05,0.3,0.08900000000000001,6.292961597442627,0.15890769147651979,
sb,1781,0.2294921875,,0.06140966713428497,,0.0054685308583080775,2.1072959498269483e-05,0.3,0.08905,5.18293571472168,0.1929408456986234,
sb,1782,0.279541015625,,0.06873337645083666,,0.006124143841769547,2.105300154653378e-05,0.3,0.08910000000000001,8.970054626464844,0.11148204126312065,
sb,1783,0.2177734375,,0.06985155306756496,,0.006227265955973417,2.1033034499851055e-05,0.3,0.08915000000000001,5.00095796585083,0.19996168870614903,
sb,1784,0.233642578125,,0.05965391732752323,,0.005321129425615073,2.1013054720242508e-05,0.3,0.0892,7.628612995147705,0.13108542806353726,
sb,1785,0.216064453125,,0.05848044343292713,,0.005219379576388746,2.0993062207708135e-05,0.3,0.08925,4.88031530380249,0.20490479359414576,
sb,1786,0.25390625,,0.06260570231825113,,0.005590689217019827,2.0973060600226745e-05,0.3,0.0893,6.624748229980469,0.1509491327496001,
sb,1787,0.2431640625,,0.06916368007659912,,0.006179774814844131,2.0953044440830126e-05,0.3,0.08935,8.07520580291748,0.12383585315419593,
sb,1788,0.2734375,,0.0651825089007616,,0.005827316295728088,2.0933022824465297e-05,0.3,0.08940000000000001,10.028634071350098,0.09971447685550817,
sb,1789,0.28564453125,,0.0637650266289711,,0.005703781631961465,2.091298665618524e-05,0.3,0.08945,9.775337219238281,0.1022982611824334,
sb,1790,0.29296875,,0.06437531113624573,,0.005761590346693993,2.0892941392958164e-05,0.3,0.08950000000000001,9.604220390319824,0.10412089262423721,
sb,1791,0.2314453125,,0.06755363382399082,,0.006049427908938378,2.0872883396805264e-05,0.3,0.08955,5.587937831878662,0.1789568943117251,
sb,1792,0.3740234375,,0.06738358456641436,,0.006037569177150727,2.0852816305705346e-05,0.3,0.08960000000000001,11.974174499511719,0.08351306388935437,
sb,1793,0.33935546875,,0.06083893682807684,,0.005454210686637089,2.0832738300669007e-05,0.3,0.08965000000000001,8.749764442443848,0.11428879103866431,
sb,1794,0.220703125,,0.06406554952263832,,0.005746679792180657,2.0812647562706843e-05,0.3,0.0897,6.728625297546387,0.14861876769459179,
sb,1795,0.252685546875,,0.06940121296793222,,0.006228758863871917,2.0792549548787065e-05,0.3,0.08975,6.6486334800720215,0.1504068472111306,
sb,1796,0.319580078125,,0.07753742672502995,,0.0069628609199076895,2.0772438801941462e-05,0.3,0.0898,8.495582580566406,0.11770823136808697,
sb,1797,0.284423828125,,0.06514014303684235,,0.005852841851860285,2.0752317141159438e-05,0.3,0.08985,5.868043422698975,0.170414553534448,
sb,1798,0.28173828125,,0.07359239086508751,,0.006615955938771368,2.0732184566440992e-05,0.3,0.08990000000000001,7.7958831787109375,0.12827283029725334,
sb,1799,0.302490234375,,0.06967988330870867,,0.006267705503618345,2.071204289677553e-05,0.3,0.08995,8.259852409362793,0.12106753855147215,
sb,1800,0.2939453125,,0.0656854398548603,,0.005911689586937428,2.0691890313173644e-05,0.3,0.09000000000000001,7.383241653442383,0.1354418623876082,
sb,1801,0.317138671875,,0.07007791567593813,,0.006310516306618229,2.0671728634624742e-05,0.3,0.09005,9.45193099975586,0.10579848710552688,
sb,1802,0.286376953125,,0.06809243559837341,,0.006135128447413446,2.065155604213942e-05,0.3,0.09010000000000001,8.168237686157227,0.12242542864475008,
sb,1803,0.2744140625,,0.060907162725925446,,0.00549078071974218,2.063137071672827e-05,0.3,0.09015000000000001,8.609235763549805,0.11615432861460805,
sb,1804,0.188232421875,,0.07017047889530659,,0.006329377196356655,2.0611178115359508e-05,0.3,0.0902,5.246092319488525,0.1906180713376192,
sb,1805,0.227294921875,,0.06462819688022137,,0.0058326947684399786,2.0590974600054324e-05,0.3,0.09025,7.500137805938721,0.13333088349499195,
sb,1806,0.281982421875,,0.06179418973624706,,0.00558001533318311,2.057076017081272e-05,0.3,0.0903,7.651372909545898,0.1306954989414245,
sb,1807,0.28564453125,,0.06272012926638126,,0.005666763679217547,2.05505384656135e-05,0.3,0.09035,9.372185707092285,0.10669869668110209,
sb,1808,0.30029296875,,0.06618274003267288,,0.005982919698953629,2.053030584647786e-05,0.3,0.09040000000000001,8.576276779174805,0.11660071447650018,
sb,1809,0.249755859375,,0.0639986926689744,,0.0057886817519087344,2.0510060494416393e-05,0.3,0.09045,7.3236799240112305,0.1365433785167789,
sb,1810,0.29345703125,,0.07407201826572418,,0.006703517653048039,2.048980604740791e-05,0.3,0.09050000000000001,11.161445617675781,0.0895941291347022,
sb,1811,0.253173828125,,0.05982702970504761,,0.005417337539792061,2.046954250545241e-05,0.3,0.09055,6.098018169403076,0.16398770423766845,
sb,1812,0.290771484375,,0.07038047909736633,,0.006376471406221391,2.0449268049560487e-05,0.3,0.09060000000000001,6.585134506225586,0.15185718667623266,
sb,1813,0.2119140625,,0.07611843850463629,,0.00690013645044528,2.042898631771095e-05,0.3,0.09065000000000001,6.803256511688232,0.14698843094949676,
sb,1814,0.252197265625,,0.06632163096219301,,0.006015371928270907,2.0408693671924993e-05,0.3,0.0907,7.262465476989746,0.13769428621290944,
sb,1815,0.211181640625,,0.06208469159901142,,0.0056341857626102864,2.0388391931192018e-05,0.3,0.09075,5.987640857696533,0.16701068480328052,
sb,1816,0.24755859375,,0.07151411660015583,,0.00649348178729415,2.036807927652262e-05,0.3,0.0908,5.730220317840576,0.17451335978942747,
sb,1817,0.208984375,,0.06315532885491848,,0.005737661626469344,2.034775934589561e-05,0.3,0.09085,7.0830607414245605,0.14118190377100703,
sb,1818,0.233154296875,,0.07012714259326458,,0.006374557261727751,2.032742850133218e-05,0.3,0.09090000000000001,8.454134941101074,0.1182853132776893,
sb,1819,0.28564453125,,0.07723589055240154,,0.007024604245740921,2.0307090380811132e-05,0.3,0.09095,7.479893684387207,0.1336917397752994,
sb,1820,0.252197265625,,0.05779086146503687,,0.0052589683933183555,2.028673952736426e-05,0.3,0.09100000000000001,7.747918128967285,0.12906692912271253,
sb,1821,0.260498046875,,0.07097329385578632,,0.006462118405569345,2.0266379578970373e-05,0.3,0.09105,11.38133430480957,0.087863160260341,
sb,1822,0.2978515625,,0.0613268343731761,,0.005586874611396344,2.0246010535629466e-05,0.3,0.09110000000000001,8.13435173034668,0.12293542658959754,
sb,1823,0.2177734375,,0.0768742486834526,,0.0070070877674967055,2.0225632397341542e-05,0.3,0.09115000000000001,6.794126987457275,0.14718594483825703,
sb,1824,0.356201171875,,0.07346948981285095,,0.006700417470932007,2.0205246983096004e-05,0.3,0.0912,9.428094863891602,0.10606596713720735,
sb,1825,0.267333984375,,0.06022642832249403,,0.00549566158442758,2.0184850654914044e-05,0.3,0.09125,7.90526819229126,0.12649792210403937,
sb,1826,0.260986328125,,0.061556534841656685,,0.0056201116310432555,2.0164445231785066e-05,0.3,0.0913,7.836545467376709,0.12760724788275246,
sb,1827,0.223388671875,,0.05691797751933336,,0.005199457246391103,2.014403071370907e-05,0.3,0.09135,6.97158145904541,0.14343947723690886,
sb,1828,0.20263671875,,0.05701514799147844,,0.00521118452642113,2.0123608919675462e-05,0.3,0.09140000000000001,5.806872367858887,0.1722097433267197,
sb,1829,0.267578125,,0.07124359346926212,,0.006515226622764022,2.0103174392716028e-05,0.3,0.09145,7.05272912979126,0.14178908357275832,
sb,1830,0.2412109375,,0.07048766035586596,,0.006449620922561736,2.0082736227777787e-05,0.3,0.09150000000000001,9.161927223205566,0.10914734156228333,
sb,1831,0.248291015625,,0.05814287252724171,,0.005322979979868979,2.006228532991372e-05,0.3,0.09155,6.096174716949463,0.16403729329142355,
sb,1832,0.26513671875,,0.0674962867051363,,0.006182659862190486,2.004182715609204e-05,0.3,0.09160000000000001,6.651364326477051,0.15034509476789676,
sb,1833,0.198486328125,,0.05750083923339844,,0.005269951915740968,2.002135806833394e-05,0.3,0.09165000000000001,5.87434196472168,0.17023183294494823,
sb,1834,0.222900390625,,0.07879935950040817,,0.00722590126618743,2.0000883523607627e-05,0.3,0.0917,5.487483501434326,0.18223289413783542,
sb,1835,0.231689453125,,0.05459217634052038,,0.005008832179242745,1.9980398064944893e-05,0.3,0.09175,6.551790714263916,0.1526300279743213,
sb,1836,0.2607421875,,0.06589013617485762,,0.0060487145008519295,1.9959905330324546e-05,0.3,0.0918,5.2603349685668945,0.1901019623228359,
sb,1837,0.22705078125,,0.06805395800620317,,0.006250756042869761,1.993940350075718e-05,0.3,0.09185,7.188472270965576,0.1391116168089047,
sb,1838,0.225830078125,,0.060527294874191284,,0.0055624583989381795,1.9918892576242797e-05,0.3,0.09190000000000001,6.378792762756348,0.15676947616775824,
sb,1839,0.276123046875,,0.06297544948756695,,0.0057905925803817815,1.9898372556781396e-05,0.3,0.09195,8.597264289855957,0.11631607058770023,
sb,1840,0.224365234375,,0.06391066126525402,,0.00587978083640337,1.9877847080351785e-05,0.3,0.09200000000000001,6.903530120849609,0.1448534275210682,
sb,1841,0.208740234375,,0.06784856226295233,,0.006245460156304762,1.9857312508975156e-05,0.3,0.09205,5.48142147064209,0.1824344297105949,
sb,1842,0.267578125,,0.06961590517312288,,0.006411624866444619,1.9836767023662105e-05,0.3,0.09210000000000002,9.890607833862305,0.10110602066096658,
sb,1843,0.2413330078125,,0.06813035905361176,,0.006278212586790324,1.981621426239144e-05,0.3,0.09215000000000001,6.3519487380981445,0.15743200098611201,
sb,1844,0.266845703125,,0.06198436114937067,,0.005714958097971976,1.9795654225163162e-05,0.3,0.0922,7.981415748596191,0.12529105505823132,
sb,1845,0.248046875,,0.07146134972572327,,0.006592309512197971,1.977508691197727e-05,0.3,0.09225,8.916847229003906,0.11214726173027742,
sb,1846,0.24658203125,,0.0631702458485961,,0.00583061369182542,1.9754514141823165e-05,0.3,0.09230000000000001,7.261485576629639,0.13771286735298346,
sb,1847,0.2333984375,,0.06452803686261177,,0.005959164204262197,1.9733928638743237e-05,0.3,0.09235,7.696976184844971,0.1299211503303023,
sb,1848,0.21826171875,,0.06574849039316177,,0.006075160512328148,1.9713335859705694e-05,0.3,0.09240000000000001,5.657958507537842,0.17674219396762017,
sb,1849,0.260009765625,,0.055181040428578854,,0.005101487187622115,1.9692735804710537e-05,0.3,0.09245,8.187582969665527,0.12213616688892634,
sb,1850,0.209716796875,,0.07612756732851267,,0.007041799977887423,1.9672128473757766e-05,0.3,0.09250000000000001,6.545446395874023,0.15277796799777602,
sb,1851,0.22119140625,,0.05849779583513737,,0.005413971004541964,1.9651512047857977e-05,0.3,0.09255000000000001,6.96455717086792,0.1435841469121547,
sb,1852,0.282470703125,,0.06694614514708519,,0.00619921304062009,1.963088652701117e-05,0.3,0.09260000000000002,8.338210105895996,0.11992981554793088,
sb,1853,0.214599609375,,0.06963231042027473,,0.006451433560438455,1.9610255549196154e-05,0.3,0.09265000000000001,6.58758020401001,0.15180080834405285,
sb,1854,0.228271484375,,0.06284365616738796,,0.005825606926716864,1.9589619114412926e-05,0.3,0.0927,7.127305030822754,0.1403054865303784,
sb,1855,0.256591796875,,0.059383382089436054,,0.005507808688795194,1.9568971765693277e-05,0.3,0.09275,9.02441120147705,0.11081055347259965,
sb,1856,0.28369140625,,0.06794334203004837,,0.00630514214038849,1.954831532202661e-05,0.3,0.09280000000000001,8.792572021484375,0.11373236381306076,
sb,1857,0.290771484375,,0.06401775684207678,,0.005944048722786829,1.9527653421391733e-05,0.3,0.09285,8.513723373413086,0.11745742211014636,
sb,1858,0.2998046875,,0.07096999138593674,,0.0065931121997535235,1.9506982425809838e-05,0.3,0.09290000000000001,7.359330177307129,0.1358819316306192,
sb,1859,0.23388671875,,0.05705136340111494,,0.005302924228133634,1.9486307792249136e-05,0.3,0.09295,7.42880916595459,0.13461107664238964,
sb,1860,0.28076171875,,0.06614985875785351,,0.006151936864480377,1.9465624063741416e-05,0.3,0.09300000000000001,7.907649517059326,0.12645982827674399,
sb,1861,0.264404296875,,0.05920395255088806,,0.005508927784860135,1.944493305927608e-05,0.3,0.09305000000000001,10.277451515197754,0.09730038604621512,
sb,1862,0.21630859375,,0.057795219123363495,,0.005380734900385142,1.942423295986373e-05,0.3,0.09310000000000002,7.523617744445801,0.1329147803579249,
sb,1863,0.209228515625,,0.06802362482994795,,0.006336400652909652,1.9403527403483167e-05,0.3,0.09315000000000001,5.772944450378418,0.17322182962187516,
sb,1864,0.27197265625,,0.0641704797744751,,0.005980688714981079,1.9382812752155587e-05,0.3,0.0932,9.17255973815918,0.10902082172764216,
sb,1865,0.2236328125,,0.06661440432071686,,0.006211793202906847,1.93620944628492e-05,0.3,0.09325,8.630053520202637,0.11587413654608711,
sb,1866,0.27783203125,,0.0649230144917965,,0.006057317252084613,1.9341367078595795e-05,0.3,0.09330000000000001,8.498379707336426,0.11766948929532138,
sb,1867,0.2744140625,,0.06109005678445101,,0.005702756800828501,1.9320632418384776e-05,0.3,0.09335,7.987232685089111,0.12519980817221468,
sb,1868,0.19482421875,,0.06015875283628702,,0.005618827514909209,1.9299892301205546e-05,0.3,0.09340000000000001,5.206957817077637,0.19205072042647006,
sb,1869,0.2099609375,,0.069114426150918,,0.006458743123803288,1.9279143089079298e-05,0.3,0.09345,5.784326076507568,0.17288098678623856,
sb,1870,0.1839599609375,,0.06115019507706165,,0.0057175432397052655,1.925838841998484e-05,0.3,0.09350000000000001,5.183176517486572,0.19293188195043767,
sb,1871,0.265869140625,,0.0658318679779768,,0.00615857124933973,1.9237626474932767e-05,0.3,0.09355000000000001,8.783637046813965,0.11384805572797704,
sb,1872,0.222412109375,,0.0668493490666151,,0.006257099072635175,1.921685725392308e-05,0.3,0.09360000000000002,6.879696369171143,0.1453552520836728,
sb,1873,0.29248046875,,0.06284130644053221,,0.005885088348155842,1.9196084394934587e-05,0.3,0.09365000000000001,9.79704761505127,0.10207156679158048,
sb,1874,0.23681640625,,0.07965986803174019,,0.007464129634574056,1.9175300622009672e-05,0.3,0.0937,5.8458428382873535,0.17106173184309695,
sb,1875,0.2431640625,,0.05992820952087641,,0.005618269642582163,1.915451321110595e-05,0.3,0.09375,7.609999656677246,0.1314060506063978,
sb,1876,0.215087890625,,0.07753769308328629,,0.007273035611212253,1.9133718524244614e-05,0.3,0.0938,6.845247268676758,0.14608676074798801,
sb,1877,0.2197265625,,0.06227129232138395,,0.005844160784361884,1.9112916561425664e-05,0.3,0.09385,6.588179588317871,0.15178699769708695,
sb,1878,0.279296875,,0.062396733090281487,,0.005859053237177432,1.9092109141638502e-05,0.3,0.0939,7.765910625457764,0.12876789963585947,
sb,1879,0.316162109375,,0.07150096818804741,,0.006717515961267054,1.9071294445893727e-05,0.3,0.09395,12.780546188354492,0.07824391737742713,
sb,1880,0.221435546875,,0.06376624386757612,,0.005994026923552155,1.9050472474191338e-05,0.3,0.094,6.683403491973877,0.14962436447251817,
sb,1881,0.2490234375,,0.06264465488493443,,0.005891729791928083,1.902964686451014e-05,0.3,0.09405000000000001,26.97583770751953,0.03707021115867884,
sb,1882,0.3173828125,,0.0573904775083065,,0.005400443933531642,1.9008812159881927e-05,0.3,0.0941,9.86447525024414,0.10137386679288901,
sb,1883,0.3095703125,,0.06424557417631149,,0.0060487208086997275,1.8987973817274906e-05,0.3,0.09415000000000001,10.730545043945312,0.09319191111957989,
sb,1884,0.249267578125,,0.05888135451823473,,0.005546623595617712,1.896712819871027e-05,0.3,0.0942,9.135030746459961,0.10946870653801834,
sb,1885,0.2060546875,,0.058354598470032215,,0.005499920905800536,1.8946278942166828e-05,0.3,0.09425,6.913318157196045,0.14464834067546914,
sb,1886,0.219482421875,,0.06961458176374435,,0.006564655060321092,1.8925418771686964e-05,0.3,0.0943,6.234457492828369,0.1603988801191317,
sb,1887,0.25537109375,,0.06199281383305788,,0.005849021985149011,1.890455314423889e-05,0.3,0.09435,5.598430633544922,0.17862148617295642,
sb,1888,0.23486328125,,0.062395733781158924,,0.005890157268941402,1.8883683878812008e-05,0.3,0.0944,9.771197319030762,0.10234160332146414,
sb,1889,0.183837890625,,0.06128766480833292,,0.005788619941147045,1.8862807337427512e-05,0.3,0.09445,5.804516315460205,0.17227964323857983,
sb,1890,0.27587890625,,0.0561650674790144,,0.005307598876766861,1.8841928977053612e-05,0.3,0.0945,9.45810604095459,0.10572941302094682,
sb,1891,0.20849609375,,0.06195125263184309,,0.005857490936340764,1.8821039702743292e-05,0.3,0.09455000000000001,6.320163726806641,0.15822374913462334,
sb,1892,0.287353515625,,0.06973416917026043,,0.006596852403506637,1.8800148609443568e-05,0.3,0.0946,7.832803249359131,0.12766821381372226,
sb,1893,0.210205078125,,0.06527132354676723,,0.006177930773701519,1.8779248421196826e-05,0.3,0.09465000000000001,5.623741626739502,0.17781755748614891,
sb,1894,0.24267578125,,0.06435427814722061,,0.006094350140541793,1.8758344594971277e-05,0.3,0.0947,13.094537734985352,0.07636772066632398,
sb,1895,0.263671875,,0.06370912212878466,,0.006036439321702346,1.8737435311777517e-05,0.3,0.09475,7.1239118576049805,0.14037231509714304,
sb,1896,0.2421875,,0.07535999454557896,,0.007144127482920885,1.8716520571615547e-05,0.3,0.0948,7.653822422027588,0.13065367144160736,
sb,1897,0.281494140625,,0.0680400263518095,,0.006453596499469132,1.8695598555495963e-05,0.3,0.09485,8.174932479858398,0.12232516934712609,
sb,1898,0.23974609375,,0.06875945348292589,,0.006525272135529667,1.867467290139757e-05,0.3,0.0949,6.737671375274658,0.14841923036937008,
sb,1899,0.28125,,0.06880690529942513,,0.006533215658180416,1.865374179033097e-05,0.3,0.09495,6.1846089363098145,0.16169171087423231,
sb,1900,0.239013671875,,0.05973609257489443,,0.005674928794614971,1.8632805222296156e-05,0.3,0.095,8.36616039276123,0.1195291451578246,
sb,1901,0.251953125,,0.07595520652830601,,0.007219542380515487,1.8611863197293133e-05,0.3,0.09505000000000001,9.454873085021973,0.10576556565144798,
sb,1902,0.21728515625,,0.07015669625252485,,0.006671901813615114,1.8590917534311302e-05,0.3,0.0951,6.994284629821777,0.14297387837724887,
sb,1903,0.244384765625,,0.06510515883564949,,0.00619475586321205,1.856996641436126e-05,0.3,0.09515000000000001,8.417559623718262,0.11879927730862608,
sb,1904,0.271728515625,,0.06501231528818607,,0.006189172415435314,1.8549008018453605e-05,0.3,0.0952,8.226700782775879,0.12155541162912903,
sb,1905,0.302001953125,,0.05531490035355091,,0.005268744258675725,1.852804416557774e-05,0.3,0.09525,9.10714054107666,0.10980394949321584,
sb,1906,0.2392578125,,0.059145824052393436,,0.005636597032193094,1.8507076674723066e-05,0.3,0.0953,7.870520114898682,0.1270564061080318,
sb,1907,0.29541015625,,0.06168252136558294,,0.005881428412208334,1.8486103726900183e-05,0.3,0.09535,7.652955055236816,0.13066847940204657,
sb,1908,0.23486328125,,0.06438107043504715,,0.006141954119503498,1.8465127141098492e-05,0.3,0.0954,7.777407169342041,0.12857755524770845,
sb,1909,0.22607421875,,0.0679459422826767,,0.0064854401908814915,1.844414509832859e-05,0.3,0.09545000000000001,6.324281692504883,0.15812072400018698,
sb,1910,0.220703125,,0.06827129237353802,,0.006519908421672881,1.8423155779601075e-05,0.3,0.0955,7.471985816955566,0.13383323048215398,
sb,1911,0.225341796875,,0.06275842059403658,,0.005996567087760195,1.8402164641884156e-05,0.3,0.09555000000000001,8.79703426361084,0.11367467376323927,
sb,1912,0.18994140625,,0.05790786910802126,,0.005535992286726832,1.8381168047199026e-05,0.3,0.0956,5.528407573699951,0.18088391397863932,
sb,1913,0.198974609375,,0.07110624946653843,,0.006801312761474402,1.836016781453509e-05,0.3,0.09565000000000001,6.85372257232666,0.1459061100660405,
sb,1914,0.24072265625,,0.06349231023341417,,0.006076214089337737,1.833916212490294e-05,0.3,0.09570000000000001,7.406922817230225,0.13500883223378102,
sb,1915,0.18310546875,,0.06363627035170794,,0.006093172886176035,1.8318150978302583e-05,0.3,0.09575,6.327324390411377,0.1580446865527285,
sb,1916,0.227783203125,,0.06068591959774494,,0.005813711097463965,1.829713801271282e-05,0.3,0.0958,9.219315528869629,0.10846792225177361,
sb,1917,0.188720703125,,0.0646898876875639,,0.006200525734853,1.8276117771165445e-05,0.3,0.09585,5.076587200164795,0.1969827288631107,
sb,1918,0.188720703125,,0.06013644207268953,,0.005767084794770927,1.825509207264986e-05,0.3,0.0959,4.051730155944824,0.2468081440548969,
sb,1919,0.2626953125,,0.06283832807093859,,0.006029337578406558,1.823406455514487e-05,0.3,0.09595000000000001,7.484460830688477,0.13361015878387764,
sb,1920,0.245361328125,,0.06210164539515972,,0.005961757957935333,1.821303339966107e-05,0.3,0.096,7.164539813995361,0.13957630580076882,
sb,1921,0.248046875,,0.063221232034266,,0.006072399336891249,1.8191996787209064e-05,0.3,0.09605000000000001,8.220345497131348,0.12164938813690615,
sb,1922,0.220458984375,,0.06457008048892021,,0.006205184734985232,1.8170954717788845e-05,0.3,0.0961,6.147909164428711,0.16265692502191095,
sb,1923,0.241943359375,,0.06828155368566513,,0.0065652713868767035,1.8149910829379223e-05,0.3,0.09615000000000001,5.683475017547607,0.1759486928177781,
sb,1924,0.23681640625,,0.06808818783611059,,0.006550083669833839,1.8128863302990794e-05,0.3,0.09620000000000001,7.842061996459961,0.12751748206675959,
sb,1925,0.212158203125,,0.06152284238487482,,0.005921573579544202,1.810780850064475e-05,0.3,0.09625,6.8520307540893555,0.1459421353885767,
sb,1926,0.197509765625,,0.06170672830194235,,0.005942357935477048,1.8086753698298708e-05,0.3,0.0963,5.6102728843688965,0.17824444917575355,
sb,1927,0.199462890625,,0.07367724366486073,,0.007098802427109331,1.806569161999505e-05,0.3,0.09635,5.629949569702148,0.17762148445903483,
sb,1928,0.2216796875,,0.05962732248008251,,0.005748073887079954,1.804462772270199e-05,0.3,0.0964,7.538436412811279,0.13265350335787657,
sb,1929,0.214111328125,,0.05950835347175598,,0.005739580692350865,1.8023558368440717e-05,0.3,0.09645000000000001,5.341699600219727,0.18720633409614906,
sb,1930,0.20849609375,,0.0651367362588644,,0.006285695048980415,1.8002487195190042e-05,0.3,0.0965,6.866719722747803,0.14562994273484597,
sb,1931,0.197265625,,0.06399569381028414,,0.006178784237382934,1.7981410564971156e-05,0.3,0.09655000000000001,5.908754348754883,0.16924040854917655,
sb,1932,0.194580078125,,0.06673201359808445,,0.006446312513574958,1.796033393475227e-05,0.3,0.0966,5.549977779388428,0.18018090157294173,
sb,1933,0.19287109375,,0.0932405423372984,,0.009011698416899892,1.793925002857577e-05,0.3,0.09665000000000001,4.2454423904418945,0.23554671292946533,
sb,1934,0.259033203125,,0.06307147163897753,,0.006099011307489128,1.7918162484420463e-05,0.3,0.09670000000000001,8.117460250854492,0.1231912407448788,
sb,1935,0.20068359375,,0.06542749051004648,,0.006330109706846997,1.7897073121275753e-05,0.3,0.09675,6.590120792388916,0.15174228690237715,
sb,1936,0.193115234375,,0.07465963810682297,,0.007227052968740463,1.7875976482173428e-05,0.3,0.0968,5.01458215713501,0.1994184098822965,
sb,1937,0.22021484375,,0.054574811831116676,,0.005285570525843651,1.7854879843071103e-05,0.3,0.09685,7.074954509735107,0.14134366498385315,
sb,1938,0.227783203125,,0.06631929613649845,,0.0064263397956267,1.783377956598997e-05,0.3,0.0969,5.651985168457031,0.1769289851609777,
sb,1939,0.20849609375,,0.06534535810351372,,0.006335232468135656,1.7812677469919436e-05,0.3,0.09695000000000001,7.474573612213135,0.13378689566533167,
sb,1940,0.18701171875,,0.07752688881009817,,0.007520108214579523,1.779156991688069e-05,0.3,0.097,5.284690856933594,0.18922582740823618,
sb,1941,0.22021484375,,0.05327793024480343,,0.005170623130258173,1.777046054485254e-05,0.3,0.09705000000000001,8.040444374084473,0.12437123540374785,
sb,1942,0.229248046875,,0.06324378587305546,,0.006140971608273685,1.774934571585618e-05,0.3,0.0971,9.9475679397583,0.10052708421354067,
sb,1943,0.1982421875,,0.06479111593216658,,0.006294456912809984,1.7728229067870416e-05,0.3,0.09715000000000001,5.5110273361206055,0.1814543712105651,
sb,1944,0.24560546875,,0.056126332841813564,,0.0054554795522242785,1.7707112419884652e-05,0.3,0.09720000000000001,8.37948989868164,0.11933900656140557,
sb,1945,0.162841796875,,0.07746722176671028,,0.007533687316812575,1.7685988495941274e-05,0.3,0.09725,5.487111568450928,0.18224524643341836,
sb,1946,0.197509765625,,0.06877451110631227,,0.006691759930644184,1.7664862753008492e-05,0.3,0.0973,5.8460564613342285,0.17105548100911994,
sb,1947,0.1748046875,,0.05862738937139511,,0.005707376355305315,1.7643735191086307e-05,0.3,0.09735,4.871274471282959,0.20528508625313155,
sb,1948,0.283935546875,,0.07079691998660564,,0.00689562000669539,1.7622603991185315e-05,0.3,0.0974,11.75616455078125,0.08506175595624386,
sb,1949,0.21044921875,,0.06263399310410023,,0.006103682627994568,1.760147097229492e-05,0.3,0.09745000000000001,6.05172872543335,0.16524203998063255,
sb,1950,0.220947265625,,0.06351108197122812,,0.006192330492194742,1.7580334315425716e-05,0.3,0.0975,6.709507942199707,0.14904222613859083,
sb,1951,0.24072265625,,0.06601675692945719,,0.006439934638468549,1.7559197658556513e-05,0.3,0.09755000000000001,6.504186153411865,0.15374713706117335,
sb,1952,0.245849609375,,0.06957193650305271,,0.006790221002697945,1.7538051906740293e-05,0.3,0.0976,8.169166564941406,0.12241150820593809,
sb,1953,0.2626953125,,0.07878152094781399,,0.0076930155205540375,1.751690979290288e-05,0.3,0.09765000000000001,7.218225479125977,0.13853820483882773,
sb,1954,0.20947265625,,0.08469877298921347,,0.008275070121046156,1.7495760403107852e-05,0.3,0.09770000000000001,7.838836669921875,0.12756994973974453,
sb,1955,0.194580078125,,0.05984249897301197,,0.0058496042746119204,1.7474611013312824e-05,0.3,0.09775,7.973721027374268,0.12541196219016684,
sb,1956,0.1737060546875,,0.06362710520625114,,0.006222730889171362,1.7453465261496603e-05,0.3,0.0978,4.930953025817871,0.20280055290815416,
sb,1957,0.2412109375,,0.06070913188159466,,0.005940388554614037,1.743230859574396e-05,0.3,0.09785,7.720678329467773,0.12952229808399945,
sb,1958,0.1593017578125,,0.07474355213344097,,0.007317393753863871,1.7411153748980723e-05,0.3,0.0979,5.362723350524902,0.18647241982044815,
sb,1959,0.196533203125,,0.0740399481728673,,0.007252212923532352,1.7389993445249274e-05,0.3,0.09795000000000001,5.68810510635376,0.17580547147115377,
sb,1960,0.19189453125,,0.056112248450517654,,0.00549900034815073,1.7368831322528422e-05,0.3,0.098,6.657183647155762,0.1502136718771824,
sb,1961,0.187255859375,,0.06522783171385527,,0.00639558889954351,1.7347671018796973e-05,0.3,0.09805000000000001,5.773119926452637,0.17321656448153191,
sb,1962,0.24072265625,,0.0655483603477478,,0.00643029415011406,1.7326505258097313e-05,0.3,0.0981,7.241951942443848,0.13808431869578838,
sb,1963,0.197021484375,,0.0773876691237092,,0.007595599724492059,1.730533767840825e-05,0.3,0.09815000000000002,5.470141887664795,0.18281061452080546,
sb,1964,0.190673828125,,0.06098257377743721,,0.005988488744944335,1.7284168279729784e-05,0.3,0.09820000000000001,6.0564045906066895,0.1651144643723062,
sb,1965,0.210205078125,,0.06280970387160778,,0.006171053405385465,1.7262998881051317e-05,0.3,0.09825,6.163500785827637,0.1622454567215115,
sb,1966,0.190185546875,,0.05504221562296152,,0.005410649795737118,1.724182402540464e-05,0.3,0.0983,8.3322172164917,0.12001607423540651,
sb,1967,0.206787109375,,0.06394633185118437,,0.006289121737563983,1.722065280773677e-05,0.3,0.09835,6.2094855308532715,0.16104393754221147,
sb,1968,0.27734375,,0.07275841198861599,,0.007159427739679813,1.719947613310069e-05,0.3,0.0984,10.686436653137207,0.09357656180991172,
sb,1969,0.190185546875,,0.06440615560859442,,0.006340786019666121,1.71782958204858e-05,0.3,0.09845000000000001,5.227950096130371,0.19127956113050523,
sb,1970,0.18603515625,,0.06649481318891048,,0.006549739099107683,1.7157115507870913e-05,0.3,0.0985,4.609294414520264,0.216952945520205,
sb,1971,0.19482421875,,0.05750323459506035,,0.005666943769343198,1.713593337626662e-05,0.3,0.09855000000000001,6.365457057952881,0.1570979100001341,
sb,1972,0.178955078125,,0.06252095568925142,,0.006164566230960191,1.7114749425672926e-05,0.3,0.09860000000000001,3.976783514022827,0.2514595014975864,
sb,1973,0.18896484375,,0.07067912071943283,,0.00697249525897205,1.7093569113058038e-05,0.3,0.09865000000000002,5.22853946685791,0.19125799974135985,
sb,1974,0.1590576171875,,0.06171839777380228,,0.006091605860274286,1.7072381524485536e-05,0.3,0.09870000000000001,5.720273494720459,0.174816816175477,
sb,1975,0.23193359375,,0.0704161562025547,,0.006953595425002277,1.7051193935913034e-05,0.3,0.09875,6.942215919494629,0.1440462255274821,
sb,1976,0.197021484375,,0.06022337544709444,,0.0059500694941729305,1.7030004528351128e-05,0.3,0.0988,5.546152591705322,0.1803051725434986,
sb,1977,0.25634765625,,0.05853572953492403,,0.005786256864527241,1.7008815120789222e-05,0.3,0.09885000000000001,8.659524917602539,0.11547977625969558,
sb,1978,0.161865234375,,0.0736862812191248,,0.0072875732125714425,1.6987623894237913e-05,0.3,0.0989,3.4832236766815186,0.28709037742666704,
sb,1979,0.221923828125,,0.07390283420681953,,0.007312685444764794,1.6966432667686604e-05,0.3,0.09895000000000001,8.857621192932129,0.11289712872322225,
sb,1980,0.2587890625,,0.07065530214458704,,0.006994874912314117,1.6945237803156488e-05,0.3,0.099,8.734333038330078,0.11449071103787342,
sb,1981,0.173828125,,0.06658603344112635,,0.006595346612343566,1.692404293862637e-05,0.3,0.09905000000000001,4.811050891876221,0.20785479565152107,
sb,1982,0.235595703125,,0.0699967797845602,,0.0069366808766499165,1.690284625510685e-05,0.3,0.09910000000000001,7.498404026031494,0.13336171224281798,
sb,1983,0.247314453125,,0.06813808530569077,,0.00675589115805924,1.688164957158733e-05,0.3,0.09915000000000002,8.865727424621582,0.11279390309506196,
sb,1984,0.1689453125,,0.06284299213439226,,0.006234024819731713,1.6860452888067812e-05,0.3,0.09920000000000001,6.326805591583252,0.15805764623625093,
sb,1985,0.218505859375,,0.07571851648390293,,0.007515062761027366,1.683925438555889e-05,0.3,0.09925,6.697274208068848,0.1493144776415462,
sb,1986,0.237060546875,,0.06541680824011564,,0.006495889058243483,1.681805406406056e-05,0.3,0.0993,9.103452682495117,0.10984843167503731,
sb,1987,0.21875,,0.06725530233234167,,0.006681814286718145,1.6796855561551638e-05,0.3,0.09935000000000001,7.682812213897705,0.13016067192050657,
sb,1988,0.1483154296875,,0.059963248670101166,,0.005960346917808056,1.6775653421063907e-05,0.3,0.0994,4.265287399291992,0.23445078992003984,
sb,1989,0.14599609375,,0.074634263291955,,0.007422377484384925,1.6754451280576177e-05,0.3,0.09945000000000001,4.829399585723877,0.2070650776042816,
sb,1990,0.262939453125,,0.06106516160070896,,0.006075983579270542,1.6733249140088446e-05,0.3,0.0995,8.402417182922363,0.1190133717750253,
sb,1991,0.223388671875,,0.06933657266199589,,0.006902455808501692,1.671204881859012e-05,0.3,0.09955000000000001,8.249327659606934,0.12122200029664579,
sb,1992,0.210205078125,,0.06109204329550266,,0.006084767512232065,1.6690844859112985e-05,0.3,0.09960000000000001,5.816689968109131,0.17191908206946716,
sb,1993,0.21142578125,,0.06499649211764336,,0.006476900439523162,1.666964089963585e-05,0.3,0.09965000000000002,8.734654426574707,0.11448649839626795,
sb,1994,0.21826171875,,0.06574791576713324,,0.006555067201983184,1.6648435121169314e-05,0.3,0.09970000000000001,4.78950309753418,0.2087899265614503,
sb,1995,0.21142578125,,0.060408386401832104,,0.006025736543582753,1.6627229342702776e-05,0.3,0.09975,6.4946699142456055,0.15397241325637961,
sb,1996,0.1756591796875,,0.06339535024017096,,0.006326855953969061,1.6606025383225642e-05,0.3,0.0998,6.167448043823242,0.16214161722878387,
sb,1997,0.173583984375,,0.064306422136724,,0.006420996250351891,1.6584819604759105e-05,0.3,0.09985000000000001,5.201879024505615,0.19223822685784964,
sb,1998,0.24072265625,,0.061837838031351566,,0.006177600019332021,1.656361564528197e-05,0.3,0.0999,8.34891128540039,0.11977609604604186,
sb,1999,0.1851806640625,,0.07094556093215942,,0.007091008815169335,1.6542409866815433e-05,0.3,0.09995000000000001,6.198835372924805,0.16132062554327342,
sb,2000,0.182373046875,,0.06243377737700939,,0.00624337773770094,1.6521204088348895e-05,0.3,0.1,5.806996822357178,0.17220605255886462,
sb,2001,0.1463623046875,,0.06919283792376518,,0.006919283792376519,1.6499996490892954e-05,0.3,0.1,4.514986038208008,0.2214846273139083,
sb,2002,0.18701171875,,0.06038402300328016,,0.006038402300328017,1.6478790712426417e-05,0.3,0.1,6.102900981903076,0.16385650086168835,
sb,2003,0.214599609375,,0.06470814719796181,,0.006470814719796181,1.6457586752949283e-05,0.3,0.1,7.711989402770996,0.12966822797249822,
sb,2004,0.1962890625,,0.06987875699996948,,0.006987875699996949,1.6436380974482745e-05,0.3,0.1,7.487418174743652,0.133557386092468,
sb,2005,0.181640625,,0.0575995072722435,,0.00575995072722435,1.6415175196016207e-05,0.3,0.1,8.020224571228027,0.12468478795312382,
sb,2006,0.18896484375,,0.06280825939029455,,0.006280825939029455,1.6393971236539073e-05,0.3,0.1,6.581940650939941,0.15193087465126168,
sb,2007,0.23681640625,,0.052709201350808144,,0.005270920135080815,1.6372765458072536e-05,0.3,0.1,9.611164093017578,0.10404566921570829,
sb,2008,0.26123046875,,0.06032617762684822,,0.006032617762684822,1.6351559679605998e-05,0.3,0.1,8.763858795166016,0.1141049876969243,
sb,2009,0.2022705078125,,0.06169492471963167,,0.006169492471963168,1.6330357539118268e-05,0.3,0.1,7.757983207702637,0.1288994798296462,
sb,2010,0.1751708984375,,0.07956048659980297,,0.007956048659980298,1.630915176065173e-05,0.3,0.1,6.404449939727783,0.15614143437937533,
sb,2011,0.209716796875,,0.06761494185775518,,0.006761494185775519,1.6287947801174596e-05,0.3,0.1,8.567750930786133,0.11671674492856028,
sb,2012,0.19482421875,,0.05671949591487646,,0.005671949591487646,1.626674747967627e-05,0.3,0.1,5.378210544586182,0.18593545040861606,
sb,2013,0.187744140625,,0.06079448200762272,,0.006079448200762273,1.6245543520199135e-05,0.3,0.1,6.1414995193481445,0.16282668375200646,
sb,2014,0.195068359375,,0.05564628075808287,,0.005564628075808287,1.6224341379711404e-05,0.3,0.1,5.4606404304504395,0.18312870307732598,
sb,2015,0.220458984375,,0.05981651786714792,,0.005981651786714792,1.620314287720248e-05,0.3,0.1,7.62008810043335,0.13123207852979163,
sb,2016,0.254150390625,,0.06763416901230812,,0.006763416901230813,1.6181942555704154e-05,0.3,0.1,9.344642639160156,0.10701318804951908,
sb,2017,0.220947265625,,0.06276082061231136,,0.006276082061231137,1.6160742234205827e-05,0.3,0.1,6.290950775146484,0.1589584842963129,
sb,2018,0.2021484375,,0.0742927435785532,,0.0074292743578553205,1.6139543731696904e-05,0.3,0.1,7.296916961669922,0.13704417978893196,
sb,2019,0.182861328125,,0.06950804218649864,,0.006950804218649864,1.611834522918798e-05,0.3,0.1,6.796730995178223,0.14712955400315622,
sb,2020,0.236572265625,,0.05893443804234266,,0.005893443804234267,1.609714854566846e-05,0.3,0.1,6.307712078094482,0.15853608846111017,
sb,2021,0.183349609375,,0.05477937124669552,,0.005477937124669552,1.6075953681138344e-05,0.3,0.1,4.919186592102051,0.20328564108658526,
sb,2022,0.17431640625,,0.07250335160642862,,0.007250335160642863,1.6054758816608228e-05,0.3,0.1,4.979879856109619,0.20080805740185464,
sb,2023,0.1802978515625,,0.0534956194460392,,0.00534956194460392,1.6033565771067515e-05,0.3,0.1,6.766401290893555,0.14778904723635486,
sb,2024,0.11669921875,,0.0592420594766736,,0.0059242059476673605,1.60123709065374e-05,0.3,0.1,4.229793071746826,0.23641818477588517,
sb,2025,0.217041015625,,0.07215148955583572,,0.0072151489555835726,1.599117967998609e-05,0.3,0.1,5.933588027954102,0.16853209142408215,
sb,2026,0.2069091796875,,0.07830459903925657,,0.007830459903925658,1.5969990272424184e-05,0.3,0.1,7.0573039054870605,0.14169717124162656,
sb,2027,0.2421875,,0.061022828333079815,,0.006102282833307982,1.594880268385168e-05,0.3,0.1,9.200654983520508,0.1086879142616609,
sb,2028,0.23681640625,,0.06358196400105953,,0.0063581964001059536,1.592761509527918e-05,0.3,0.1,8.600846290588379,0.11626762834888316,
sb,2029,0.200927734375,,0.07706958521157503,,0.007706958521157503,1.590642932569608e-05,0.3,0.1,6.239830017089844,0.16026077589632545,
sb,2030,0.1513671875,,0.07640850357711315,,0.007640850357711316,1.5885243556112982e-05,0.3,0.1,4.374220371246338,0.22861216745581384,
sb,2031,0.1712646484375,,0.06331052165478468,,0.006331052165478468,1.586406142450869e-05,0.3,0.1,7.141707897186279,0.14002252883991298,
sb,2032,0.1875,,0.06010895501822233,,0.0060108955018222335,1.58428792929044e-05,0.3,0.1,9.470409393310547,0.10559205610544704,
sb,2033,0.21142578125,,0.05693717114627361,,0.0056937171146273615,1.582169898028951e-05,0.3,0.1,7.919309139251709,0.12627364109875996,
sb,2034,0.174560546875,,0.059684944339096546,,0.005968494433909655,1.5800520486664027e-05,0.3,0.1,6.050759792327881,0.1652685008695866,
sb,2035,0.1729736328125,,0.059765453450381756,,0.005976545345038176,1.5779343812027946e-05,0.3,0.1,6.315000057220459,0.15835312603942384,
sb,2036,0.16015625,,0.0642776321619749,,0.006427763216197491,1.575816895638127e-05,0.3,0.1,6.175921440124512,0.16191915808758073,
sb,2037,0.180419921875,,0.06945552118122578,,0.006945552118122578,1.57369977387134e-05,0.3,0.1,5.779685974121094,0.17301978074199234,
sb,2038,0.202392578125,,0.07293364219367504,,0.007293364219367504,1.571582652104553e-05,0.3,0.1,7.76808500289917,0.1287318560014192,
sb,2039,0.1790771484375,,0.0649309791624546,,0.006493097916245461,1.5694658941356465e-05,0.3,0.1,5.492758274078369,0.1820578933391694,
sb,2040,0.171142578125,,0.06102681905031204,,0.006102681905031205,1.5673491361667402e-05,0.3,0.1,6.033295631408691,0.16574689209560808,
sb,2041,0.193603515625,,0.06152097322046757,,0.006152097322046757,1.5652327419957146e-05,0.3,0.1,6.226661205291748,0.16059971259559566,
sb,2042,0.213134765625,,0.06770684011280537,,0.006770684011280537,1.563116347824689e-05,0.3,0.1,6.857426166534424,0.1458273083391251,
sb,2043,0.2216796875,,0.06753365695476532,,0.006753365695476532,1.5610001355526038e-05,0.3,0.1,6.353811264038086,0.1573858521199546,
sb,2044,0.207763671875,,0.0577676584944129,,0.00577676584944129,1.5588844689773396e-05,0.3,0.1,7.063368320465088,0.14157551392338477,
sb,2045,0.217529296875,,0.06540638394653797,,0.006540638394653797,1.5567689843010157e-05,0.3,0.1,7.116845607757568,0.14051168946393483,
sb,2046,0.188232421875,,0.06117344833910465,,0.006117344833910465,1.554653499624692e-05,0.3,0.1,6.663022518157959,0.15008203818534555,
sb,2047,0.173583984375,,0.0554824685677886,,0.00554824685677886,1.5525381968473084e-05,0.3,0.1,5.501892566680908,0.1817556391515045,
sb,2048,0.187255859375,,0.04868406895548105,,0.004868406895548106,1.5504232578678057e-05,0.3,0.1,7.586442470550537,0.1318140886036972,
sb,2049,0.204345703125,,0.06169027369469404,,0.006169027369469404,1.5483086826861836e-05,0.3,0.1,5.924358367919922,0.16879465047471565,
sb,2050,0.1806640625,,0.06752294301986694,,0.006752294301986695,1.5461941075045615e-05,0.3,0.1,5.045680522918701,0.19818932163020592,
sb,2051,0.174560546875,,0.06977531686425209,,0.0069775316864252096,1.5440800780197605e-05,0.3,0.1,6.097247123718262,0.16400844179498725,
sb,2052,0.194580078125,,0.06848911568522453,,0.006848911568522454,1.5419662304339e-05,0.3,0.1,7.345938682556152,0.13612964159020613,
sb,2053,0.177734375,,0.062342073768377304,,0.006234207376837731,1.5398525647469796e-05,0.3,0.1,5.939686298370361,0.16835905968205164,
sb,2054,0.15576171875,,0.06792731955647469,,0.006792731955647469,1.5377390809589997e-05,0.3,0.1,5.009697914123535,0.19961283437485544,
sb,2055,0.1640625,,0.06470240466296673,,0.0064702404662966735,1.5356259609689005e-05,0.3,0.1,7.480942249298096,0.1336730008968891,
sb,2056,0.17724609375,,0.06607705168426037,,0.006607705168426037,1.5335130228777416e-05,0.3,0.1,6.350758075714111,0.15746151688947072,
sb,2057,0.1982421875,,0.05481079779565334,,0.005481079779565335,1.531400812382344e-05,0.3,0.1,7.308345317840576,0.1368298782432839,
sb,2058,0.17578125,,0.06505919899791479,,0.00650591989979148,1.5292884199880064e-05,0.3,0.1,6.633482933044434,0.1507503690133187,
sb,2059,0.175048828125,,0.05715232528746128,,0.005715232528746128,1.5271763913915493e-05,0.3,0.1,6.108743667602539,0.16369978090641735,
sb,2060,0.1845703125,,0.0637664208188653,,0.006376642081886531,1.525064817542443e-05,0.3,0.1,5.479199409484863,0.18250841505584423,
sb,2061,0.1820068359375,,0.06130888592451811,,0.006130888592451811,1.5229534255922772e-05,0.3,0.1,6.553306579589844,0.15259472265718227,
sb,2062,0.20751953125,,0.05137294810265303,,0.005137294810265303,1.5208423064905219e-05,0.3,0.1,8.065299987792969,0.12398794855907713,
sb,2063,0.17578125,,0.0583641342818737,,0.0058364134281873705,1.5187318240350578e-05,0.3,0.1,6.448368072509766,0.15507799628608834,
sb,2064,0.207763671875,,0.06197985261678696,,0.006197985261678696,1.5166214325290639e-05,0.3,0.1,6.1090216636657715,0.16369233161303628,
sb,2065,0.2353515625,,0.0594781581312418,,0.00594781581312418,1.5145114048209507e-05,0.3,0.1,6.519588470458984,0.15338391441900306,
sb,2066,0.196044921875,,0.059027002193033695,,0.00590270021930337,1.5124015590117779e-05,0.3,0.1,7.188249588012695,0.13911592631224506,
sb,2067,0.173828125,,0.05990124959498644,,0.005990124959498644,1.5102925317478366e-05,0.3,0.1,5.66030216217041,0.17666901365854923,
sb,2068,0.1484375,,0.065162125043571,,0.0065162125043571,1.5081835954333656e-05,0.3,0.1,3.733508586883545,0.26784456945222285,
sb,2069,0.145263671875,,0.06063972786068916,,0.0060639727860689165,1.5060748410178348e-05,0.3,0.1,3.9095466136932373,0.2557841353003663,
sb,2070,0.163818359375,,0.07261505722999573,,0.007261505722999573,1.5039664504001848e-05,0.3,0.1,5.820322036743164,0.17181179901852353,
sb,2071,0.1546630859375,,0.056788332760334015,,0.005678833276033402,1.5018585145298857e-05,0.3,0.1,6.62279748916626,0.15099359472123758,
sb,2072,0.1456298828125,,0.06620993558317423,,0.006620993558317423,1.4997508515079971e-05,0.3,0.1,6.133134841918945,0.16304875496380222,
sb,2073,0.189208984375,,0.068275255151093,,0.006827525515109301,1.4976436432334594e-05,0.3,0.1,7.43316650390625,0.13453216734409,
sb,2074,0.160400390625,,0.05508432723581791,,0.0055084327235817914,1.4955368897062726e-05,0.3,0.1,5.781346797943115,0.17297007686094518,
sb,2075,0.15380859375,,0.06351415067911148,,0.006351415067911148,1.4934304090274964e-05,0.3,0.1,6.621197700500488,0.15103007722068337,
sb,2076,0.174560546875,,0.07333718240261078,,0.007333718240261078,1.4913242921466008e-05,0.3,0.1,7.004609107971191,0.14276314132390452,
sb,2077,0.1593017578125,,0.07208713889122009,,0.00720871388912201,1.489218539063586e-05,0.3,0.1,7.896717071533203,0.12663490295288532,
sb,2078,0.12353515625,,0.05536125134676695,,0.005536125134676695,1.4871133316773921e-05,0.3,0.1,5.779654502868652,0.17302072286564252,
sb,2079,0.177978515625,,0.06423653662204742,,0.006423653662204743,1.4850083061901387e-05,0.3,0.1,5.689966201782227,0.17574796835994866,
sb,2080,0.1939697265625,,0.060751622542738914,,0.006075162254273892,1.4829040082986467e-05,0.3,0.1,9.2435302734375,0.1081837750749442,
sb,2081,0.230224609375,,0.06806761585175991,,0.006806761585175992,1.480799892306095e-05,0.3,0.1,8.181859016418457,0.12222161222691685,
sb,2082,0.1248779296875,,0.05726516991853714,,0.005726516991853715,1.4786962310608942e-05,0.3,0.1,4.9321208000183105,0.2027525359874169,
sb,2083,0.22265625,,0.07036771904677153,,0.007036771904677153,1.4765930245630443e-05,0.3,0.1,7.770945072174072,0.12868447669007016,
sb,2084,0.1759033203125,,0.054863499477505684,,0.005486349947750569,1.4744901818630751e-05,0.3,0.1,6.997387886047363,0.1429104712051161,
sb,2085,0.15771484375,,0.06190147716552019,,0.006190147716552019,1.4723877939104568e-05,0.3,0.1,5.533440589904785,0.1807193885526486,
sb,2086,0.164306640625,,0.05946032144129276,,0.005946032144129277,1.4702860426041298e-05,0.3,0.1,6.550803184509277,0.15265303686190815,
sb,2087,0.190673828125,,0.06090993992984295,,0.006090993992984295,1.4681843822472729e-05,0.3,0.1,7.405325412750244,0.13503795502061708,
sb,2088,0.17724609375,,0.0684800511226058,,0.00684800511226058,1.4660834494861774e-05,0.3,0.1,6.507744789123535,0.15366306338123628,
sb,2089,0.137939453125,,0.06481332238763571,,0.006481332238763571,1.4639827895734925e-05,0.3,0.1,4.719725131988525,0.21187674536857568,
sb,2090,0.1400146484375,,0.059130932204425335,,0.0059130932204425335,1.4618826753576286e-05,0.3,0.1,5.441938400268555,0.18375805208501642,
sb,2091,0.197998046875,,0.07986791804432869,,0.00798679180443287,1.4597829249396455e-05,0.3,0.1,4.906109809875488,0.20382748017321262,
sb,2092,0.14599609375,,0.06621613446623087,,0.006621613446623088,1.4576839021174237e-05,0.3,0.1,3.9725046157836914,0.25173035571230445,
sb,2093,0.2183837890625,,0.06433448102325201,,0.006433448102325202,1.4555851521436125e-05,0.3,0.1,5.962372779846191,0.1677184632568037,
sb,2094,0.1396484375,,0.05608498118817806,,0.005608498118817806,1.4534868569171522e-05,0.3,0.1,5.7826337814331055,0.17293158062521657,
sb,2095,0.21484375,,0.052139030769467354,,0.005213903076946736,1.4513892892864533e-05,0.3,0.1,9.498979568481445,0.10527446582979282,
sb,2096,0.1773681640625,,0.060420628637075424,,0.006042062863707543,1.4492919945041649e-05,0.3,0.1,5.7110700607299805,0.17509853483957813,
sb,2097,0.172119140625,,0.05824773758649826,,0.005824773758649826,1.4471952454186976e-05,0.3,0.1,5.456948280334473,0.1832526072500557,
sb,2098,0.160888671875,,0.06349054351449013,,0.006349054351449013,1.4450990420300514e-05,0.3,0.1,5.982845783233643,0.16714453894205414,
sb,2099,0.1796875,,0.07921595871448517,,0.007921595871448518,1.443003293388756e-05,0.3,0.1,7.565847873687744,0.1321728928066036,
sb,2100,0.165283203125,,0.05337012279778719,,0.00533701227977872,1.4409079085453413e-05,0.3,0.1,7.031838417053223,0.1422103212119971,
sb,2101,0.1983642578125,,0.06456878874450922,,0.006456878874450922,1.4388133422471583e-05,0.3,0.1,7.554835796356201,0.13236555061624417,
sb,2102,0.207763671875,,0.06168624106794596,,0.006168624106794596,1.4367189578479156e-05,0.3,0.1,8.590173721313477,0.1164120811106362,
sb,2103,0.171142578125,,0.063936454243958,,0.0063936454243958,1.4346252100949641e-05,0.3,0.1,5.802155494689941,0.17234974155987154,
sb,2104,0.200439453125,,0.06186511181294918,,0.006186511181294919,1.4325321899377741e-05,0.3,0.1,7.465255260467529,0.13395389241350236,
sb,2105,0.15576171875,,0.05864062160253525,,0.0058640621602535255,1.430439624527935e-05,0.3,0.1,5.910267353057861,0.1691970836958194,
sb,2106,0.146728515625,,0.062424895353615284,,0.006242489535361529,1.4283475138654467e-05,0.3,0.1,5.690322399139404,0.1757369670567767,
sb,2107,0.16943359375,,0.07096368260681629,,0.0070963682606816295,1.4262559488997795e-05,0.3,0.1,5.832854747772217,0.17144263713783325,
sb,2108,0.1435546875,,0.06506503652781248,,0.006506503652781249,1.4241649296309333e-05,0.3,0.1,3.909849166870117,0.2557643421320297,
sb,2109,0.181396484375,,0.06374762766063213,,0.006374762766063214,1.4220745470083784e-05,0.3,0.1,7.7264909744262695,0.12942485836194936,
sb,2110,0.1451416015625,,0.059256626293063164,,0.005925662629306317,1.4199848010321148e-05,0.3,0.1,5.364561080932617,0.18640854021670533,
sb,2111,0.225341796875,,0.07415399700403214,,0.007415399700403214,1.4178954188537318e-05,0.3,0.1,8.069652557373047,0.12392107254807695,
sb,2112,0.224853515625,,0.05559339560568333,,0.005559339560568333,1.4158066733216401e-05,0.3,0.1,8.954163551330566,0.11167988994922953,
sb,2113,0.174560546875,,0.07070803828537464,,0.007070803828537465,1.4137185644358397e-05,0.3,0.1,9.230711936950684,0.10833400574412733,
sb,2114,0.160400390625,,0.06741584837436676,,0.0067415848374366765,1.4116310012468603e-05,0.3,0.1,4.796257019042969,0.2084959158839109,
sb,2115,0.2734375,,0.06808923371136189,,0.006808923371136189,1.4095439837547019e-05,0.3,0.1,9.17473030090332,0.10899502952163538,
sb,2116,0.211669921875,,0.06329028308391571,,0.006329028308391571,1.4074577848077752e-05,0.3,0.1,9.097760200500488,0.10991716400097991,
sb,2117,0.20458984375,,0.07103054970502853,,0.007103054970502854,1.4053719496587291e-05,0.3,0.1,5.7562713623046875,0.1737235680980164,
sb,2118,0.112548828125,,0.05750033911317587,,0.005750033911317587,1.4032867511559743e-05,0.3,0.1,3.834428310394287,0.26079507009929515,
sb,2119,0.2127685546875,,0.07496434170752764,,0.007496434170752764,1.4012020983500406e-05,0.3,0.1,7.340827941894531,0.1362244160897631,
sb,2120,0.1605224609375,,0.0638322439044714,,0.00638322439044714,1.3991181731398683e-05,0.3,0.1,5.973318576812744,0.16741112785810633,
sb,2121,0.0927734375,,0.06627726927399635,,0.006627726927399636,1.397034793626517e-05,0.3,0.1,3.641570806503296,0.27460677085123564,
sb,2122,0.15185546875,,0.06701860670000315,,0.006701860670000315,1.3949524145573378e-05,0.3,0.1,5.608304977416992,0.17830699365079258,
sb,2123,0.16162109375,,0.06434591207653284,,0.006434591207653284,1.392870308336569e-05,0.3,0.1,5.882865905761719,0.1699851766161444,
sb,2124,0.19580078125,,0.06479766964912415,,0.006479766964912415,1.3907888387620915e-05,0.3,0.1,7.581393718719482,0.13190186885174757,
sb,2125,0.150390625,,0.06464301887899637,,0.006464301887899638,1.388707914884435e-05,0.3,0.1,4.754960060119629,0.21030670864874546,
sb,2126,0.208984375,,0.06720780488103628,,0.006720780488103629,1.3866278095520101e-05,0.3,0.1,8.423680305480957,0.11871295725092267,
sb,2127,0.162109375,,0.07399922795593739,,0.007399922795593739,1.3845483408658765e-05,0.3,0.1,5.705615520477295,0.17526592817392408,
sb,2128,0.1229248046875,,0.06505082547664642,,0.0065050825476646425,1.3824695088260341e-05,0.3,0.1,4.540450572967529,0.220242459185372,
sb,2129,0.168701171875,,0.05919837485998869,,0.0059198374859988695,1.380391313432483e-05,0.3,0.1,6.684839248657227,0.14959222844451622,
sb,2130,0.19287109375,,0.06535312533378601,,0.006535312533378601,1.3783137546852231e-05,0.3,0.1,7.245044231414795,0.13802538232464626,
sb,2131,0.1787109375,,0.06903075147420168,,0.006903075147420168,1.3762369235337246e-05,0.3,0.1,6.169841289520264,0.16207872343467608,
sb,2132,0.13330078125,,0.06116628926247358,,0.006116628926247359,1.3741607290285174e-05,0.3,0.1,9.116801261901855,0.10968759450520149,
sb,2133,0.1405029296875,,0.06093439273536205,,0.006093439273536206,1.3720851711696014e-05,0.3,0.1,5.21108865737915,0.1918984814399487,
sb,2134,0.1324462890625,,0.05502478778362274,,0.005502478778362275,1.370010431855917e-05,0.3,0.1,3.9368810653686523,0.2540081814501956,
sb,2135,0.23486328125,,0.06901418697088957,,0.006901418697088957,1.3679363291885238e-05,0.3,0.1,14.363505363464355,0.06962088812551594,
sb,2136,0.20947265625,,0.07297842856496572,,0.007297842856496573,1.3658628631674219e-05,0.3,0.1,8.000982284545898,0.12498465368827594,
sb,2137,0.1806640625,,0.06302041746675968,,0.006302041746675969,1.3637900337926112e-05,0.3,0.1,6.904944896697998,0.14482374804731726,
sb,2138,0.13525390625,,0.05811389908194542,,0.005811389908194542,1.3617180229630321e-05,0.3,0.1,6.039889335632324,0.16556594739252928,
sb,2139,0.1480712890625,,0.06019054725766182,,0.006019054725766183,1.3596466487797443e-05,0.3,0.1,6.107431411743164,0.16373495379370673,
sb,2140,0.156005859375,,0.05629223212599754,,0.005629223212599755,1.3575762750406284e-05,0.3,0.1,5.432509899139404,0.184076977044886,
sb,2141,0.185791015625,,0.05846303142607212,,0.005846303142607212,1.3555064469983336e-05,0.3,0.1,9.873608589172363,0.10128009338922185,
sb,2142,0.142578125,,0.0653043482452631,,0.00653043482452631,1.3534371646528598e-05,0.3,0.1,4.74148416519165,0.21090442679134838,
sb,2143,0.1328125,,0.06863067764788866,,0.006863067764788866,1.3513687918020878e-05,0.3,0.1,3.9902563095092773,0.25061046770776996,
sb,2144,0.1473388671875,,0.06349296681582928,,0.006349296681582928,1.349301055597607e-05,0.3,0.1,7.252362251281738,0.1378861073608487,
sb,2145,0.300537109375,,0.06650766544044018,,0.006650766544044018,1.3472340469888877e-05,0.3,0.1,9.7722749710083,0.10233031745082181,
sb,2146,0.197021484375,,0.07232970371842384,,0.007232970371842385,1.3451680388243403e-05,0.3,0.1,5.204958915710449,0.19212447517724648,
sb,2147,0.201416015625,,0.07235219422727823,,0.007235219422727823,1.343102576356614e-05,0.3,0.1,8.307519912719727,0.12037286825745552,
sb,2148,0.25439453125,,0.0627372395247221,,0.006273723952472211,1.3410378414846491e-05,0.3,0.1,8.752251625061035,0.11425631287114947,
sb,2149,0.131591796875,,0.05787196196615696,,0.0057871961966156965,1.338974016107386e-05,0.3,0.1,4.856426239013672,0.20591273310538277,
sb,2150,0.183349609375,,0.06354362051934004,,0.0063543620519340045,1.3369109183258843e-05,0.3,0.1,6.583902359008789,0.15188560605424148,
sb,2151,0.13720703125,,0.06321524735540152,,0.006321524735540152,1.3348484571906738e-05,0.3,0.1,6.1090497970581055,0.16369157777721233,
sb,2152,0.1480712890625,,0.06568579562008381,,0.006568579562008381,1.3327869964996353e-05,0.3,0.1,7.180633544921875,0.13926347776195838,
sb,2153,0.1724853515625,,0.06935867853462696,,0.006935867853462696,1.330726172454888e-05,0.3,0.1,6.865744113922119,0.14565063646520623,
sb,2154,0.1590576171875,,0.057570415548980236,,0.005757041554898024,1.3286660760059021e-05,0.3,0.1,5.950781345367432,0.1680451594442267,
sb,2155,0.15966796875,,0.06762467604130507,,0.006762467604130507,1.326606889051618e-05,0.3,0.1,7.240912914276123,0.1381041329786481,
sb,2156,0.11279296875,,0.060654088854789734,,0.0060654088854789736,1.3245483387436252e-05,0.3,0.1,4.847531318664551,0.20629057024338948,
sb,2157,0.1639404296875,,0.06074437405914068,,0.006074437405914068,1.3224907888798043e-05,0.3,0.1,5.594210624694824,0.17875622980401315,
sb,2158,0.1220703125,,0.05619510728865862,,0.005619510728865862,1.320434057561215e-05,0.3,0.1,5.827576637268066,0.17159791492142334,
sb,2159,0.13720703125,,0.051809455268085,,0.005180945526808501,1.318377962888917e-05,0.3,0.1,5.504941940307617,0.18165495855240932,
sb,2160,0.185302734375,,0.06147399917244911,,0.0061473999172449115,1.3163228686607908e-05,0.3,0.1,6.540038108825684,0.15290430779761283,
sb,2161,0.1666259765625,,0.06671488471329212,,0.006671488471329212,1.314268411078956e-05,0.3,0.1,5.789083957672119,0.17273890088858126,
sb,2162,0.142822265625,,0.060640156269073486,,0.006064015626907349,1.3122148629918229e-05,0.3,0.1,6.039727210998535,0.16557039168573182,
sb,2163,0.1707763671875,,0.06193398777395487,,0.0061933987773954875,1.3101620425004512e-05,0.3,0.1,6.145242214202881,0.16272751588030177,
sb,2164,0.164794921875,,0.06439475528895855,,0.006439475528895855,1.3081103134027217e-05,0.3,0.1,6.19904088973999,0.16131527728024772,
sb,2165,0.160400390625,,0.05826183129101992,,0.005826183129101992,1.3060593119007535e-05,0.3,0.1,5.1663689613342285,0.1935595400723659,
sb,2166,0.149169921875,,0.06907793134450912,,0.006907793134450913,1.304009128944017e-05,0.3,0.1,5.756392955780029,0.1737198984992666,
sb,2167,0.191162109375,,0.05515744164586067,,0.005515744164586067,1.3019596735830419e-05,0.3,0.1,8.436583518981934,0.11853139339521086,
sb,2168,0.176513671875,,0.0676414193585515,,0.006764141935855151,1.2999113096157089e-05,0.3,0.1,6.181493759155273,0.16177319576177232,
sb,2169,0.139404296875,,0.062196629121899605,,0.006219662912189961,1.2978637641936075e-05,0.3,0.1,5.312994956970215,0.18821775817575015,
sb,2170,0.152099609375,,0.06554724089801311,,0.006554724089801312,1.2958169463672675e-05,0.3,0.1,7.085325241088867,0.141136781442417,
sb,2171,0.1568603515625,,0.0627865344285965,,0.00627865344285965,1.2937711289850995e-05,0.3,0.1,6.06450080871582,0.16489403358027643,
sb,2172,0.166748046875,,0.05562018323689699,,0.005562018323689699,1.2917260391986929e-05,0.3,0.1,5.963658809661865,0.16768229570408627,
sb,2173,0.145751953125,,0.055374691262841225,,0.005537469126284123,1.2896819498564582e-05,0.3,0.1,5.341770648956299,0.18720384414021685,
sb,2174,0.169677734375,,0.06393560767173767,,0.006393560767173768,1.2876387700089253e-05,0.3,0.1,8.712919235229492,0.11477209566647162,
sb,2175,0.156494140625,,0.058022575452923775,,0.005802257545292378,1.2855965906055644e-05,0.3,0.1,5.879369735717773,0.17008625838325792,
sb,2176,0.1488037109375,,0.059943994507193565,,0.005994399450719357,1.2835550478484947e-05,0.3,0.1,4.88741397857666,0.2046071817086437,
sb,2177,0.1290283203125,,0.05438324902206659,,0.00543832490220666,1.2815146874345373e-05,0.3,0.1,5.769299030303955,0.17333128249157767,
sb,2178,0.1402587890625,,0.07222497835755348,,0.007222497835755348,1.2794750546163414e-05,0.3,0.1,5.333144187927246,0.18750664987901913,
sb,2179,0.159912109375,,0.0660075144842267,,0.006600751448422671,1.2774364222423173e-05,0.3,0.1,8.978029251098633,0.11138301870398017,
sb,2180,0.1346435546875,,0.06702624075114727,,0.006702624075114728,1.275398608413525e-05,0.3,0.1,3.9970579147338867,0.25018401567658477,
sb,2181,0.150146484375,,0.06307639367878437,,0.006307639367878437,1.2733619769278448e-05,0.3,0.1,5.71797513961792,0.17488708425318913,
sb,2182,0.146728515625,,0.06296696700155735,,0.0062966967001557355,1.271325982088456e-05,0.3,0.1,7.342179775238037,0.136199334613484,
sb,2183,0.154541015625,,0.0590465534478426,,0.00590465534478426,1.269290987693239e-05,0.3,0.1,5.343295574188232,0.18715041796128276,
sb,2184,0.134521484375,,0.07002236042171717,,0.007002236042171717,1.2672569027927238e-05,0.3,0.1,5.072787761688232,0.19713026583773305,
sb,2185,0.1932373046875,,0.05534365214407444,,0.005534365214407444,1.2652237273869105e-05,0.3,0.1,6.606808185577393,0.15135901813874236,
sb,2186,0.154296875,,0.06433611549437046,,0.006433611549437047,1.2631916433747392e-05,0.3,0.1,5.918529033660889,0.16896090131730807,
sb,2187,0.166015625,,0.05735050234943628,,0.005735050234943629,1.2611605598067399e-05,0.3,0.1,6.5866594314575195,0.15182202911904866,
sb,2188,0.1358642578125,,0.06085985712707043,,0.006085985712707043,1.2591302947839722e-05,0.3,0.1,4.723012924194336,0.21172925334956239,
sb,2189,0.1595458984375,,0.06785116158425808,,0.006785116158425808,1.2571010302053764e-05,0.3,0.1,5.709816932678223,0.17513696354726108,
sb,2190,0.142822265625,,0.05958566348999739,,0.005958566348999739,1.2550725841720123e-05,0.3,0.1,3.934081554412842,0.25418893486798827,
sb,2191,0.1180419921875,,0.06583278626203537,,0.0065832786262035375,1.2530453204817604e-05,0.3,0.1,4.748661518096924,0.21058565580828353,
sb,2192,0.208740234375,,0.0655823228880763,,0.006558232288807631,1.2510188753367402e-05,0.3,0.1,6.934572219848633,0.14420500187996138,
sb,2193,0.1334228515625,,0.057746813632547855,,0.005774681363254786,1.2489937034843024e-05,0.3,0.1,5.03884744644165,0.19845808205727347,
sb,2194,0.1510009765625,,0.06911973003298044,,0.006911973003298044,1.2469693501770962e-05,0.3,0.1,7.686479091644287,0.1300985780455796,
sb,2195,0.123291015625,,0.06240878626704216,,0.006240878626704216,1.2449459063645918e-05,0.3,0.1,4.690505027770996,0.21319665879885352,
sb,2196,0.15673828125,,0.05738035310059786,,0.005738035310059786,1.2429234629962593e-05,0.3,0.1,6.841557502746582,0.14616554777162136,
sb,2197,0.152587890625,,0.06844455655664206,,0.006844455655664206,1.2409020200720988e-05,0.3,0.1,6.493781089782715,0.15399348795009357,
sb,2198,0.148681640625,,0.06579610332846642,,0.006579610332846642,1.2388816685415804e-05,0.3,0.1,5.899714469909668,0.1694997283513131,
sb,2199,0.13818359375,,0.07194430194795132,,0.007194430194795132,1.2368624993541744e-05,0.3,0.1,4.046517372131348,0.24712608597384778,
sb,2200,0.1636962890625,,0.05575165059417486,,0.0055751650594174865,1.2348441487119999e-05,0.3,0.1,5.921280384063721,0.16888239285059983,
sb,2201,0.1507568359375,,0.05924886837601662,,0.005924886837601662,1.2328267075645272e-05,0.3,0.1,5.70739221572876,0.17521136838014084,
sb,2202,0.1317138671875,,0.0646215034648776,,0.006462150346487761,1.230810539709637e-05,0.3,0.1,6.4498982429504395,0.15504120566444166,
sb,2203,0.1527099609375,,0.057095544412732124,,0.005709554441273213,1.2287951903999783e-05,0.3,0.1,6.054997444152832,0.1651528360207115,
sb,2204,0.0970458984375,,0.058898468501865864,,0.005889846850186587,1.2267809324839618e-05,0.3,0.1,3.8970584869384766,0.2566037957479049,
sb,2205,0.15655517578125,,0.05621901713311672,,0.005621901713311672,1.2247681297594681e-05,0.3,0.1,8.632563591003418,0.11584044408803058,
sb,2206,0.1561279296875,,0.06536209583282471,,0.006536209583282471,1.2227559636812657e-05,0.3,0.1,4.594260215759277,0.21766289958278592,
sb,2207,0.1397705078125,,0.05811000429093838,,0.005811000429093838,1.2207448889967054e-05,0.3,0.1,4.950511455535889,0.2019993305705321,
sb,2208,0.175537109375,,0.06042782310396433,,0.006042782310396433,1.218734814756317e-05,0.3,0.1,6.383264064788818,0.15665966343397444,
sb,2209,0.1466064453125,,0.056144190952181816,,0.005614419095218182,1.216725922859041e-05,0.3,0.1,5.249578475952148,0.19049148509369104,
sb,2210,0.15576171875,,0.0722371768206358,,0.00722371768206358,1.2147179404564667e-05,0.3,0.1,4.468576431274414,0.22378491570632156,
sb,2211,0.1109619140625,,0.06792199425399303,,0.006792199425399304,1.2127113222959451e-05,0.3,0.1,4.46462345123291,0.2239830549928794,
sb,2212,0.2410888671875,,0.055777029134333134,,0.005577702913433314,1.2107056136301253e-05,0.3,0.1,30.645523071289062,0.03263119372032753,
sb,2213,0.1649169921875,,0.06650285050272942,,0.006650285050272942,1.2087009963579476e-05,0.3,0.1,6.741784572601318,0.1483286790361131,
sb,2214,0.1148681640625,,0.059043451212346554,,0.005904345121234656,1.2066973795299418e-05,0.3,0.1,5.562013626098633,0.17979100146531476,
sb,2215,0.1649169921875,,0.06466737762093544,,0.006466737762093545,1.2046949450450484e-05,0.3,0.1,5.278278350830078,0.18945571520356386,
sb,2216,0.113037109375,,0.060501180589199066,,0.006050118058919907,1.2026935110043269e-05,0.3,0.1,4.859002113342285,0.20580357379432085,
sb,2217,0.129638671875,,0.05600882042199373,,0.005600882042199374,1.2006935321551282e-05,0.3,0.1,4.271548748016357,0.23410712577361661,
sb,2218,0.1119384765625,,0.06036623939871788,,0.0060366239398717885,1.198694280901691e-05,0.3,0.1,3.57352352142334,0.2798358522072071,
sb,2219,0.169921875,,0.06265433318912983,,0.006265433318912984,1.196696211991366e-05,0.3,0.1,6.880544662475586,0.14533733142576608,
sb,2220,0.12158203125,,0.061926642432808876,,0.006192664243280888,1.1946993254241534e-05,0.3,0.1,4.135824203491211,0.2417897741291472,
sb,2221,0.1439208984375,,0.0639398843050003,,0.006393988430500031,1.1927035302505828e-05,0.3,0.1,5.867604732513428,0.1704272945413014,
sb,2222,0.149658203125,,0.0698367478325963,,0.00698367478325963,1.1907088264706545e-05,0.3,0.1,5.515591621398926,0.18130421333593383,
sb,2223,0.16552734375,,0.061894956044852734,,0.006189495604485274,1.1887154869327787e-05,0.3,0.1,5.589319229125977,0.17891266521135415,
sb,2224,0.149169921875,,0.056274170987308025,,0.005627417098730803,1.186723147839075e-05,0.3,0.1,6.907430171966553,0.14477164084241462,
sb,2225,0.1494140625,,0.06210957746952772,,0.006210957746952773,1.1847318091895431e-05,0.3,0.1,6.322641372680664,0.15816174618425677,
sb,2226,0.1590576171875,,0.06245747581124306,,0.006245747581124306,1.1827416528831236e-05,0.3,0.1,6.210333824157715,0.16102193993341837,
sb,2227,0.1036376953125,,0.06332630384713411,,0.006332630384713412,1.1807526789198164e-05,0.3,0.1,5.170770168304443,0.19339478790408351,
sb,2228,0.1463623046875,,0.058770217932760715,,0.005877021793276072,1.1787649782490917e-05,0.3,0.1,5.442760467529297,0.18373029751462552,
sb,2229,0.1309814453125,,0.058267002925276756,,0.005826700292527676,1.176778368972009e-05,0.3,0.1,4.172605037689209,0.2396584366283085,
sb,2230,0.1446533203125,,0.0525554483756423,,0.005255544837564231,1.174793032987509e-05,0.3,0.1,5.576224327087402,0.17933281398711667,
sb,2231,0.1251220703125,,0.06937193498015404,,0.0069371934980154044,1.1728086974471807e-05,0.3,0.1,6.7765583992004395,0.1475675322325842,
sb,2232,0.1435546875,,0.05852726101875305,,0.005852726101875306,1.1708255442499649e-05,0.3,0.1,9.053199768066406,0.11045818336267435,
sb,2233,0.152099609375,,0.0616912255063653,,0.00616912255063653,1.1688438462442718e-05,0.3,0.1,5.053439140319824,0.19788503872962673,
sb,2234,0.1512451171875,,0.06692654173821211,,0.006692654173821211,1.1668630577332806e-05,0.3,0.1,5.603911399841309,0.178446789866863,
sb,2235,0.137451171875,,0.05422814842313528,,0.005422814842313529,1.164883633464342e-05,0.3,0.1,4.393986225128174,0.22758378127842896,
sb,2236,0.19091796875,,0.07472658157348633,,0.007472658157348633,1.1629052096395753e-05,0.3,0.1,6.507678985595703,0.15366461717202565,
sb,2237,0.1309814453125,,0.06971872691065073,,0.006971872691065074,1.1609280591073912e-05,0.3,0.1,4.374508380889893,0.2285971160481748,
sb,2238,0.14794921875,,0.055233435705304146,,0.005523343570530415,1.1589520909183193e-05,0.3,0.1,6.019418716430664,0.16612899801610248,
sb,2239,0.144287109375,,0.052368754521012306,,0.005236875452101231,1.15697739602183e-05,0.3,0.1,5.642754077911377,0.17721842671019652,
sb,2240,0.1385498046875,,0.056516398675739765,,0.005651639867573977,1.1550038834684528e-05,0.3,0.1,4.1565165519714355,0.24058607429957185,
sb,2241,0.146484375,,0.0651455707848072,,0.006514557078480721,1.1530317351571284e-05,0.3,0.1,6.797292232513428,0.14711740584238955,
sb,2242,0.135498046875,,0.0709712840616703,,0.007097128406167031,1.151060587289976e-05,0.3,0.1,4.369509220123291,0.22885865428424104,
sb,2243,0.12335205078125,,0.06270984187722206,,0.006270984187722206,1.1490908036648761e-05,0.3,0.1,4.546113014221191,0.21996813472779736,
sb,2244,0.1109619140625,,0.059487234801054,,0.0059487234801054,1.1471221114334185e-05,0.3,0.1,5.269472599029541,0.18977231235326403,
sb,2245,0.115966796875,,0.06263259332627058,,0.006263259332627058,1.1451547834440134e-05,0.3,0.1,10.771147727966309,0.09284061691992124,
sb,2246,0.1243896484375,,0.05266683176159859,,0.005266683176159859,1.1431886377977207e-05,0.3,0.1,4.728548526763916,0.21148138680187586,
sb,2247,0.1385498046875,,0.0597272077575326,,0.00597272077575326,1.1412239473429509e-05,0.3,0.1,5.683192253112793,0.1759574470584346,
sb,2248,0.1767578125,,0.057076968252658844,,0.005707696825265885,1.139260257332353e-05,0.3,0.1,7.379300594329834,0.13551419775044643,
sb,2249,0.1104736328125,,0.0538505632430315,,0.00538505632430315,1.1372980225132778e-05,0.3,0.1,5.761732578277588,0.17355890548792877,
sb,2250,0.1153564453125,,0.0651605250313878,,0.006516052503138781,1.1353368790878449e-05,0.3,0.1,3.17757511138916,0.3147053853788601,
sb,2251,0.123046875,,0.07045126799494028,,0.007045126799494029,1.1333770089549944e-05,0.3,0.1,4.04510498046875,0.24721237268955112,
sb,2252,0.146240234375,,0.05073925666511059,,0.005073925666511059,1.1314185030641966e-05,0.3,0.1,6.038239002227783,0.1656111988331456,
sb,2253,0.12060546875,,0.0607245834544301,,0.00607245834544301,1.1294613614154514e-05,0.3,0.1,4.494839668273926,0.2224773459792866,
sb,2254,0.1226806640625,,0.07318639755249023,,0.007318639755249024,1.1275054021098185e-05,0.3,0.1,5.185408592224121,0.19284883384109194,
sb,2255,0.1336669921875,,0.06847656704485416,,0.006847656704485417,1.1255507160967682e-05,0.3,0.1,6.950087547302246,0.14388307962943014,
sb,2256,0.1390380859375,,0.058026546612381935,,0.0058026546612381935,1.1235973943257704e-05,0.3,0.1,6.026354789733887,0.16593779073604098,
sb,2257,0.14453125,,0.06277706660330296,,0.006277706660330296,1.121645254897885e-05,0.3,0.1,34.75040054321289,0.02877664672545221,
sb,2258,0.12200927734375,,0.06815677974373102,,0.006815677974373102,1.1196943887625821e-05,0.3,0.1,3.8568382263183594,0.25927973674814325,
sb,2259,0.1182861328125,,0.060610124841332436,,0.006061012484133244,1.1177450687682722e-05,0.3,0.1,5.83150577545166,0.1714822960837329,
sb,2260,0.1187744140625,,0.06421036459505558,,0.006421036459505558,1.1157969311170746e-05,0.3,0.1,4.670163154602051,0.214125281472144,
sb,2261,0.1219482421875,,0.0630126940086484,,0.0063012694008648396,1.1138502486573998e-05,0.3,0.1,5.641048431396484,0.17727201107409077,
sb,2262,0.1251220703125,,0.06754665821790695,,0.006754665821790695,1.1119046575913671e-05,0.3,0.1,5.482486724853516,0.18239898246661393,
sb,2263,0.1236572265625,,0.06427816022187471,,0.006427816022187472,1.1099604307673872e-05,0.3,0.1,3.770420789718628,0.26522238651103613,
sb,2264,0.11962890625,,0.06211359333246946,,0.006211359333246947,1.1080175681854598e-05,0.3,0.1,5.346033096313477,0.18705458458339533,
sb,2265,0.162353515625,,0.062255377881228924,,0.006225537788122893,1.1060761607950553e-05,0.3,0.1,5.971935272216797,0.1674499060048917,
sb,2266,0.1295166015625,,0.06779424659907818,,0.0067794246599078185,1.1041359357477631e-05,0.3,0.1,5.312318801879883,0.18824171464373102,
sb,2267,0.129150390625,,0.06333828717470169,,0.00633382871747017,1.1021971658919938e-05,0.3,0.1,5.383316993713379,0.18575907775221057,
sb,2268,0.118408203125,,0.06040660757571459,,0.006040660757571459,1.1002597602782771e-05,0.3,0.1,4.396598815917969,0.227448544174529,
sb,2269,0.1068115234375,,0.06229275185614824,,0.006229275185614825,1.0983235370076727e-05,0.3,0.1,4.1897382736206055,0.23867839342046532,
sb,2270,0.1568603515625,,0.0584702817723155,,0.00584702817723155,1.0963888598780613e-05,0.3,0.1,7.470830917358398,0.13385391947186362,
sb,2271,0.1240234375,,0.058268594555556774,,0.005826859455555678,1.0944555469905026e-05,0.3,0.1,6.071026802062988,0.16471678228470202,
sb,2272,0.1217041015625,,0.05507584009319544,,0.0055075840093195445,1.0925234164460562e-05,0.3,0.1,5.355213642120361,0.18673391330920958,
sb,2273,0.145751953125,,0.07461001258343458,,0.007461001258343459,1.0905927410931326e-05,0.3,0.1,6.129049777984619,0.16315742834916644,
sb,2274,0.1790771484375,,0.06301640719175339,,0.006301640719175339,1.0886634299822617e-05,0.3,0.1,9.341482162475586,0.10704939351240918,
sb,2275,0.196044921875,,0.05245966650545597,,0.005245966650545598,1.0867355740629137e-05,0.3,0.1,8.434854507446289,0.118555690452894,
sb,2276,0.1207275390625,,0.06089191511273384,,0.006089191511273385,1.0848091733350884e-05,0.3,0.1,5.080865859985352,0.1968168472770669,
sb,2277,0.11181640625,,0.05866103898733854,,0.005866103898733855,1.0828839549503755e-05,0.3,0.1,5.641357421875,0.1772623014670879,
sb,2278,0.12451171875,,0.06110002472996712,,0.006110002472996712,1.0809603736561257e-05,0.3,0.1,4.451134204864502,0.2246618398760325,
sb,2279,0.150146484375,,0.0600760355591774,,0.00600760355591774,1.0790381566039287e-05,0.3,0.1,5.226457118988037,0.191334201588862,
sb,2280,0.130126953125,,0.0711803212761879,,0.00711803212761879,1.0771171218948439e-05,0.3,0.1,4.5214033126831055,0.22117027189210794,
sb,2281,0.18359375,,0.06807609181851149,,0.006807609181851149,1.0751978152256925e-05,0.3,0.1,7.629348278045654,0.13107279462881744,
sb,2282,0.16162109375,,0.06483383662998676,,0.0064833836629986765,1.073279509000713e-05,0.3,0.1,8.31003189086914,0.12033648163237201,
sb,2283,0.15673828125,,0.06556754652410746,,0.006556754652410746,1.0713630217651371e-05,0.3,0.1,5.829470157623291,0.17154217672635036,
sb,2284,0.1414794921875,,0.059385430067777634,,0.005938543006777763,1.0694476259232033e-05,0.3,0.1,5.261066436767578,0.19007553164723087,
sb,2285,0.162353515625,,0.06336286291480064,,0.006336286291480065,1.067534049070673e-05,0.3,0.1,8.31348991394043,0.12028642728286174,
sb,2286,0.186767578125,,0.06974011100828648,,0.006974011100828648,1.0656218364601955e-05,0.3,0.1,7.088175296783447,0.14108003232563837,
sb,2287,0.15478515625,,0.07169923558831215,,0.007169923558831216,1.0637108061928302e-05,0.3,0.1,6.77313232421875,0.1476421767849258,
sb,2288,0.129150390625,,0.06131891906261444,,0.006131891906261445,1.0618015039653983e-05,0.3,0.1,5.558988094329834,0.1798888544157883,
sb,2289,0.0963134765625,,0.08529377542436123,,0.008529377542436123,1.0598936569294892e-05,0.3,0.1,3.6662895679473877,0.2727553242773077,
sb,2290,0.1143798828125,,0.057230777107179165,,0.005723077710717917,1.0579869012872223e-05,0.3,0.1,4.382372856140137,0.22818688250108646,
sb,2291,0.119873046875,,0.05759242083877325,,0.005759242083877326,1.0560819646343589e-05,0.3,0.1,5.692886829376221,0.17565780419871296,
sb,2292,0.15869140625,,0.063095822930336,,0.0063095822930336,1.0541783922235481e-05,0.3,0.1,6.64518928527832,0.15048480292583827,
sb,2293,0.128662109375,,0.05200294591486454,,0.005200294591486455,1.05227618405479e-05,0.3,0.1,4.997431755065918,0.2001027825915373,
sb,2294,0.098388671875,,0.05908197909593582,,0.005908197909593582,1.050375522027025e-05,0.3,0.1,4.261070728302002,0.2346827977667695,
sb,2295,0.1199951171875,,0.06626146379858255,,0.006626146379858255,1.0484763151907828e-05,0.3,0.1,4.974275588989258,0.2010342977806732,
sb,2296,0.0938720703125,,0.06306128948926926,,0.006306128948926926,1.0465787454450037e-05,0.3,0.1,3.5887341499328613,0.2786497851947903,
sb,2297,0.1875,,0.06258715130388737,,0.006258715130388737,1.0446826308907475e-05,0.3,0.1,6.883749485015869,0.14526966766828742,
sb,2298,0.101806640625,,0.0592411020770669,,0.00592411020770669,1.0427877896290738e-05,0.3,0.1,3.290611743927002,0.3038948614480432,
sb,2299,0.0980224609375,,0.059902981854975224,,0.0059902981854975225,1.0408945854578633e-05,0.3,0.1,3.6906492710113525,0.2709550343498148,
sb,2300,0.118896484375,,0.06552996952086687,,0.0065529969520866874,1.0390027455287054e-05,0.3,0.1,4.833276748657227,0.20689897392650203,
sb,2301,0.123046875,,0.060444921255111694,,0.006044492125511169,1.037112633639481e-05,0.3,0.1,5.037649631500244,0.19850526994712683,
sb,2302,0.1458740234375,,0.06331504601985216,,0.006331504601985217,1.035223885992309e-05,0.3,0.1,7.025950908660889,0.14232948863438544,
sb,2303,0.107421875,,0.060282036662101746,,0.006028203666210175,1.0333367754356004e-05,0.3,0.1,4.505277156829834,0.2219619271333922,
sb,2304,0.116455078125,,0.05858278274536133,,0.005858278274536133,1.0314512110198848e-05,0.3,0.1,4.088761806488037,0.24457281869861006,
sb,2305,0.1456298828125,,0.05877693183720112,,0.005877693183720112,1.0295671927451622e-05,0.3,0.1,6.259773254394531,0.15975019531226195,
sb,2306,0.1322021484375,,0.06786073371767998,,0.0067860733717679984,1.027684447763022e-05,0.3,0.1,5.87988805770874,0.1700712649944015,
sb,2307,0.134765625,,0.06090031284838915,,0.0060900312848389156,1.0258035217702854e-05,0.3,0.1,4.420791149139404,0.22620385498072446,
sb,2308,0.0877685546875,,0.057664474472403526,,0.005766447447240353,1.0239237781206612e-05,0.3,0.1,3.811081886291504,0.26239268266499577,
sb,2309,0.1268310546875,,0.06417510285973549,,0.006417510285973549,1.0220459444099106e-05,0.3,0.1,4.482540607452393,0.22308777266567587,
sb,2310,0.08941650390625,,0.05287171248346567,,0.0052871712483465675,1.0201695658906829e-05,0.3,0.1,3.3440167903900146,0.29904156069843457,
sb,2311,0.110595703125,,0.06366756092756987,,0.006366756092756987,1.018294642562978e-05,0.3,0.1,5.056098937988281,0.19778093986386264,
sb,2312,0.1043701171875,,0.05849516857415438,,0.005849516857415438,1.0164213563257363e-05,0.3,0.1,3.435279130935669,0.29109716034272576,
sb,2313,0.1142578125,,0.05866940878331661,,0.005866940878331662,1.0145494343305472e-05,0.3,0.1,4.6108622550964355,0.21687917458273434,
sb,2314,0.12109375,,0.06313736643642187,,0.006313736643642188,1.0126794222742319e-05,0.3,0.1,5.642699718475342,0.17722013395924605,
sb,2315,0.125,,0.057370059192180634,,0.0057370059192180635,1.0108109563589096e-05,0.3,0.1,6.892321586608887,0.1450889932273188,
sb,2316,0.104248046875,,0.06482427380979061,,0.0064824273809790615,1.0089436727866996e-05,0.3,0.1,6.049281597137451,0.16530888568209567,
sb,2317,0.104248046875,,0.05937107838690281,,0.005937107838690281,1.0070783901028335e-05,0.3,0.1,4.118876934051514,0.24278462697751807,
sb,2318,0.1380615234375,,0.06554641667753458,,0.006554641667753458,1.0052142897620797e-05,0.3,0.1,5.478522777557373,0.1825309559899019,
sb,2319,0.157958984375,,0.06596889812499285,,0.006596889812499285,1.0033520993601996e-05,0.3,0.1,6.59145450592041,0.15171158339965862,
sb,2320,0.107666015625,,0.06304818578064442,,0.006304818578064442,1.0014912732003722e-05,0.3,0.1,4.031627178192139,0.24803880810437928,
sb,2321,0.1424560546875,,0.05696611572057009,,0.005696611572057009,9.996322660299484e-06,0.3,0.1,6.337272644042969,0.1577965879280891,
sb,2322,0.1260986328125,,0.05982526484876871,,0.0059825264848768715,9.977748959499877e-06,0.3,0.1,4.7447943687438965,0.21075728941752495,
sb,2323,0.12548828125,,0.06742582470178604,,0.006742582470178605,9.959188901120797e-06,0.3,0.1,5.147839546203613,0.19425624886414183,
sb,2324,0.1143798828125,,0.06548330560326576,,0.006548330560326577,9.940647942130454e-06,0.3,0.1,3.7628986835479736,0.2657525711154989,
sb,2325,0.098876953125,,0.05802931636571884,,0.0058029316365718845,9.922120625560638e-06,0.3,0.1,3.440778970718384,0.29063186229344307,
sb,2326,0.1021728515625,,0.07414935994893312,,0.007414935994893313,9.903611498884857e-06,0.3,0.1,3.139294147491455,0.31854294405609596,
sb,2327,0.0966796875,,0.05634741019457579,,0.005634741019457579,9.885118743113708e-06,0.3,0.1,4.774362087249756,0.20945206537027533,
sb,2328,0.12335205078125,,0.0627512950450182,,0.00627512950450182,9.866638720268384e-06,0.3,0.1,6.319108486175537,0.15825017123661092,
sb,2329,0.1220703125,,0.05225415248423815,,0.005225415248423815,9.8481796158012e-06,0.3,0.1,4.598750114440918,0.217450388717538,
sb,2330,0.115478515625,,0.06665229704231024,,0.006665229704231024,9.82973233476514e-06,0.3,0.1,3.9963364601135254,0.25022918114647247,
sb,2331,0.14599609375,,0.05793168302625418,,0.005793168302625418,9.811305062612519e-06,0.3,0.1,6.6515984535217285,0.15033980282897927,
sb,2332,0.1109619140625,,0.06538120750337839,,0.006538120750337839,9.792893251869828e-06,0.3,0.1,4.1598615646362305,0.2403926151055576,
sb,2333,0.1024169921875,,0.06274588219821453,,0.006274588219821454,9.77449872152647e-06,0.3,0.1,3.031850576400757,0.3298315582515099,
sb,2334,0.1239013671875,,0.06094435974955559,,0.0060944359749555595,9.756121471582446e-06,0.3,0.1,5.404263496398926,0.18503909009365282,
sb,2335,0.1046142578125,,0.06433707103133202,,0.006433707103133202,9.737757864058949e-06,0.3,0.1,4.031869411468506,0.24802390602124572,
sb,2336,0.1123046875,,0.06688347831368446,,0.006688347831368447,9.719412446429487e-06,0.3,0.1,3.493556261062622,0.28624127544344563,
sb,2337,0.10595703125,,0.060865618288517,,0.0060865618288517,9.701082490209956e-06,0.3,0.1,3.3389108180999756,0.29949886489302974,
sb,2338,0.1046142578125,,0.06927982158958912,,0.006927982158958912,9.682772542873863e-06,0.3,0.1,3.7646849155426025,0.2656264793559411,
sb,2339,0.130859375,,0.0689853960648179,,0.0068985396064817905,9.6644780569477e-06,0.3,0.1,4.231821537017822,0.23630486098066958,
sb,2340,0.1011962890625,,0.056831889785826206,,0.005683188978582621,9.646199032431468e-06,0.3,0.1,3.8649253845214844,0.2587372071928912,
sb,2341,0.0977783203125,,0.05613700021058321,,0.005613700021058321,9.627938197809272e-06,0.3,0.1,3.4490604400634766,0.2899340320002035,
sb,2342,0.083984375,,0.06088702380657196,,0.006088702380657196,9.609692824597005e-06,0.3,0.1,3.372580051422119,0.29650889964148636,
sb,2343,0.1256103515625,,0.06078402139246464,,0.006078402139246464,9.591466550773475e-06,0.3,0.1,5.935804843902588,0.1684691505697371,
sb,2344,0.1082763671875,,0.06625404488295317,,0.006625404488295317,9.573253919370472e-06,0.3,0.1,5.097991466522217,0.19615568338371248,
sb,2345,0.103759765625,,0.05386918317526579,,0.005386918317526579,9.555063115840312e-06,0.3,0.1,4.892724990844727,0.20438508231531535,
sb,2346,0.1065673828125,,0.05590103194117546,,0.005590103194117547,9.536887773720082e-06,0.3,0.1,5.08715295791626,0.19657360576191685,
sb,2347,0.09759521484375,,0.050633421167731285,,0.005063342116773129,9.518727893009782e-06,0.3,0.1,4.686452388763428,0.21338102194266848,
sb,2348,0.0908203125,,0.056852912530303,,0.0056852912530303,9.500587111688219e-06,0.3,0.1,7.744455814361572,0.12912463108712782,
sb,2349,0.1304931640625,,0.06082230806350708,,0.0060822308063507085,9.482461791776586e-06,0.3,0.1,7.144364356994629,0.1399704648351198,
sb,2350,0.095703125,,0.05671089142560959,,0.005671089142560959,9.464355571253691e-06,0.3,0.1,3.742656946182251,0.2671898638800074,
sb,2351,0.1336669921875,,0.059133357368409634,,0.005913335736840964,9.446266631130129e-06,0.3,0.1,6.222723007202148,0.1607013519391117,
sb,2352,0.0906982421875,,0.06318300776183605,,0.006318300776183606,9.428193152416497e-06,0.3,0.1,2.9848854541778564,0.3350212312503749,
sb,2353,0.1171875,,0.06082029454410076,,0.0060820294544100765,9.410140592081007e-06,0.3,0.1,4.751140117645264,0.2104757963853979,
sb,2354,0.0833740234375,,0.06281430646777153,,0.006281430646777154,9.39210076467134e-06,0.3,0.1,3.6894564628601074,0.271042634617455,
sb,2355,0.10498046875,,0.06522985175251961,,0.006522985175251961,9.374082765134517e-06,0.3,0.1,4.417825222015381,0.2263557179710715,
sb,2356,0.12255859375,,0.06036037392914295,,0.006036037392914296,9.35607840801822e-06,0.3,0.1,4.386431694030762,0.2279757373996822,
sb,2357,0.16015625,,0.06556558329612017,,0.006556558329612017,9.338094969280064e-06,0.3,0.1,5.851673126220703,0.17089129526376143,
sb,2358,0.1273193359375,,0.058019584976136684,,0.0058019584976136684,9.320131539425347e-06,0.3,0.1,4.078630447387695,0.24518034004293912,
sb,2359,0.1162109375,,0.046763439662754536,,0.004676343966275454,9.302181751991156e-06,0.3,0.1,4.99803352355957,0.20007869000602577,
sb,2360,0.1141357421875,,0.08308035600930452,,0.008308035600930453,9.284251063945703e-06,0.3,0.1,3.9584333896636963,0.25262519324215754,
sb,2361,0.1214599609375,,0.06317421235144138,,0.006317421235144139,9.266336746804882e-06,0.3,0.1,7.187754154205322,0.1391255152229897,
sb,2362,0.1080322265625,,0.07188743446022272,,0.007188743446022272,9.248441529052798e-06,0.3,0.1,4.256706714630127,0.23492339666320936,
sb,2363,0.1240234375,,0.059338863007724285,,0.005933886300772429,9.230564501194749e-06,0.3,0.1,4.4404473304748535,0.22520253604563345,
sb,2364,0.083984375,,0.05349030252546072,,0.005349030252546072,9.21270293474663e-06,0.3,0.1,3.7126920223236084,0.2693463379098557,
sb,2365,0.108642578125,,0.07260064408183098,,0.0072600644081830985,9.194861377181951e-06,0.3,0.1,4.201313495635986,0.2380208001708813,
sb,2366,0.119140625,,0.07447326742112637,,0.007447326742112637,9.177037100016605e-06,0.3,0.1,3.2862319946289062,0.30429987950772286,
sb,2367,0.10577392578125,,0.059764414094388485,,0.005976441409438849,9.159231922239996e-06,0.3,0.1,4.283612251281738,0.23344783358969548,
sb,2368,0.127197265625,,0.06065169349312782,,0.006065169349312782,9.141445843852125e-06,0.3,0.1,5.022184371948242,0.19911654490137182,
sb,2369,0.1650390625,,0.062331024557352066,,0.006233102455735207,9.123674317379482e-06,0.3,0.1,60.9716682434082,0.01640106017778368,
sb,2370,0.13232421875,,0.0763201154768467,,0.0076320115476846695,9.10592370928498e-06,0.3,0.1,5.044409275054932,0.1982392675679771,
sb,2371,0.123046875,,0.06724048871546984,,0.006724048871546984,9.08818947209511e-06,0.3,0.1,4.069674491882324,0.24571989774481337,
sb,2372,0.1572265625,,0.07048826199024916,,0.007048826199024916,9.07047615328338e-06,0.3,0.1,5.892182350158691,0.16971640396924706,
sb,2373,0.10369873046875,,0.06313869822770357,,0.006313869822770358,9.05277829588158e-06,0.3,0.1,5.433680534362793,0.18403731939630305,
sb,2374,0.1220703125,,0.053290010429918766,,0.005329001042991877,9.035101356857922e-06,0.3,0.1,4.969358444213867,0.2012332197860193,
sb,2375,0.12890625,,0.06456247344613075,,0.006456247344613076,9.017441698233597e-06,0.3,0.1,5.187751293182373,0.19276174656140083,
sb,2376,0.086181640625,,0.055289809592068195,,0.00552898095920682,8.999800229503307e-06,0.3,0.1,4.070904731750488,0.2456456404397359,
sb,2377,0.15869140625,,0.06742258835583925,,0.006742258835583926,8.982177860161755e-06,0.3,0.1,6.503553867340088,0.15376208460759527,
sb,2378,0.1181640625,,0.05981165450066328,,0.005981165450066328,8.964572771219537e-06,0.3,0.1,5.266557216644287,0.18987736368639965,
sb,2379,0.10400390625,,0.060860034078359604,,0.006086003407835961,8.946986781666055e-06,0.3,0.1,5.0309062004089355,0.19877134658537568,
sb,2380,0.09259033203125,,0.0528445178642869,,0.00528445178642869,8.929421710490715e-06,0.3,0.1,3.682741403579712,0.27153684997485195,
sb,2381,0.1099853515625,,0.06472613289952278,,0.006472613289952279,8.911872100725304e-06,0.3,0.1,6.139957904815674,0.16286756611404174,
sb,2382,0.1214599609375,,0.06965994462370872,,0.006965994462370873,8.894343409338035e-06,0.3,0.1,5.223985195159912,0.19142473851696834,
sb,2383,0.1099853515625,,0.06345883011817932,,0.006345883011817932,8.876831088855397e-06,0.3,0.1,5.6672868728637695,0.1764512759691454,
sb,2384,0.1197509765625,,0.05871245451271534,,0.005871245451271535,8.859340596245602e-06,0.3,0.1,5.41013765335083,0.18483818048153333,
sb,2385,0.1160888671875,,0.06168696656823158,,0.006168696656823159,8.841865565045737e-06,0.3,0.1,4.716551780700684,0.2120192985247883,
sb,2386,0.1080322265625,,0.059450297616422176,,0.005945029761642218,8.824412361718714e-06,0.3,0.1,3.757033109664917,0.26616747066388996,
sb,2387,0.1129150390625,,0.060806719586253166,,0.006080671958625317,8.806978257780429e-06,0.3,0.1,8.921324729919434,0.11209097642711081,
sb,2388,0.0904541015625,,0.0667150430381298,,0.006671504303812981,8.789560524746776e-06,0.3,0.1,2.817685604095459,0.3549011992489569,
sb,2389,0.1387939453125,,0.06928501091897488,,0.006928501091897488,8.772164619585965e-06,0.3,0.1,5.174742221832275,0.1932463410024547,
sb,2390,0.160888671875,,0.07221181225031614,,0.007221181225031615,8.754784175835084e-06,0.3,0.1,5.080611228942871,0.19682671138135308,
sb,2391,0.114013671875,,0.061411332339048386,,0.006141133233904839,8.737426469451748e-06,0.3,0.1,4.261307239532471,0.23466977239353315,
sb,2392,0.1004638671875,,0.07246282324194908,,0.0072462823241949085,8.720087862457149e-06,0.3,0.1,4.704113006591797,0.21257992709756682,
sb,2393,0.143798828125,,0.066701490432024,,0.0066701490432024,8.702765626367182e-06,0.3,0.1,6.831891059875488,0.14637235740966648,
sb,2394,0.1033935546875,,0.059001813642680645,,0.0059001813642680645,8.685464308655355e-06,0.3,0.1,6.3429107666015625,0.15765632480051192,
sb,2395,0.11279296875,,0.0645339461043477,,0.006453394610434771,8.668181180837564e-06,0.3,0.1,4.024489879608154,0.2484786966584111,
sb,2396,0.0916748046875,,0.06104243267327547,,0.006104243267327548,8.650919880892616e-06,0.3,0.1,4.991442680358887,0.20034287961173172,
sb,2397,0.11083984375,,0.0605975529178977,,0.00605975529178977,8.633674042357598e-06,0.3,0.1,5.0591139793396,0.19766306987425034,
sb,2398,0.06915283203125,,0.06374153774231672,,0.006374153774231672,8.616451850684825e-06,0.3,0.1,2.564850330352783,0.3898862979121494,
sb,2399,0.1324462890625,,0.06754320580512285,,0.006754320580512285,8.599247848906089e-06,0.3,0.1,6.005535125732422,0.16651305488418772,
sb,2400,0.073486328125,,0.05973102245479822,,0.005973102245479822,8.582061127526686e-06,0.3,0.1,2.978055477142334,0.3357895807097504,
sb,2401,0.09033203125,,0.06875890493392944,,0.0068758904933929445,8.564896234020125e-06,0.3,0.1,4.021564483642578,0.24865944685642302,
sb,2402,0.113525390625,,0.061897020787000656,,0.006189702078700066,8.5477495304076e-06,0.3,0.1,3.506812334060669,0.28515925710859547,
sb,2403,0.09820556640625,,0.06605148408561945,,0.0066051484085619455,8.530623745173216e-06,0.3,0.1,5.009059429168701,0.1996382782317995,
sb,2404,0.1019287109375,,0.06557551119476557,,0.006557551119476557,8.51351796882227e-06,0.3,0.1,3.1418392658233643,0.31828490110169133,
sb,2405,0.10302734375,,0.05643186438828707,,0.0056431864388287074,8.496429472870659e-06,0.3,0.1,4.957188606262207,0.20172724490182645,
sb,2406,0.091552734375,,0.06507274135947227,,0.006507274135947228,8.47936280479189e-06,0.3,0.1,2.7131965160369873,0.3685689532952237,
sb,2407,0.100341796875,,0.054686675779521465,,0.005468667577952147,8.462313417112455e-06,0.3,0.1,3.9260056018829346,0.25471181180189717,
sb,2408,0.1163330078125,,0.06932008638978004,,0.006932008638978005,8.445286766800564e-06,0.3,0.1,5.505218029022217,0.18164584848923962,
sb,2409,0.1119384765625,,0.05919853504747152,,0.005919853504747153,8.428277396888006e-06,0.3,0.1,5.51862907409668,0.1812044235213771,
sb,2410,0.09869384765625,,0.06129975989460945,,0.006129975989460946,8.411290764342993e-06,0.3,0.1,5.826797962188721,0.171620846730778,
sb,2411,0.1278076171875,,0.07279696874320507,,0.007279696874320507,8.39432414068142e-06,0.3,0.1,5.200058937072754,0.19230551270692434,
sb,2412,0.0941162109375,,0.05633215606212616,,0.005633215606212616,8.37737479741918e-06,0.3,0.1,5.189107894897461,0.19271135236623566,
sb,2413,0.102294921875,,0.05262687988579273,,0.005262687988579273,8.360450010513887e-06,0.3,0.1,3.5278637409210205,0.2834576597731435,
sb,2414,0.1204833984375,,0.05862044915556908,,0.005862044915556908,8.343540685018525e-06,0.3,0.1,5.193584442138672,0.19254524714884752,
sb,2415,0.0906982421875,,0.06729620136320591,,0.0067296201363205915,8.326654096890707e-06,0.3,0.1,4.375665187835693,0.2285366811839238,
sb,2416,0.0828857421875,,0.057617818005383015,,0.005761781800538302,8.30978842714103e-06,0.3,0.1,3.7863576412200928,0.26410606042956,
sb,2417,0.104736328125,,0.06850840710103512,,0.006850840710103512,8.292938218801282e-06,0.3,0.1,4.212898254394531,0.23736628316548744,
sb,2418,0.1158447265625,,0.06559059582650661,,0.006559059582650662,8.276113476313185e-06,0.3,0.1,4.312082290649414,0.23190652046888388,
sb,2419,0.1163330078125,,0.061172026209533215,,0.006117202620953322,8.259304195235018e-06,0.3,0.1,7.754522800445557,0.12895700041562097,
sb,2420,0.08941650390625,,0.05575498379766941,,0.005575498379766942,8.242519470513798e-06,0.3,0.1,3.4995925426483154,0.2857475514115853,
sb,2421,0.09307861328125,,0.05771838407963514,,0.005771838407963515,8.225752026191913e-06,0.3,0.1,4.060465335845947,0.24627719172282073,
sb,2422,0.1043701171875,,0.0624752277508378,,0.00624752277508378,8.209007319237571e-06,0.3,0.1,4.920268535614014,0.2032409395466476,
sb,2423,0.114501953125,,0.06173933483660221,,0.006173933483660222,8.19228353066137e-06,0.3,0.1,5.252831935882568,0.19037349989610555,
sb,2424,0.1072998046875,,0.07308302633464336,,0.007308302633464337,8.175577931979205e-06,0.3,0.1,8.571853637695312,0.1166608813293815,
sb,2425,0.110595703125,,0.05989260971546173,,0.005989260971546173,8.158894161169883e-06,0.3,0.1,3.7699294090270996,0.26525695616620804,
sb,2426,0.0931396484375,,0.05392412003129721,,0.005392412003129721,8.142228580254596e-06,0.3,0.1,3.6154792308807373,0.27658850629226217,
sb,2427,0.1240234375,,0.06348272413015366,,0.006348272413015366,8.125586646201555e-06,0.3,0.1,5.51484489440918,0.18132876248501142,
sb,2428,0.0859375,,0.07388164848089218,,0.007388164848089219,8.108965630526654e-06,0.3,0.1,2.862372398376465,0.34936055160649226,
sb,2429,0.08978271484375,,0.056126249954104424,,0.0056126249954104425,8.092361895251088e-06,0.3,0.1,3.9533541202545166,0.2529497660927021,
sb,2430,0.0885009765625,,0.06065777596086264,,0.006065777596086264,8.075783625827171e-06,0.3,0.1,3.571441650390625,0.27999897461313006,
sb,2431,0.08514404296875,,0.05788408126682043,,0.005788408126682043,8.059221727307886e-06,0.3,0.1,3.0061328411102295,0.33265329672878946,
sb,2432,0.1116943359375,,0.05691906251013279,,0.00569190625101328,8.042683475650847e-06,0.3,0.1,5.256114959716797,0.19025459063663264,
sb,2433,0.1168212890625,,0.059260956943035126,,0.005926095694303513,8.026163413887843e-06,0.3,0.1,3.7991011142730713,0.2632201591695046,
sb,2434,0.09796142578125,,0.07922403700649738,,0.00792240370064974,8.009666998987086e-06,0.3,0.1,6.184586524963379,0.16169229680328895,
sb,2435,0.10369873046875,,0.06551289092749357,,0.006551289092749358,7.99319150246447e-06,0.3,0.1,3.6863558292388916,0.27127061149885423,
sb,2436,0.091796875,,0.06351083237677813,,0.006351083237677813,7.97673510533059e-06,0.3,0.1,4.037006378173828,0.24770830321361986,
sb,2437,0.0797119140625,,0.061068883165717125,,0.006106888316571713,7.960300536069553e-06,0.3,0.1,3.652289867401123,0.27380083079538664,
sb,2438,0.0975341796875,,0.059325083158910275,,0.005932508315891028,7.943885975691956e-06,0.3,0.1,3.2184793949127197,0.31070573314238,
sb,2439,0.10205078125,,0.06188572850078344,,0.006188572850078344,7.927495062176604e-06,0.3,0.1,3.9321045875549316,0.254316734901963,
sb,2440,0.09075927734375,,0.059214115142822266,,0.005921411514282227,7.911125067039393e-06,0.3,0.1,4.842274188995361,0.20651453448724938,
sb,2441,0.0936279296875,,0.05538241099566221,,0.005538241099566222,7.894773261796217e-06,0.3,0.1,3.1059532165527344,0.3219623510974482,
sb,2442,0.1103515625,,0.06808547861874104,,0.006808547861874104,7.87844601290999e-06,0.3,0.1,12.75341796875,0.07841035261686895,
sb,2443,0.09033203125,,0.05692943558096886,,0.005692943558096886,7.862136953917798e-06,0.3,0.1,2.740870237350464,0.3648476262658377,
sb,2444,0.0869140625,,0.05987665615975857,,0.005987665615975857,7.845851541787852e-06,0.3,0.1,2.8115572929382324,0.35567477230917277,
sb,2445,0.09393310546875,,0.07226523384451866,,0.0072265233844518665,7.829585229046643e-06,0.3,0.1,13.062179565429688,0.07655690193132822,
sb,2446,0.089599609375,,0.06791257858276367,,0.006791257858276368,7.813343472662382e-06,0.3,0.1,3.842167854309082,0.26026973258819924,
sb,2447,0.1202392578125,,0.056413459591567516,,0.005641345959156752,7.797122634656262e-06,0.3,0.1,4.294661521911621,0.23284722088060722,
sb,2448,0.091796875,,0.056295083835721016,,0.005629508383572102,7.780919986544177e-06,0.3,0.1,4.410933494567871,0.22670938050449288,
sb,2449,0.091796875,,0.06989073008298874,,0.006989073008298874,7.764742804283742e-06,0.3,0.1,3.391390085220337,0.29486434024737984,
sb,2450,0.09716796875,,0.060016337782144547,,0.006001633778214455,7.748583811917342e-06,0.3,0.1,4.316063404083252,0.2316926111544007,
sb,2451,0.1007080078125,,0.06602080725133419,,0.006602080725133419,7.73244937590789e-06,0.3,0.1,5.080938339233398,0.19681403969780864,
sb,2452,0.1048583984375,,0.05709061585366726,,0.005709061585366726,7.716334948781878e-06,0.3,0.1,4.814772129058838,0.20769414900544295,
sb,2453,0.0897216796875,,0.06465907115489244,,0.006465907115489245,7.700241440034006e-06,0.3,0.1,4.312378883361816,0.23189057062176005,
sb,2454,0.1072998046875,,0.060503166168928146,,0.006050316616892815,7.68417157814838e-06,0.3,0.1,4.864016532897949,0.20559140645112212,
sb,2455,0.07470703125,,0.053225213661789894,,0.00532252136617899,7.668120815651491e-06,0.3,0.1,2.4678690433502197,0.4052078868182019,
sb,2456,0.108154296875,,0.07100825477391481,,0.007100825477391482,7.652095519006252e-06,0.3,0.1,3.712207317352295,0.26938150661080074,
sb,2457,0.08203125,,0.05865515489131212,,0.005865515489131213,7.636087502760347e-06,0.3,0.1,3.204563617706299,0.3120549688808365,
sb,2458,0.12939453125,,0.056614977307617664,,0.005661497730761767,7.6201044976187404e-06,0.3,0.1,5.098867893218994,0.1961219668644297,
sb,2459,0.0806884765625,,0.057809434831142426,,0.005780943483114243,7.604144684592029e-06,0.3,0.1,2.6731529235839844,0.3740900833534308,
sb,2460,0.0908203125,,0.06610319949686527,,0.006610319949686527,7.588203516206704e-06,0.3,0.1,3.554555654525757,0.28132911598297045,
sb,2461,0.12939453125,,0.0633683605119586,,0.00633683605119586,7.572286904178327e-06,0.3,0.1,6.713128566741943,0.14896184246406086,
sb,2462,0.07708740234375,,0.056972671300172806,,0.005697267130017281,7.556389846286038e-06,0.3,0.1,2.918680429458618,0.3426205863125236,
sb,2463,0.0751953125,,0.06331062596291304,,0.006331062596291304,7.540517344750697e-06,0.3,0.1,2.770723581314087,0.3609165514539434,
sb,2464,0.118408203125,,0.08025037962943316,,0.008025037962943316,7.524666216340847e-06,0.3,0.1,6.134225368499756,0.16301976858156575,
sb,2465,0.0830078125,,0.059848385863006115,,0.0059848385863006115,7.508836006309139e-06,0.3,0.1,2.616030216217041,0.38225858164821525,
sb,2466,0.1021728515625,,0.06124983821064234,,0.0061249838210642345,7.493029443139676e-06,0.3,0.1,4.266963481903076,0.23435869658626596,
sb,2467,0.0938720703125,,0.055154960602521896,,0.00551549606025219,7.477243798348354e-06,0.3,0.1,4.249455451965332,0.23532426949846236,
sb,2468,0.094970703125,,0.06335690431296825,,0.006335690431296826,7.461484074156033e-06,0.3,0.1,3.8590002059936523,0.2591344769681116,
sb,2469,0.0994873046875,,0.06031651981174946,,0.006031651981174946,7.4457448135945015e-06,0.3,0.1,3.6401236057281494,0.2747159460262245,
sb,2470,0.099609375,,0.06917342450469732,,0.006917342450469733,7.430025561916409e-06,0.3,0.1,2.7230374813079834,0.3672369575756483,
sb,2471,0.096923828125,,0.06458030082285404,,0.006458030082285404,7.414329957100563e-06,0.3,0.1,4.2923502922058105,0.23297259820938487,
sb,2472,0.087890625,,0.06372586358338594,,0.0063725863583385944,7.398656180157559e-06,0.3,0.1,4.395967960357666,0.22748118480796153,
sb,2473,0.08245849609375,,0.06099266745150089,,0.00609926674515009,7.383006504824152e-06,0.3,0.1,3.27925968170166,0.30494687736382137,
sb,2474,0.100341796875,,0.06425525434315205,,0.006425525434315205,7.3673763836268336e-06,0.3,0.1,4.182535171508789,0.23908944192793588,
sb,2475,0.12109375,,0.05309583619236946,,0.005309583619236946,7.3517721830285154e-06,0.3,0.1,5.395101547241211,0.18535332305493873,
sb,2476,0.08984375,,0.054666440933942795,,0.00546664409339428,7.336189355555689e-06,0.3,0.1,3.9770491123199463,0.25144270833926574,
sb,2477,0.0858154296875,,0.05801855120807886,,0.005801855120807886,7.320626991713652e-06,0.3,0.1,3.7512223720550537,0.2665797707567425,
sb,2478,0.078125,,0.06615670118480921,,0.006615670118480921,7.3050900937232655e-06,0.3,0.1,3.1902191638946533,0.31345808818325493,
sb,2479,0.1297607421875,,0.0680948868393898,,0.006809488683938981,7.2895732046163175e-06,0.3,0.1,4.451888561248779,0.22462377174137857,
sb,2480,0.11181640625,,0.052638609893620014,,0.005263860989362002,7.274082690855721e-06,0.3,0.1,4.112123012542725,0.24318338652560192,
sb,2481,0.0897216796875,,0.0608976474031806,,0.0060897647403180604,7.258613550220616e-06,0.3,0.1,4.252176284790039,0.23517369295741164,
sb,2482,0.0960693359375,,0.07818598952144384,,0.007818598952144385,7.243165782711003e-06,0.3,0.1,3.9952688217163086,0.25029604880765316,
sb,2483,0.1273193359375,,0.07171242870390415,,0.0071712428703904155,7.227742116810987e-06,0.3,0.1,6.722959041595459,0.14874402682106552,
sb,2484,0.1058349609375,,0.06582082808017731,,0.006582082808017731,7.212340278783813e-06,0.3,0.1,5.585752487182617,0.17902690860267376,
sb,2485,0.082763671875,,0.05826708301901817,,0.005826708301901818,7.1969620876188856e-06,0.3,0.1,2.8006410598754883,0.35706110801805435,
sb,2486,0.103759765625,,0.05576290376484394,,0.005576290376484394,7.1816057243268006e-06,0.3,0.1,18.18074607849121,0.05500324330380771,
sb,2487,0.08447265625,,0.0629282807931304,,0.00629282807931304,7.166273917391663e-06,0.3,0.1,3.051347017288208,0.32772411473825735,
sb,2488,0.07745361328125,,0.05947483330965042,,0.005947483330965043,7.150965757318772e-06,0.3,0.1,3.6643600463867188,0.2728989475218355,
sb,2489,0.08660888671875,,0.06204338651150465,,0.006204338651150465,7.135678060876671e-06,0.3,0.1,4.257219314575195,0.23489511018996787,
sb,2490,0.0994873046875,,0.0639839293435216,,0.00639839293435216,7.120416285033571e-06,0.3,0.1,4.069240093231201,0.24574612878296517,
sb,2491,0.0921630859375,,0.06000412255525589,,0.0060004122555255895,7.105174063326558e-06,0.3,0.1,4.367251873016357,0.22897694684811565,
sb,2492,0.083251953125,,0.08311040792614222,,0.008311040792614221,7.089959126460599e-06,0.3,0.1,3.440366268157959,0.29066672617256534,
sb,2493,0.075927734375,,0.05931026581674814,,0.005931026581674815,7.074766017467482e-06,0.3,0.1,2.8319504261016846,0.35311352585240974,
sb,2494,0.0902099609375,,0.0673591298982501,,0.00673591298982501,7.059593826852506e-06,0.3,0.1,2.8587613105773926,0.3498018516970999,
sb,2495,0.10791015625,,0.060865637846291065,,0.006086563784629107,7.0444480115838815e-06,0.3,0.1,4.857861518859863,0.20585189514309155,
sb,2496,0.0838623046875,,0.06288650818169117,,0.006288650818169117,7.029322205198696e-06,0.3,0.1,2.8988890647888184,0.34495973376368205,
sb,2497,0.09130859375,,0.06453840341418982,,0.006453840341418982,7.014224138401914e-06,0.3,0.1,3.723308801651001,0.26857831387946574,
sb,2498,0.08953857421875,,0.06573107000440359,,0.0065731070004403595,6.999145625741221e-06,0.3,0.1,3.612696409225464,0.2768015594796112,
sb,2499,0.1168212890625,,0.05682526342570782,,0.005682526342570782,6.984092124184826e-06,0.3,0.1,5.7287678718566895,0.1745576051200519,
sb,2500,0.101806640625,,0.06802880950272083,,0.006802880950272084,6.9690636337327305e-06,0.3,0.1,4.376543045043945,0.22849084076355952,
sb,2501,0.078857421875,,0.05751965008676052,,0.0057519650086760524,6.9540560616587754e-06,0.3,0.1,3.2900192737579346,0.3039495871578215,
sb,2502,0.08349609375,,0.06665981002151966,,0.006665981002151967,6.93907395543647e-06,0.3,0.1,3.6855804920196533,0.2713276788189239,
sb,2503,0.0792236328125,,0.06032912991940975,,0.006032912991940975,6.924112767592305e-06,0.3,0.1,3.054680824279785,0.3273664443275425,
sb,2504,0.085693359375,,0.06894374266266823,,0.006894374266266823,6.909177955094492e-06,0.3,0.1,3.172898292541504,0.31516925782042515,
sb,2505,0.11181640625,,0.057848475873470306,,0.005784847587347031,6.894266789458925e-06,0.3,0.1,7.240884780883789,0.13810466956193504,
sb,2506,0.08935546875,,0.06589441001415253,,0.006589441001415253,6.879377906443551e-06,0.3,0.1,3.9426252841949463,0.25363810352679567,
sb,2507,0.06219482421875,,0.0634489618241787,,0.00634489618241787,6.864514034532476e-06,0.3,0.1,2.4883198738098145,0.4018775923968814,
sb,2508,0.088623046875,,0.06410132348537445,,0.006410132348537445,6.849672445241595e-06,0.3,0.1,4.522790431976318,0.22110243997377327,
sb,2509,0.0692138671875,,0.062568006105721,,0.0062568006105721,6.834855867055012e-06,0.3,0.1,2.1382620334625244,0.46766952990353705,
sb,2510,0.0997314453125,,0.06914260424673557,,0.006914260424673558,6.820060661993921e-06,0.3,0.1,3.6784048080444336,0.2718569739287706,
sb,2511,0.0841064453125,,0.062155306339263916,,0.006215530633926392,6.805292287026532e-06,0.3,0.1,3.475459575653076,0.28773173107964845,
sb,2512,0.07745361328125,,0.0636487789452076,,0.00636487789452076,6.790547558921389e-06,0.3,0.1,3.5904765129089355,0.27851456384818934,
sb,2513,0.0780029296875,,0.06761306431144476,,0.006761306431144476,6.775825568183791e-06,0.3,0.1,2.3088390827178955,0.4331181014238681,
sb,2514,0.102294921875,,0.06459080427885056,,0.006459080427885056,6.76112813380314e-06,0.3,0.1,4.273904323577881,0.23397809690855556,
sb,2515,0.1087646484375,,0.06445956416428089,,0.006445956416428089,6.746453891537385e-06,0.3,0.1,3.694164991378784,0.27069716765053503,
sb,2516,0.0826416015625,,0.06132515426725149,,0.00613251542672515,6.73180556987063e-06,0.3,0.1,3.6615149974823,0.2731109938611781,
sb,2517,0.07110595703125,,0.06904652714729309,,0.006904652714729309,6.717180895066122e-06,0.3,0.1,3.776226758956909,0.2648146056451932,
sb,2518,0.0836181640625,,0.06410211510956287,,0.0064102115109562876,6.702578957629157e-06,0.3,0.1,4.400663375854492,0.22723846715629015,
sb,2519,0.07818603515625,,0.06737703830003738,,0.006737703830003739,6.688002031296492e-06,0.3,0.1,4.27634859085083,0.23384436014862814,
sb,2520,0.08001708984375,,0.054417211562395096,,0.00544172115623951,6.673448297078721e-06,0.3,0.1,3.420377254486084,0.29236541047874887,
sb,2521,0.0704345703125,,0.051169984973967075,,0.005116998497396708,6.658920938207302e-06,0.3,0.1,3.265650749206543,0.3062176811904857,
sb,2522,0.082763671875,,0.05864620674401522,,0.005864620674401522,6.644415407208726e-06,0.3,0.1,3.767561197280884,0.2654236912519743,
sb,2523,0.10791015625,,0.06000293046236038,,0.006000293046236039,6.62993579680915e-06,0.3,0.1,4.487472057342529,0.22284261321778517,
sb,2524,0.09112548828125,,0.06740950047969818,,0.006740950047969818,6.615483925997978e-06,0.3,0.1,5.120741367340088,0.1952842231747859,
sb,2525,0.098876953125,,0.056410825811326504,,0.005641082581132651,6.6010511545755435e-06,0.3,0.1,4.25172233581543,0.23519880204223448,
sb,2526,0.0814208984375,,0.06797661259770393,,0.0067976612597703935,6.586645213246811e-06,0.3,0.1,2.842249631881714,0.35183397995127863,
sb,2527,0.062713623046875,,0.06187577452510595,,0.0061875774525105955,6.572262009285623e-06,0.3,0.1,4.0573601722717285,0.24646567165371885,
sb,2528,0.108642578125,,0.06046823598444462,,0.006046823598444462,6.557905180670787e-06,0.3,0.1,5.043333053588867,0.1982815708132529,
sb,2529,0.08551025390625,,0.06442903075367212,,0.006442903075367212,6.543573363160249e-06,0.3,0.1,3.270118236541748,0.30579934047202256,
sb,2530,0.092529296875,,0.05797051731497049,,0.00579705173149705,6.529263373522554e-06,0.3,0.1,6.421599388122559,0.15572444488667542,
sb,2531,0.08734130859375,,0.06181444879621267,,0.006181444879621268,6.514980213978561e-06,0.3,0.1,4.432872772216797,0.22558734513373338,
sb,2532,0.06878662109375,,0.05728776380419731,,0.005728776380419732,6.500719791802112e-06,0.3,0.1,3.847886085510254,0.259882953335245,
sb,2533,0.080322265625,,0.055891308933496475,,0.005589130893349648,6.486485290224664e-06,0.3,0.1,4.561082363128662,0.21924620526125574,
sb,2534,0.10089111328125,,0.05788714252412319,,0.00578871425241232,6.472273980762111e-06,0.3,0.1,4.395370006561279,0.22751213174481996,
sb,2535,0.07769775390625,,0.06012388505041599,,0.006012388505041599,6.4580895013932604e-06,0.3,0.1,2.906977415084839,0.34399992060853885,
sb,2536,0.0830078125,,0.06888470612466335,,0.006888470612466335,6.443929578381358e-06,0.3,0.1,2.644063711166382,0.37820571258431124,
sb,2537,0.079345703125,,0.05032091401517391,,0.005032091401517391,6.429793302231701e-06,0.3,0.1,3.0566160678863525,0.3271591779243309,
sb,2538,0.08154296875,,0.05322342924773693,,0.005322342924773693,6.415682946681045e-06,0.3,0.1,3.1689956188201904,0.3155573942927373,
sb,2539,0.0777587890625,,0.06651849020272493,,0.006651849020272493,6.401595328497933e-06,0.3,0.1,3.6927716732025146,0.2707993042886297,
sb,2540,0.1248779296875,,0.06653394363820553,,0.0066533943638205535,6.387535904650576e-06,0.3,0.1,6.8623881340026855,0.14572186540208434,
sb,2541,0.08233642578125,,0.060073318891227245,,0.0060073318891227245,6.373499672918115e-06,0.3,0.1,2.903421640396118,0.3444212118855629,
sb,2542,0.06805419921875,,0.06238548178225756,,0.006238548178225756,6.35948754279525e-06,0.3,0.1,2.598992109298706,0.38476453869259075,
sb,2543,0.0968017578125,,0.061908564530313015,,0.0061908564530313015,6.345502242766088e-06,0.3,0.1,4.550448894500732,0.21975853881328303,
sb,2544,0.1201171875,,0.07538947463035583,,0.007538947463035584,6.331540134851821e-06,0.3,0.1,5.022775650024414,0.19909310502354197,
sb,2545,0.0853271484375,,0.0592617429792881,,0.00592617429792881,6.317604857031256e-06,0.3,0.1,3.4438931941986084,0.29036905142254255,
sb,2546,0.08172607421875,,0.058191435411572456,,0.005819143541157246,6.303693226072937e-06,0.3,0.1,3.665297031402588,0.27282918449240473,
sb,2547,0.0733642578125,,0.06813912093639374,,0.006813912093639374,6.289807515713619e-06,0.3,0.1,2.0678770542144775,0.4835877442335995,
sb,2548,0.0653076171875,,0.06654853001236916,,0.006654853001236916,6.275948180700652e-06,0.3,0.1,2.8333911895751953,0.35293396961184453,
sb,2549,0.090087890625,,0.06100757606327534,,0.006100757606327534,6.262112037802581e-06,0.3,0.1,2.984179735183716,0.33510045933558247,
sb,2550,0.077392578125,,0.06080946233123541,,0.006080946233123542,6.248302270250861e-06,0.3,0.1,4.188779354095459,0.23873303305467228,
sb,2551,0.09765625,,0.0534695778042078,,0.00534695778042078,6.2345166043087374e-06,0.3,0.1,7.154786586761475,0.13976657275149246,
sb,2552,0.08984375,,0.054261873476207256,,0.005426187347620726,6.220757768460317e-06,0.3,0.1,9.380142211914062,0.10660819179584115,
sb,2553,0.08709716796875,,0.053401670418679714,,0.005340167041867972,6.207024853210896e-06,0.3,0.1,4.545205593109131,0.2200120499534882,
sb,2554,0.0906982421875,,0.05682472139596939,,0.005682472139596939,6.193315130076371e-06,0.3,0.1,3.4279086589813232,0.291723059008571,
sb,2555,0.082000732421875,,0.05622447934001684,,0.005622447934001684,6.179632237035548e-06,0.3,0.1,2.8474180698394775,0.35119535504541305,
sb,2556,0.078125,,0.05418413784354925,,0.005418413784354925,6.165974355099024e-06,0.3,0.1,4.0072021484375,0.24955067474944406,
sb,2557,0.080078125,,0.06493389699608088,,0.006493389699608088,6.152342848508852e-06,0.3,0.1,2.932365894317627,0.34102156280626905,
sb,2558,0.11474609375,,0.06720925308763981,,0.006720925308763981,6.138734988780925e-06,0.3,0.1,4.345059394836426,0.2301464512057944,
sb,2559,0.08990478515625,,0.07508763298392296,,0.007508763298392296,6.125154413894052e-06,0.3,0.1,6.250945568084717,0.1599757971187068,
sb,2560,0.0894775390625,,0.06229199841618538,,0.006229199841618538,6.111599759606179e-06,0.3,0.1,4.029961109161377,0.24814135246285218,
sb,2561,0.08953857421875,,0.06760020833462477,,0.006760020833462477,6.098068752180552e-06,0.3,0.1,3.1531920433044434,0.3171389456355574,
sb,2562,0.0716552734375,,0.056515712291002274,,0.005651571229100228,6.0845650295959786e-06,0.3,0.1,2.469958782196045,0.40486505572813575,
sb,2563,0.06890869140625,,0.05742332711815834,,0.005742332711815835,6.071084953873651e-06,0.3,0.1,2.406458616256714,0.4155483885093842,
sb,2564,0.0953369140625,,0.062140198424458504,,0.00621401984244585,6.05763398198178e-06,0.3,0.1,4.270135402679443,0.23418461142298103,
sb,2565,0.0819091796875,,0.05946419574320316,,0.005946419574320317,6.044206656952156e-06,0.3,0.1,5.879201889038086,0.17009111421475834,
sb,2566,0.081298828125,,0.06074732542037964,,0.006074732542037964,6.030804797774181e-06,0.3,0.1,2.877842903137207,0.34748248381100844,
sb,2567,0.07513427734375,,0.05173253174871206,,0.005173253174871207,6.017430223437259e-06,0.3,0.1,3.915154218673706,0.2554177802831887,
sb,2568,0.06378173828125,,0.06509631499648094,,0.006509631499648095,6.004079295962583e-06,0.3,0.1,1.4770545959472656,0.6770230448784998,
sb,2569,0.0821533203125,,0.05424552038311958,,0.005424552038311959,5.9907565628236625e-06,0.3,0.1,3.7871437072753906,0.2640512421218461,
sb,2570,0.06298828125,,0.0610892241820693,,0.00610892241820693,5.977457931294339e-06,0.3,0.1,3.141510486602783,0.31831821165792,
sb,2571,0.08935546875,,0.07123577781021595,,0.007123577781021595,5.964186584606068e-06,0.3,0.1,4.701791286468506,0.2126848979617501,
sb,2572,0.05902099609375,,0.0571953970938921,,0.00571953970938921,5.9509420680115e-06,0.3,0.1,2.47255277633667,0.404440305408404,
sb,2573,0.0709228515625,,0.0581088662147522,,0.00581088662147522,5.937721198279178e-06,0.3,0.1,3.3013250827789307,0.30290867301024405,
sb,2574,0.07958984375,,0.05810069479048252,,0.005810069479048253,5.92452806813526e-06,0.3,0.1,2.9475953578948975,0.339259592508714,
sb,2575,0.0755615234375,,0.07131457887589931,,0.007131457887589932,5.9113594943482894e-06,0.3,0.1,3.2650444507598877,0.3062745439092769,
sb,2576,0.05621337890625,,0.06311936397105455,,0.006311936397105456,5.898218660149723e-06,0.3,0.1,3.02886700630188,0.33015645715688197,
sb,2577,0.0726318359375,,0.0710747130215168,,0.00710747130215168,5.8851042012975086e-06,0.3,0.1,2.7682747840881348,0.3612358158041014,
sb,2578,0.0809326171875,,0.05998813547194004,,0.005998813547194004,5.872014298802242e-06,0.3,0.1,3.5026071071624756,0.2855016190525913,
sb,2579,0.06463623046875,,0.051850746385753155,,0.0051850746385753155,5.858954864379484e-06,0.3,0.1,2.76548171043396,0.3616006557653494,
sb,2580,0.09002685546875,,0.05393785052001476,,0.005393785052001477,5.8459163483348675e-06,0.3,0.1,3.3492684364318848,0.29857266414433525,
sb,2581,0.0631103515625,,0.06065347418189049,,0.006065347418189049,5.8329069361207075e-06,0.3,0.1,2.239098310470581,0.44660834913936165,
sb,2582,0.112548828125,,0.07970145903527737,,0.007970145903527737,5.819922989758197e-06,0.3,0.1,4.79489803314209,0.20855500848778247,
sb,2583,0.0985107421875,,0.06286483258008957,,0.006286483258008957,5.8069645092473365e-06,0.3,0.1,4.781857967376709,0.20912373533933976,
sb,2584,0.0908203125,,0.0574384955689311,,0.00574384955689311,5.794034677819582e-06,0.3,0.1,3.34967303276062,0.2985366005039166,
sb,2585,0.092529296875,,0.07367064617574215,,0.007367064617574215,5.781128038506722e-06,0.3,0.1,3.9561588764190674,0.2527704349692735,
sb,2586,0.104736328125,,0.07396462373435497,,0.007396462373435497,5.768250503024319e-06,0.3,0.1,4.761638164520264,0.21001175760291108,
sb,2587,0.0919189453125,,0.06074226088821888,,0.0060742260888218885,5.755397069151513e-06,0.3,0.1,4.158353328704834,0.24047980557521823,
sb,2588,0.06219482421875,,0.05327329505234957,,0.005327329505234957,5.742572739109164e-06,0.3,0.1,2.257213592529297,0.44302409098975015,
sb,2589,0.0966796875,,0.06786755938082933,,0.006786755938082934,5.7297743296658155e-06,0.3,0.1,4.605862140655518,0.21711461816737693,
sb,2590,0.1024169921875,,0.05656082183122635,,0.005656082183122635,5.7170013860741165e-06,0.3,0.1,4.327910423278809,0.23105838665727368,
sb,2591,0.0909423828125,,0.0695292092859745,,0.00695292092859745,5.704256636818172e-06,0.3,0.1,4.406401634216309,0.22694254473647246,
sb,2592,0.078369140625,,0.0596909886226058,,0.005969098862260581,5.691536443919176e-06,0.3,0.1,3.624627113342285,0.2758904485151013,
sb,2593,0.07275390625,,0.07082948181778193,,0.007082948181778193,5.678844445355935e-06,0.3,0.1,3.039008617401123,0.32905467732933663,
sb,2594,0.069091796875,,0.0643755653873086,,0.00643755653873086,5.666179731633747e-06,0.3,0.1,2.4828531742095947,0.4027624389502394,
sb,2595,0.05810546875,,0.05851348675787449,,0.00585134867578745,5.653539574268507e-06,0.3,0.1,2.857417106628418,0.34996640766245724,
sb,2596,0.078857421875,,0.0592968063428998,,0.0059296806342899805,5.640928520733723e-06,0.3,0.1,3.592231512069702,0.27837849443724727,
sb,2597,0.0635986328125,,0.07352467626333237,,0.007352467626333237,5.628342023555888e-06,0.3,0.1,2.8400375843048096,0.3521080162904894,
sb,2598,0.09185791015625,,0.06219192501157522,,0.006219192501157523,5.615783720713807e-06,0.3,0.1,2.9395198822021484,0.34019160953959854,
sb,2599,0.06597900390625,,0.06187676731497049,,0.00618767673149705,5.603250883723376e-06,0.3,0.1,2.8570117950439453,0.3500160558436261,
sb,2600,0.07220458984375,,0.0807851105928421,,0.008078511059284211,5.590747150563402e-06,0.3,0.1,2.897465229034424,0.3451292495176029,
sb,2601,0.071044921875,,0.06860285717993975,,0.006860285717993975,5.578269338002428e-06,0.3,0.1,3.2934155464172363,0.3036361448793963,
sb,2602,0.07958984375,,0.06607631500810385,,0.0066076315008103854,5.565817900787806e-06,0.3,0.1,3.042809247970581,0.32864367053799237,
sb,2603,0.07171630859375,,0.06733977235853672,,0.006733977235853672,5.553394657908939e-06,0.3,0.1,3.058154344558716,0.32699461417938913,
sb,2604,0.07012939453125,,0.06226224172860384,,0.006226224172860385,5.54099642613437e-06,0.3,0.1,2.8454174995422363,0.35144227522354016,
sb,2605,0.0789794921875,,0.0727869551628828,,0.007278695516288281,5.5286272981902584e-06,0.3,0.1,3.9731292724609375,0.2516907785838553,
sb,2606,0.086669921875,,0.061281987465918064,,0.006128198746591807,5.5162854550872e-06,0.3,0.1,5.649546146392822,0.1770053689425105,
sb,2607,0.08148193359375,,0.06319812219589949,,0.006319812219589949,5.50396862308844e-06,0.3,0.1,2.92769193649292,0.34156599180919944,
sb,2608,0.060302734375,,0.06394275650382042,,0.006394275650382042,5.491680440172786e-06,0.3,0.1,3.4770171642303467,0.2876028367899514,
sb,2609,0.0821533203125,,0.06387869827449322,,0.006387869827449322,5.4794177231087815e-06,0.3,0.1,3.4518232345581055,0.2897019725658164,
sb,2610,0.0718994140625,,0.06855554785579443,,0.006855554785579443,5.467184109875234e-06,0.3,0.1,3.7738356590270996,0.26498239201486623,
sb,2611,0.08013916015625,,0.06912843883037567,,0.006912843883037568,5.454975962493336e-06,0.3,0.1,3.573439121246338,0.2798424615811621,
sb,2612,0.06268310546875,,0.05749872326850891,,0.0057498723268508915,5.4427973736892454e-06,0.3,0.1,3.2873928546905518,0.30419242366277266,
sb,2613,0.0843505859375,,0.057300408370792866,,0.005730040837079287,5.4306451602315065e-06,0.3,0.1,5.260720252990723,0.19008803964276552,
sb,2614,0.08123779296875,,0.05300448276102543,,0.005300448276102543,5.418518867372768e-06,0.3,0.1,3.2444987297058105,0.30821402111958085,
sb,2615,0.0819091796875,,0.05404036398977041,,0.005404036398977042,5.406421678344486e-06,0.3,0.1,4.500945091247559,0.22217556084933776,
sb,2616,0.084716796875,,0.05945071764290333,,0.005945071764290333,5.394350409915205e-06,0.3,0.1,3.3231093883514404,0.3009229860158439,
sb,2617,0.08251953125,,0.071413304656744,,0.0071413304656744005,5.382308245316381e-06,0.3,0.1,2.8645567893981934,0.3490941438832802,
sb,2618,0.06494140625,,0.06027709413319826,,0.006027709413319826,5.370293365558609e-06,0.3,0.1,3.198978900909424,0.31259974853717054,
sb,2619,0.06201171875,,0.06304727774113417,,0.006304727774113417,5.358303951652488e-06,0.3,0.1,3.388946771621704,0.29507692725473894,
sb,2620,0.086761474609375,,0.05687961354851723,,0.005687961354851723,5.346344096324174e-06,0.3,0.1,3.163072109222412,0.3161483410651151,
sb,2621,0.07421875,,0.05806333478540182,,0.005806333478540183,5.3344092521001585e-06,0.3,0.1,3.2604520320892334,0.306705938366227,
sb,2622,0.05072021484375,,0.05752915237098932,,0.0057529152370989324,5.322504875948653e-06,0.3,0.1,2.364429235458374,0.42293505130261916,
sb,2623,0.07122802734375,,0.06609280593693256,,0.006609280593693256,5.310625965648796e-06,0.3,0.1,3.335488796234131,0.29980613370041315,
sb,2624,0.07391357421875,,0.05610142648220062,,0.005610142648220063,5.298775249684695e-06,0.3,0.1,4.964959144592285,0.20141152643505156,
sb,2625,0.0880126953125,,0.061996884644031525,,0.006199688464403153,5.286954547045752e-06,0.3,0.1,4.449085235595703,0.22476530501131356,
sb,2626,0.0926513671875,,0.06147493049502373,,0.006147493049502373,5.275157946016407e-06,0.3,0.1,4.741330623626709,0.21091125664530988,
sb,2627,0.0860595703125,,0.06366293784230947,,0.006366293784230948,5.26339181305957e-06,0.3,0.1,2.2740190029144287,0.4397500630902291,
sb,2628,0.0687255859375,,0.05131480935961008,,0.005131480935961008,5.251649781712331e-06,0.3,0.1,3.6938321590423584,0.27072155878876053,
sb,2629,0.0704345703125,,0.05775183439254761,,0.005775183439254761,5.239938218437601e-06,0.3,0.1,2.375574827194214,0.42095074781588665,
sb,2630,0.0899658203125,,0.05982824694365263,,0.0059828246943652635,5.228255758993328e-06,0.3,0.1,1.9923628568649292,0.5019166044751227,
sb,2631,0.078125,,0.06116181146353483,,0.006116181146353483,5.216597855906002e-06,0.3,0.1,2.935049533843994,0.3407097524144043,
sb,2632,0.08770751953125,,0.06995905190706253,,0.006995905190706253,5.204970420891186e-06,0.3,0.1,3.656266212463379,0.27350306074301367,
sb,2633,0.0732421875,,0.06684284470975399,,0.0066842844709754,5.193368906475371e-06,0.3,0.1,3.4465718269348145,0.2901433802090071,
sb,2634,0.07061767578125,,0.06945443898439407,,0.006945443898439408,5.1817987696267664e-06,0.3,0.1,3.6973276138305664,0.2704656185346701,
sb,2635,0.07708740234375,,0.0570111908018589,,0.00570111908018589,5.170252279640408e-06,0.3,0.1,3.1454215049743652,0.3179224146647875,
sb,2636,0.084228515625,,0.05937953665852547,,0.005937953665852547,5.158736257726559e-06,0.3,0.1,4.213932991027832,0.23730799757119234,
sb,2637,0.06201171875,,0.05258846562355757,,0.005258846562355757,5.147247975401115e-06,0.3,0.1,3.1067404747009277,0.3218807647897482,
sb,2638,0.088134765625,,0.06530833058059216,,0.006530833058059216,5.135786523169372e-06,0.3,0.1,3.1673924922943115,0.3157171087678012,
sb,2639,0.0916748046875,,0.07074506022036076,,0.007074506022036076,5.124353720020736e-06,0.3,0.1,4.854824066162109,0.20598068773901654,
sb,2640,0.0748291015625,,0.05772538110613823,,0.0057725381106138235,5.112948201713152e-06,0.3,0.1,2.3673555850982666,0.42241225031620716,
sb,2641,0.0909423828125,,0.0715097151696682,,0.00715097151696682,5.1015722419833764e-06,0.3,0.1,3.468679189682007,0.28829417346366804,
sb,2642,0.06500244140625,,0.058123922906816006,,0.005812392290681601,5.090224476589356e-06,0.3,0.1,2.1823697090148926,0.458217503601346,
sb,2643,0.05120849609375,,0.059273296035826206,,0.005927329603582621,5.078903086541686e-06,0.3,0.1,2.0421535968780518,0.48967913164257226,
sb,2644,0.091064453125,,0.056582216173410416,,0.005658221617341042,5.067611255071824e-06,0.3,0.1,3.23178768157959,0.3094262676040752,
sb,2645,0.07373046875,,0.060257503762841225,,0.006025750376284123,5.056346253695665e-06,0.3,0.1,2.7913763523101807,0.3582462103945197,
sb,2646,0.06927490234375,,0.06293056532740593,,0.006293056532740593,5.045111265644664e-06,0.3,0.1,2.5899364948272705,0.38610985327139946,
sb,2647,0.07379150390625,,0.05727680213749409,,0.005727680213749409,5.033903107687365e-06,0.3,0.1,2.6996777057647705,0.37041458610583217,
sb,2648,0.0692138671875,,0.06435645837336779,,0.006435645837336779,5.022724053560523e-06,0.3,0.1,2.770212173461914,0.3609831801259855,
sb,2649,0.064208984375,,0.05074668861925602,,0.005074668861925602,5.011573648516787e-06,0.3,0.1,2.911445140838623,0.3434720393570447,
sb,2650,0.0672607421875,,0.05862610600888729,,0.005862610600888729,5.000450073566753e-06,0.3,0.1,2.6673152446746826,0.37490881589512465,
sb,2651,0.0899658203125,,0.06958712078630924,,0.006958712078630924,4.989356966689229e-06,0.3,0.1,3.7625820636749268,0.26577493409493813,
sb,2652,0.06634521484375,,0.05391100700944662,,0.005391100700944663,4.978290689905407e-06,0.3,0.1,3.6072094440460205,0.27722260531630005,
sb,2653,0.0721435546875,,0.057663487270474434,,0.005766348727047444,4.967253971699392e-06,0.3,0.1,3.6004366874694824,0.27774408684376456,
sb,2654,0.0738525390625,,0.0568214887753129,,0.00568214887753129,4.956244993081782e-06,0.3,0.1,3.647348403930664,0.27417177885236377,
sb,2655,0.0670166015625,,0.06249524466693401,,0.006249524466693402,4.945263754052576e-06,0.3,0.1,3.3575878143310547,0.2978328655267752,
sb,2656,0.0830078125,,0.06697875168174505,,0.006697875168174505,4.934312073601177e-06,0.3,0.1,3.7192819118499756,0.2688691053006516,
sb,2657,0.0841064453125,,0.06308929715305567,,0.006308929715305567,4.923388587485533e-06,0.3,0.1,4.682688236236572,0.2135525470736206,
sb,2658,0.06304931640625,,0.061057026498019695,,0.00610570264980197,4.912494205200346e-06,0.3,0.1,2.665330410003662,0.37518800530198654,
sb,2659,0.063720703125,,0.06768405716866255,,0.0067684057168662555,4.9016266530088615e-06,0.3,0.1,3.3773086071014404,0.2960937587691299,
sb,2660,0.07818603515625,,0.06420951429754496,,0.006420951429754496,4.890790023637237e-06,0.3,0.1,4.521793365478516,0.221151193602624,
sb,2661,0.0853271484375,,0.06005368009209633,,0.006005368009209634,4.8799815886013675e-06,0.3,0.1,3.209052801132202,0.3116184313474633,
sb,2662,0.084228515625,,0.05686801578849554,,0.005686801578849554,4.869200893153902e-06,0.3,0.1,3.1472585201263428,0.317736847356237,
sb,2663,0.07183837890625,,0.06577436067163944,,0.006577436067163944,4.858449756284244e-06,0.3,0.1,3.1052353382110596,0.32203678339436415,
sb,2664,0.0928955078125,,0.07044356688857079,,0.007044356688857079,4.84772590425564e-06,0.3,0.1,4.325074672698975,0.23120988090963304,
sb,2665,0.0711669921875,,0.06384853087365627,,0.006384853087365628,4.8370329750468954e-06,0.3,0.1,2.5662193298339844,0.3896783055034866,
sb,2666,0.052490234375,,0.05045550409704447,,0.005045550409704447,4.826367785426555e-06,0.3,0.1,2.8598222732543945,0.3496720790491743,
sb,2667,0.085693359375,,0.06352191045880318,,0.006352191045880318,4.815729880647268e-06,0.3,0.1,4.123379230499268,0.2425195316994692,
sb,2668,0.07928466796875,,0.06384291499853134,,0.006384291499853135,4.805122898687841e-06,0.3,0.1,5.395872592926025,0.1853268369069717,
sb,2669,0.07281494140625,,0.06332455109804869,,0.006332455109804869,4.794543201569468e-06,0.3,0.1,2.6046130657196045,0.3839341870627218,
sb,2670,0.06988525390625,,0.057481358759105206,,0.005748135875910521,4.783993972523604e-06,0.3,0.1,3.3941469192504883,0.2946248420562846,
sb,2671,0.05487060546875,,0.06052991934120655,,0.006052991934120656,4.773472937813494e-06,0.3,0.1,2.0448484420776367,0.48903379801779606,
sb,2672,0.077880859375,,0.058010028675198555,,0.005801002867519856,4.762980552186491e-06,0.3,0.1,2.864370584487915,0.34911683754034134,
sb,2673,0.05999755859375,,0.059277393855154514,,0.005927739385515452,4.752518634631997e-06,0.3,0.1,2.468332529067993,0.4051317997974874,
sb,2674,0.070068359375,,0.05339918099343777,,0.005339918099343777,4.742083092423854e-06,0.3,0.1,3.004680633544922,0.33281407309508304,
sb,2675,0.059814453125,,0.05666653532534838,,0.005666653532534838,4.731678473035572e-06,0.3,0.1,2.557091474533081,0.3910693105660593,
sb,2676,0.085205078125,,0.05988393630832434,,0.005988393630832434,4.721301138488343e-06,0.3,0.1,3.1530821323394775,0.3171500005482048,
sb,2677,0.07220458984375,,0.06374569330364466,,0.006374569330364466,4.710954726760974e-06,0.3,0.1,3.1623313426971436,0.31622239785509093,
sb,2678,0.0662841796875,,0.07779878191649914,,0.007779878191649914,4.700637418864062e-06,0.3,0.1,2.677199363708496,0.37352466669302703,
sb,2679,0.07098388671875,,0.06200560089200735,,0.006200560089200735,4.690347395808203e-06,0.3,0.1,2.935271739959717,0.3406839599844762,
sb,2680,0.0989990234375,,0.05278848484158516,,0.005278848484158516,4.680088750319555e-06,0.3,0.1,5.32985782623291,0.18762226547172084,
sb,2681,0.07452392578125,,0.06454838626086712,,0.006454838626086712,4.669857844419312e-06,0.3,0.1,3.2984373569488525,0.3031738644037879,
sb,2682,0.07080078125,,0.05993589758872986,,0.005993589758872986,4.6596569518442266e-06,0.3,0.1,3.372347354888916,0.29652935915699574,
sb,2683,0.078125,,0.06355120148509741,,0.0063551201485097415,4.6494837988575455e-06,0.3,0.1,3.192905902862549,0.31319432217011656,
sb,2684,0.06195068359375,,0.05852380022406578,,0.005852380022406578,4.639340659196023e-06,0.3,0.1,2.4110591411590576,0.41475548356697484,
sb,2685,0.07177734375,,0.05860446114093065,,0.005860446114093066,4.62922798760701e-06,0.3,0.1,2.5068705081939697,0.39890373145776575,
sb,2686,0.07763671875,,0.06589037552475929,,0.0065890375524759294,4.619143055606401e-06,0.3,0.1,3.3782386779785156,0.296012240496395,
sb,2687,0.0745849609375,,0.05469003599137068,,0.005469003599137068,4.609088591678301e-06,0.3,0.1,3.5058071613311768,0.2852410169703384,
sb,2688,0.07318115234375,,0.056429813615977764,,0.005642981361597777,4.599061867338605e-06,0.3,0.1,4.27472448348999,0.2339332052538683,
sb,2689,0.05865478515625,,0.05455273948609829,,0.00545527394860983,4.589066520566121e-06,0.3,0.1,2.5781610012054443,0.3878733715747156,
sb,2690,0.0582275390625,,0.07017701584845781,,0.0070177015848457815,4.579101187118795e-06,0.3,0.1,2.9646897315979004,0.33730342482112713,
sb,2691,0.0648193359375,,0.05240475945174694,,0.005240475945174694,4.569163138512522e-06,0.3,0.1,3.177079916000366,0.3147544369166837,
sb,2692,0.04833984375,,0.0561881335452199,,0.00561881335452199,4.559255557978759e-06,0.3,0.1,2.542788505554199,0.3932690421620616,
sb,2693,0.061279296875,,0.060026202350854874,,0.006002620235085488,4.549375717033399e-06,0.3,0.1,3.026869773864746,0.33037430570499476,
sb,2694,0.076171875,,0.06027787737548351,,0.006027787737548352,4.539527253655251e-06,0.3,0.1,2.5458412170410156,0.3927974742911428,
sb,2695,0.05596923828125,,0.05541996564716101,,0.005541996564716101,4.5297088036022615e-06,0.3,0.1,2.470459222793579,0.4047830422674237,
sb,2696,0.084228515625,,0.065874008461833,,0.006587400846183301,4.519917638390325e-06,0.3,0.1,2.7779159545898438,0.35998209317590707,
sb,2697,0.07073974609375,,0.06506090518087149,,0.006506090518087149,4.510157395998249e-06,0.3,0.1,4.045626640319824,0.24718049610256315,
sb,2698,0.044036865234375,,0.05501459911465645,,0.005501459911465645,4.5004258026892785e-06,0.3,0.1,2.0965170860290527,0.4769815646454228,
sb,2699,0.0648193359375,,0.05977579299360514,,0.005977579299360514,4.4907251322001684e-06,0.3,0.1,1.9824202060699463,0.5044339222018184,
sb,2700,0.07635498046875,,0.05957823432981968,,0.005957823432981968,4.481052656046813e-06,0.3,0.1,2.573580503463745,0.3885637145036319,
sb,2701,0.0701904296875,,0.06278188526630402,,0.006278188526630402,4.471410647965968e-06,0.3,0.1,3.149243116378784,0.31753661532167404,
sb,2702,0.066162109375,,0.058576831594109535,,0.005857683159410954,4.461799107957631e-06,0.3,0.1,2.4338760375976562,0.41086726873199525,
sb,2703,0.08111572265625,,0.058041512966156006,,0.005804151296615601,4.45221576228505e-06,0.3,0.1,2.970120668411255,0.33668665742624837,
sb,2704,0.07293701171875,,0.06579542811959982,,0.006579542811959983,4.442662429937627e-06,0.3,0.1,1.8955832719802856,0.5275421105374685,
sb,2705,0.05975341796875,,0.05902340728789568,,0.0059023407287895685,4.433139565662714e-06,0.3,0.1,2.9183406829833984,0.3426604734090563,
sb,2706,0.0806884765625,,0.05587455444037914,,0.005587455444037915,4.423646259965608e-06,0.3,0.1,3.9300389289855957,0.254450405726163,
sb,2707,0.07269287109375,,0.06494109518826008,,0.006494109518826008,4.4141834223410115e-06,0.3,0.1,2.812030076980591,0.3556149730353336,
sb,2708,0.04962158203125,,0.05470554810017347,,0.005470554810017347,4.40474877905217e-06,0.3,0.1,2.09031343460083,0.4783971549180431,
sb,2709,0.0860595703125,,0.06423404440283775,,0.006423404440283775,4.39534551333054e-06,0.3,0.1,3.595048427581787,0.27816036978190334,
sb,2710,0.0687255859375,,0.06018930859863758,,0.006018930859863759,4.385970441944664e-06,0.3,0.1,2.537473678588867,0.3940927578630558,
sb,2711,0.08331298828125,,0.06252222880721092,,0.006252222880721092,4.376626293378649e-06,0.3,0.1,6.2413434982299805,0.16022191380487164,
sb,2712,0.0816650390625,,0.05731666833162308,,0.005731666833162308,4.367311703390442e-06,0.3,0.1,3.0190393924713135,0.3312311864806189,
sb,2713,0.06402587890625,,0.05982642620801926,,0.005982642620801926,4.358027581474744e-06,0.3,0.1,2.5416417121887207,0.3934464858695034,
sb,2714,0.07177734375,,0.06737084034830332,,0.006737084034830332,4.348773927631555e-06,0.3,0.1,3.793903112411499,0.2635807953894677,
sb,2715,0.06170654296875,,0.06642818078398705,,0.006642818078398705,4.3395484681241214e-06,0.3,0.1,2.233642578125,0.44769920209859,
sb,2716,0.056640625,,0.06427578907459974,,0.006427578907459975,4.330355295678601e-06,0.3,0.1,2.197092294692993,0.45514701517795514,
sb,2717,0.0797119140625,,0.06283533852547407,,0.006283533852547408,4.321189408074133e-06,0.3,0.1,2.305032730102539,0.43383331912840783,
sb,2718,0.0771484375,,0.05409116670489311,,0.005409116670489312,4.312055352784228e-06,0.3,0.1,2.6634843349456787,0.3754480500897689,
sb,2719,0.0682373046875,,0.06786976102739573,,0.006786976102739573,4.302952675061533e-06,0.3,0.1,2.758077621459961,0.3625713766063843,
sb,2720,0.07489013671875,,0.06170670501887798,,0.006170670501887798,4.293877736927243e-06,0.3,0.1,2.2710816860198975,0.44031881642818144,
sb,2721,0.07733154296875,,0.05883959773927927,,0.005883959773927927,4.284833721612813e-06,0.3,0.1,3.106623888015747,0.32189284446618893,
sb,2722,0.07012939453125,,0.057781836949288845,,0.0057781836949288845,4.2758192648761906e-06,0.3,0.1,2.359975814819336,0.42373315595886873,
sb,2723,0.05621337890625,,0.05903791822493076,,0.0059037918224930765,4.2668357309594285e-06,0.3,0.1,2.9396934509277344,0.34017152355950964,
sb,2724,0.06011962890625,,0.059202258475124836,,0.005920225847512484,4.257881755620474e-06,0.3,0.1,2.294152021408081,0.4358909046429409,
sb,2725,0.05621337890625,,0.05615318100899458,,0.005615318100899458,4.24895870310138e-06,0.3,0.1,2.406059980392456,0.4156172365399172,
sb,2726,0.0714111328125,,0.07709287665784359,,0.0077092876657843595,4.240066118654795e-06,0.3,0.1,2.935619354248047,0.34064361871471177,
sb,2727,0.07476806640625,,0.05687645170837641,,0.005687645170837641,4.231202638038667e-06,0.3,0.1,4.0485663414001465,0.2470010160816983,
sb,2728,0.0726318359375,,0.06295184511691332,,0.006295184511691332,4.22237053498975e-06,0.3,0.1,2.5586540699005127,0.3908304806670808,
sb,2729,0.0556640625,,0.058451936580240726,,0.005845193658024073,4.21356753577129e-06,0.3,0.1,2.329493522644043,0.4292778624535392,
sb,2730,0.05474853515625,,0.06093672104179859,,0.00609367210417986,4.204795914120041e-06,0.3,0.1,2.314710855484009,0.4320194021775125,
sb,2731,0.06549072265625,,0.05511786788702011,,0.005511786788702011,4.196054760541301e-06,0.3,0.1,2.489985466003418,0.4016087698716822,
sb,2732,0.05615234375,,0.05992323253303766,,0.005992323253303767,4.187342710793018e-06,0.3,0.1,2.804029703140259,0.3566296030602282,
sb,2733,0.0577392578125,,0.07988371700048447,,0.007988371700048447,4.1786624933592975e-06,0.3,0.1,1.8311781883239746,0.5460965002620917,
sb,2734,0.076416015625,,0.06027655676007271,,0.006027655676007271,4.1700109250086825e-06,0.3,0.1,2.416947841644287,0.4137449649387901,
sb,2735,0.056610107421875,,0.06251488346606493,,0.006251488346606493,4.16139118897263e-06,0.3,0.1,2.769134759902954,0.3611236312800629,
sb,2736,0.053802490234375,,0.057421643286943436,,0.005742164328694344,4.152800556767033e-06,0.3,0.1,2.056396007537842,0.4862876587653548,
sb,2737,0.08660888671875,,0.06512702070176601,,0.006512702070176602,4.144242666370701e-06,0.3,0.1,6.226476192474365,0.1606044846374986,
sb,2738,0.07958984375,,0.0571504570543766,,0.005715045705437661,4.135714334552176e-06,0.3,0.1,3.153024435043335,0.31715580408632515,
sb,2739,0.06268310546875,,0.0632280521094799,,0.006322805210947991,4.127215106564108e-06,0.3,0.1,3.0257771015167236,0.33049361088056767,
sb,2740,0.06536865234375,,0.0562787726521492,,0.00562787726521492,4.118748165637953e-06,0.3,0.1,2.1439926624298096,0.4664195067098268,
sb,2741,0.07574462890625,,0.06658482924103737,,0.006658482924103737,4.110310328542255e-06,0.3,0.1,3.8638296127319336,0.2588105843758847,
sb,2742,0.07421875,,0.07021684758365154,,0.007021684758365155,4.1019043237611186e-06,0.3,0.1,2.7805731296539307,0.3596380865999592,
sb,2743,0.0709228515625,,0.05965185817331076,,0.005965185817331076,4.093528332305141e-06,0.3,0.1,2.9748034477233887,0.3361566629772794,
sb,2744,0.06915283203125,,0.08057768642902374,,0.008057768642902375,4.085182808921672e-06,0.3,0.1,3.123936176300049,0.32010897264373295,
sb,2745,0.07708740234375,,0.057331291027367115,,0.0057331291027367115,4.076869572600117e-06,0.3,0.1,4.62103796005249,0.21640159822202393,
sb,2746,0.05926513671875,,0.06397737190127373,,0.006397737190127373,4.0685845306143165e-06,0.3,0.1,2.9678492546081543,0.33694433719883465,
sb,2747,0.0728759765625,,0.05814353562891483,,0.005814353562891484,4.06033223043778e-06,0.3,0.1,2.320824384689331,0.4308813741345886,
sb,2748,0.0579833984375,,0.0685722567141056,,0.006857225671410561,4.052108579344349e-06,0.3,0.1,2.264829158782959,0.4415344071856464,
sb,2749,0.06793212890625,,0.07598710805177689,,0.007598710805177689,4.043917215312831e-06,0.3,0.1,4.727290153503418,0.21153768174329116,
sb,2750,0.0614013671875,,0.06155084911733866,,0.006155084911733866,4.035757228848524e-06,0.3,0.1,2.4795377254486084,0.4033009821696001,
sb,2751,0.06573486328125,,0.05450648721307516,,0.005450648721307516,4.027624981972622e-06,0.3,0.1,3.154054641723633,0.31705221170598313,
sb,2752,0.2025146484375,,0.06295768357813358,,0.006295768357813359,4.019525931653334e-06,0.3,0.1,26.255474090576172,0.03808729549313025,
sb,2753,0.06866455078125,,0.05588339176028967,,0.005588339176028967,4.0114564399118535e-06,0.3,0.1,2.7083449363708496,0.3692291873796505,
sb,2754,0.050140380859375,,0.0661271121352911,,0.0066127112135291105,4.003419235232286e-06,0.3,0.1,2.7058115005493164,0.3695748945545491,
sb,2755,0.0648193359375,,0.06165130250155926,,0.006165130250155926,3.995412043877877e-06,0.3,0.1,2.82330322265625,0.3541950407505891,
sb,2756,0.05780029296875,,0.0573934568092227,,0.00573934568092227,3.987435320595978e-06,0.3,0.1,1.8685994148254395,0.5351601804356863,
sb,2757,0.06591796875,,0.07332635670900345,,0.007332635670900345,3.9794899748812895e-06,0.3,0.1,2.108705997467041,0.4742244775711698,
sb,2758,0.064697265625,,0.0712771862745285,,0.007127718627452851,3.97157464249176e-06,0.3,0.1,3.143789052963257,0.3180874998777113,
sb,2759,0.06634521484375,,0.06130962260067463,,0.0061309622600674634,3.963691597164143e-06,0.3,0.1,3.0254297256469727,0.33053155772314463,
sb,2760,0.06787109375,,0.05848664790391922,,0.005848664790391922,3.955838110414334e-06,0.3,0.1,2.366023302078247,0.4226501062443589,
sb,2761,0.0802001953125,,0.06327343173325062,,0.006327343173325062,3.9480164559790865e-06,0.3,0.1,3.0833992958068848,0.3243173861263769,
sb,2762,0.067626953125,,0.07202303223311901,,0.007202303223311901,3.9402257243636996e-06,0.3,0.1,2.336137056350708,0.42805707708010304,
sb,2763,0.07080078125,,0.07155659608542919,,0.007155659608542919,3.932465460820822e-06,0.3,0.1,1.9841482639312744,0.503994594647206,
sb,2764,0.05938720703125,,0.05222009774297476,,0.0052220097742974765,3.924737029592507e-06,0.3,0.1,2.4822604656219482,0.40285860966223896,
sb,2765,0.047393798828125,,0.061949546448886395,,0.00619495464488864,3.91703861168935e-06,0.3,0.1,9.038158416748047,0.11064200845904211,
sb,2766,0.05047607421875,,0.05534964893013239,,0.00553496489301324,3.909372026100755e-06,0.3,0.1,2.6021533012390137,0.384297112519793,
sb,2767,0.0596923828125,,0.06061035115271807,,0.006061035115271807,3.901736818079371e-06,0.3,0.1,2.51682448387146,0.3973260775267761,
sb,2768,0.06292724609375,,0.06672398187220097,,0.006672398187220097,3.894131623383146e-06,0.3,0.1,3.0883219242095947,0.3238004406732739,
sb,2769,0.07147216796875,,0.05429882928729057,,0.005429882928729058,3.8865587157488335e-06,0.3,0.1,3.4355509281158447,0.2910741307358319,
sb,2770,0.0496826171875,,0.05662036407738924,,0.005662036407738925,3.879014911944978e-06,0.3,0.1,2.2606608867645264,0.4423485211137558,
sb,2771,0.0892333984375,,0.07276792265474796,,0.0072767922654747965,3.871504304697737e-06,0.3,0.1,3.318349599838257,0.3013546252175304,
sb,2772,0.0526123046875,,0.07419214677065611,,0.007419214677065611,3.864023256028304e-06,0.3,0.1,2.7737820148468018,0.36051859686430004,
sb,2773,0.071533203125,,0.08158668037503958,,0.008158668037503957,3.856575858662836e-06,0.3,0.1,3.0718228816986084,0.32553960254604125,
sb,2774,0.056396484375,,0.05491824820637703,,0.005491824820637703,3.849158019875176e-06,0.3,0.1,2.2558555603027344,0.4432907929024501,
sb,2775,0.05157470703125,,0.05925101973116398,,0.0059251019731163986,3.841770194412675e-06,0.3,0.1,1.5307434797286987,0.6532773212773932,
sb,2776,0.05926513671875,,0.054597096517682076,,0.005459709651768208,3.834415565506788e-06,0.3,0.1,2.2436888217926025,0.4456946035863595,
sb,2777,0.06646728515625,,0.053979416377842426,,0.005397941637784243,3.82709094992606e-06,0.3,0.1,2.5330610275268555,0.3947792765878784,
sb,2778,0.08392333984375,,0.06739964708685875,,0.006739964708685875,3.819799076154595e-06,0.3,0.1,3.7688915729522705,0.26532999972102517,
sb,2779,0.07269287109375,,0.061164358630776405,,0.0061164358630776405,3.8125378978293156e-06,0.3,0.1,2.1037702560424805,0.475337075009871,
sb,2780,0.06768798828125,,0.06517201382666826,,0.006517201382666826,3.80530696020287e-06,0.3,0.1,2.770979881286621,0.3608831687134733,
sb,2781,0.06427001953125,,0.0661344351246953,,0.0066134435124695305,3.7981089917593636e-06,0.3,0.1,3.643881320953369,0.2744326480255302,
sb,2782,0.06280517578125,,0.06041110400110483,,0.0060411104001104835,3.7909408092673402e-06,0.3,0.1,2.7703893184661865,0.36096009803908913,
sb,2783,0.06390380859375,,0.05784064158797264,,0.005784064158797265,3.7838051412109053e-06,0.3,0.1,2.942626476287842,0.3398324619377149,
sb,2784,0.067626953125,,0.06443442404270172,,0.006443442404270173,3.776699031732278e-06,0.3,0.1,4.565017223358154,0.21905722389900908,
sb,2785,0.061767578125,,0.05241105146706104,,0.005241105146706105,3.7696261188102653e-06,0.3,0.1,3.066615104675293,0.3260924393398514,
sb,2786,0.079833984375,,0.06178402807563543,,0.006178402807563543,3.7625843560817884e-06,0.3,0.1,2.4944159984588623,0.4008954403025939,
sb,2787,0.06329345703125,,0.06586977932602167,,0.006586977932602167,3.755573516173172e-06,0.3,0.1,3.1745245456695557,0.31500780214918284,
sb,2788,0.0809326171875,,0.06888256408274174,,0.006888256408274174,3.748595418073819e-06,0.3,0.1,2.5920522212982178,0.3857946964892376,
sb,2789,0.07513427734375,,0.05608181841671467,,0.005608181841671467,3.7416461964312475e-06,0.3,0.1,2.792060375213623,0.35815844416454967,
sb,2790,0.077392578125,,0.07090067490935326,,0.007090067490935326,3.7347310808399925e-06,0.3,0.1,2.2207727432250977,0.4502937110745329,
sb,2791,0.06787109375,,0.06462594587355852,,0.006462594587355853,3.7278462059475714e-06,0.3,0.1,2.3093857765197754,0.43301557070598723,
sb,2792,0.0740966796875,,0.06211187969893217,,0.006211187969893218,3.720992935996037e-06,0.3,0.1,3.271747350692749,0.3056470725920396,
sb,2793,0.0592041015625,,0.056788970716297626,,0.005678897071629763,3.7141719531064155e-06,0.3,0.1,2.9419784545898438,0.3399073159220043,
sb,2794,0.07257080078125,,0.06707361713051796,,0.006707361713051797,3.7073814382893033e-06,0.3,0.1,2.7445900440216064,0.36435313979887324,
sb,2795,0.07537841796875,,0.07150687463581562,,0.007150687463581562,3.7006229831604287e-06,0.3,0.1,2.847240447998047,0.3512172639662802,
sb,2796,0.06939697265625,,0.05418999865651131,,0.005418999865651131,3.693895223477739e-06,0.3,0.1,3.1222786903381348,0.3202789049851609,
sb,2797,0.05181884765625,,0.05894044693559408,,0.005894044693559409,3.6872004329779884e-06,0.3,0.1,2.825056314468384,0.35397524462735497,
sb,2798,0.060577392578125,,0.0659791138023138,,0.006597911380231381,3.680537020045449e-06,0.3,0.1,2.02461314201355,0.4939215197454781,
sb,2799,0.05682373046875,,0.07632191106677055,,0.007632191106677056,3.673904075185419e-06,0.3,0.1,2.103140354156494,0.4754794410290652,
sb,2800,0.06085205078125,,0.0754263773560524,,0.00754263773560524,3.6673052363767056e-06,0.3,0.1,1.777345895767212,0.5626366833723936,
sb,2801,0.06622314453125,,0.06536852195858955,,0.006536852195858956,3.6607357287721243e-06,0.3,0.1,2.3357152938842773,0.42813437177825187,
sb,2802,0.0853271484375,,0.051831248216331005,,0.005183124821633101,3.6541994177241577e-06,0.3,0.1,4.365055084228516,0.22909218342126397,
sb,2803,0.0660400390625,,0.052620887756347656,,0.005262088775634766,3.6476947116170777e-06,0.3,0.1,3.9594202041625977,0.25256223094196595,
sb,2804,0.06378173828125,,0.06067141145467758,,0.006067141145467758,3.6412202462088317e-06,0.3,0.1,2.3997650146484375,0.4167074667294034,
sb,2805,0.06298828125,,0.06551534123718739,,0.006551534123718739,3.634778295236174e-06,0.3,0.1,2.15436053276062,0.4641748606109998,
sb,2806,0.10638427734375,,0.05994174815714359,,0.0059941748157143595,3.628367494457052e-06,0.3,0.1,9.945170402526855,0.10055131883370458,
sb,2807,0.04986572265625,,0.052255142480134964,,0.005225514248013497,3.6219896628608694e-06,0.3,0.1,1.7212278842926025,0.5809805947984535,
sb,2808,0.0535888671875,,0.05182464141398668,,0.005182464141398668,3.6156434362055734e-06,0.3,0.1,2.61161470413208,0.38290487429780756,
sb,2809,0.06341552734375,,0.06466616131365299,,0.006466616131365299,3.6093274502491113e-06,0.3,0.1,1.8608053922653198,0.5374017101179039,
sb,2810,0.05999755859375,,0.059544787742197514,,0.005954478774219752,3.6030455703439657e-06,0.3,0.1,1.9599422216415405,0.5102191222568054,
sb,2811,0.05780029296875,,0.06267461366951466,,0.006267461366951466,3.5967932490166277e-06,0.3,0.1,2.453429937362671,0.4075926460223095,
sb,2812,0.051513671875,,0.06490190234035254,,0.006490190234035254,3.5905741242459044e-06,0.3,0.1,1.9263166189193726,0.5191254595316637,
sb,2813,0.06060791015625,,0.06529675517231226,,0.006529675517231226,3.584386149668717e-06,0.3,0.1,2.3572168350219727,0.42422911000068375,
sb,2814,0.051849365234375,,0.05793149583041668,,0.005793149583041668,3.578230462153442e-06,0.3,0.1,2.1647918224334717,0.461938182525046,
sb,2815,0.05389404296875,,0.06478067487478256,,0.006478067487478256,3.5721070617000805e-06,0.3,0.1,1.416759967803955,0.7058358668547413,
sb,2816,0.059326171875,,0.06126846466213465,,0.006126846466213465,3.5660148114402546e-06,0.3,0.1,2.0977566242218018,0.47669972219535567,
sb,2817,0.072265625,,0.05897424276918173,,0.005897424276918173,3.559955075616017e-06,0.3,0.1,2.668455123901367,0.37474866676339974,
sb,2818,0.0526123046875,,0.05573927238583565,,0.0055739272385835655,3.553926489985315e-06,0.3,0.1,2.2037549018859863,0.45377097024001817,
sb,2819,0.057861328125,,0.05832869466394186,,0.005832869466394186,3.547931100911228e-06,0.3,0.1,2.1437623500823975,0.46646961588888997,
sb,2820,0.057861328125,,0.05542829353362322,,0.005542829353362322,3.5419668620306766e-06,0.3,0.1,2.117187738418579,0.47232467005828405,
sb,2821,0.0626220703125,,0.05564470775425434,,0.005564470775425434,3.5360340007173363e-06,0.3,0.1,3.076894998550415,0.3250029658051768,
sb,2822,0.0592041015625,,0.06144163757562637,,0.006144163757562638,3.5301343359606108e-06,0.3,0.1,2.6339471340179443,0.37965834131019705,
sb,2823,0.05096435546875,,0.05830411985516548,,0.005830411985516548,3.524265821397421e-06,0.3,0.1,1.8320541381835938,0.5458353981784942,
sb,2824,0.06878662109375,,0.05592929385602474,,0.005592929385602474,3.518429593896144e-06,0.3,0.1,2.7190542221069336,0.36777493875246176,
sb,2825,0.06585693359375,,0.05677922908216715,,0.0056779229082167156,3.5126254260831047e-06,0.3,0.1,4.7002129554748535,0.2127563175271006,
sb,2826,0.051513671875,,0.05422360450029373,,0.005422360450029373,3.5068535453319782e-06,0.3,0.1,3.8520190715789795,0.2596041144703083,
sb,2827,0.0450439453125,,0.05840382445603609,,0.005840382445603609,3.50111417901644e-06,0.3,0.1,2.64750599861145,0.3777139694959991,
sb,2828,0.06719970703125,,0.058528720401227474,,0.005852872040122747,3.495405053399736e-06,0.3,0.1,2.8356289863586426,0.3526554442808629,
sb,2829,0.06317138671875,,0.0649048499763012,,0.0064904849976301195,3.489729806460673e-06,0.3,0.1,2.6527836322784424,0.3769625188546239,
sb,2830,0.05108642578125,,0.06478536501526833,,0.006478536501526833,3.4840850275941193e-06,0.3,0.1,3.7086353302001953,0.2696409625008936,
sb,2831,0.039337158203125,,0.06079279351979494,,0.006079279351979494,3.4784741274052067e-06,0.3,0.1,1.754351019859314,0.570011353873863,
sb,2832,0.0625,,0.06417571101337671,,0.006417571101337671,3.472894604783505e-06,0.3,0.1,2.9746663570404053,0.3361721551168963,
sb,2833,0.06878662109375,,0.0580758536234498,,0.005807585362344981,3.4673471418500412e-06,0.3,0.1,3.948328733444214,0.25327171760788975,
sb,2834,0.04931640625,,0.0552960317581892,,0.00552960317581892,3.4618321933521656e-06,0.3,0.1,1.6099056005477905,0.6211544326945241,
sb,2835,0.04766845703125,,0.0688800998032093,,0.006888009980320931,3.4563483950478258e-06,0.3,0.1,1.862012267112732,0.5370533898525905,
sb,2836,0.056671142578125,,0.0622709421440959,,0.00622709421440959,3.4508973385527497e-06,0.3,0.1,2.6085801124572754,0.3833503120047951,
sb,2837,0.07659912109375,,0.06938192807137966,,0.006938192807137967,3.445478796493262e-06,0.3,0.1,6.778405666351318,0.14752731677953412,
sb,2838,0.0594482421875,,0.05805725883692503,,0.005805725883692503,3.4400925414956873e-06,0.3,0.1,2.76619815826416,0.3615070008677608,
sb,2839,0.057647705078125,,0.0514426501467824,,0.00514426501467824,3.4347381188126747e-06,0.3,0.1,2.9816412925720215,0.33538574961758083,
sb,2840,0.06121826171875,,0.05200289934873581,,0.005200289934873582,3.4294162105652504e-06,0.3,0.1,3.3775389194488525,0.29607356831381243,
sb,2841,0.05694580078125,,0.05780603736639023,,0.005780603736639023,3.4241263620060636e-06,0.3,0.1,2.7769463062286377,0.3601077909778158,
sb,2842,0.05413818359375,,0.05239037424325943,,0.0052390374243259435,3.4188688005087897e-06,0.3,0.1,3.6436851024627686,0.274447426679133,
sb,2843,0.041229248046875,,0.06555958651006222,,0.006555958651006222,3.4136432986997534e-06,0.3,0.1,1.9359793663024902,0.5165344307929743,
sb,2844,0.05682373046875,,0.06624040845781565,,0.006624040845781565,3.4084507660736563e-06,0.3,0.1,2.9068968296051025,0.3440094570318302,
sb,2845,0.05126953125,,0.05638173222541809,,0.005638173222541809,3.4032896110147703e-06,0.3,0.1,2.072082996368408,0.4826061512751316,
sb,2846,0.0806884765625,,0.06420889217406511,,0.006420889217406512,3.398161652512499e-06,0.3,0.1,2.995305299758911,0.33385578427697804,
sb,2847,0.04071044921875,,0.06122105102986097,,0.006122105102986098,3.39306552632479e-06,0.3,0.1,1.2573310136795044,0.7953355076111258,
sb,2848,0.0489501953125,,0.05224009323865175,,0.005224009323865176,3.388001914572669e-06,0.3,0.1,1.4454225301742554,0.6918392228737733,
sb,2849,0.0509033203125,,0.06683887168765068,,0.006683887168765068,3.3829701351351105e-06,0.3,0.1,2.110741138458252,0.4737672383314752,
sb,2850,0.062042236328125,,0.0686388211324811,,0.0068638821132481105,3.377971779627842e-06,0.3,0.1,1.8926514387130737,0.5283593056521593,
sb,2851,0.04803466796875,,0.053707598708570004,,0.005370759870857,3.373005483808811e-06,0.3,0.1,1.9107682704925537,0.5233496994076745,
sb,2852,0.070892333984375,,0.05705371592193842,,0.0057053715921938425,3.3680703381833155e-06,0.3,0.1,2.64654541015625,0.37785106432047233,
sb,2853,0.04998779296875,,0.058906735852360725,,0.005890673585236073,3.363169071235461e-06,0.3,0.1,1.7662264108657837,0.5661788284038917,
sb,2854,0.060455322265625,,0.06019210442900658,,0.006019210442900658,3.358299181854818e-06,0.3,0.1,2.414886713027954,0.41409810017387105,
sb,2855,0.06134033203125,,0.054035491310060024,,0.005403549131006003,3.3534624890307896e-06,0.3,0.1,2.5625123977661133,0.3902420143885963,
sb,2856,0.03631591796875,,0.05416605155915022,,0.005416605155915022,3.3486594475107267e-06,0.3,0.1,1.9469764232635498,0.5136169026247301,
sb,2857,0.0775146484375,,0.06921587884426117,,0.006921587884426117,3.3438871014368488e-06,0.3,0.1,2.599940538406372,0.38462418091028644,
sb,2858,0.0673828125,,0.06597957853227854,,0.0065979578532278545,3.33914772454591e-06,0.3,0.1,1.9669948816299438,0.5083897316353733,
sb,2859,0.0477294921875,,0.059277258813381195,,0.00592772588133812,3.334439497848507e-06,0.3,0.1,1.3428874015808105,0.7446640714797288,
sb,2860,0.04083251953125,,0.06510871928185225,,0.0065108719281852245,3.3297653772024205e-06,0.3,0.1,1.4775410890579224,0.6768001292184695,
sb,2861,0.06097412109375,,0.06753836758434772,,0.0067538367584347725,3.325123088870896e-06,0.3,0.1,3.066173553466797,0.32613939901390804,
sb,2862,0.06378173828125,,0.06490070186555386,,0.006490070186555386,3.320513769722311e-06,0.3,0.1,2.696131944656372,0.37090172904258667,
sb,2863,0.0482177734375,,0.06280908081680536,,0.0062809080816805364,3.3159371923829895e-06,0.3,0.1,1.973044991493225,0.5068308144576001,
sb,2864,0.06781005859375,,0.06393509544432163,,0.006393509544432164,3.3113915378635284e-06,0.3,0.1,1.7744215726852417,0.5635639328294992,
sb,2865,0.0567626953125,,0.06619294360280037,,0.006619294360280037,3.3068797620217083e-06,0.3,0.1,2.230534315109253,0.4483230736358429,
sb,2866,0.0482177734375,,0.05990828759968281,,0.005990828759968281,3.302400273241801e-06,0.3,0.1,1.5829416513442993,0.6317352248269914,
sb,2867,0.0579833984375,,0.05716366693377495,,0.005716366693377495,3.297953526271158e-06,0.3,0.1,3.0956900119781494,0.3230297594819576,
sb,2868,0.06439208984375,,0.05815284140408039,,0.00581528414040804,3.293539293736103e-06,0.3,0.1,2.793083429336548,0.35802725743768204,
sb,2869,0.04833984375,,0.05686631239950657,,0.005686631239950658,3.2891571208892856e-06,0.3,0.1,2.130934953689575,0.4692775808424209,
sb,2870,0.0528564453125,,0.06752063613384962,,0.006752063613384963,3.2848079172254074e-06,0.3,0.1,4.264159679412842,0.23451279388714077,
sb,2871,0.04864501953125,,0.05790079478174448,,0.005790079478174448,3.2804916827444686e-06,0.3,0.1,2.3097000122070312,0.4329566587500041,
sb,2872,0.05694580078125,,0.05684226565063,,0.005684226565063,3.276207507951767e-06,0.3,0.1,2.8130645751953125,0.355484196423244,
sb,2873,0.0673828125,,0.0547062661498785,,0.005470626614987851,3.271955847594654e-06,0.3,0.1,17.933900833129883,0.055760317250816246,
sb,2874,0.042633056640625,,0.05094613414257765,,0.005094613414257765,3.267737838541507e-06,0.3,0.1,1.6553515195846558,0.604101297016908,
sb,2875,0.08294677734375,,0.05286393500864506,,0.0052863935008645065,3.2635521165502723e-06,0.3,0.1,2.620408773422241,0.38161984883526584,
sb,2876,0.06585693359375,,0.07133002579212189,,0.007133002579212189,3.2593982268736e-06,0.3,0.1,2.1180694103240967,0.4721280592249264,
sb,2877,0.0675048828125,,0.061423120088875294,,0.00614231200888753,3.2552775337535422e-06,0.3,0.1,3.028111219406128,0.3302388609742411,
sb,2878,0.05023193359375,,0.059313615784049034,,0.005931361578404903,3.2511891276953975e-06,0.3,0.1,1.9965153932571411,0.5008726721453357,
sb,2879,0.04998779296875,,0.06199602223932743,,0.006199602223932743,3.2471343729412183e-06,0.3,0.1,1.8296982049942017,0.5465382199482286,
sb,2880,0.0518798828125,,0.05127569753676653,,0.005127569753676653,3.243111905248952e-06,0.3,0.1,1.975548267364502,0.5061885940828259,
sb,2881,0.048828125,,0.055925484746694565,,0.005592548474669457,3.2391214972449234e-06,0.3,0.1,1.721998929977417,0.580720453765389,
sb,2882,0.0406494140625,,0.06523239612579346,,0.006523239612579346,3.2351642857975094e-06,0.3,0.1,1.3336135149002075,0.7498424309795846,
sb,2883,0.06146240234375,,0.05510103143751621,,0.005510103143751621,3.231239816159359e-06,0.3,0.1,2.7292933464050293,0.36639520677291065,
sb,2884,0.0506591796875,,0.0642808685079217,,0.00642808685079217,3.2273485430778237e-06,0.3,0.1,2.506622552871704,0.3989431910497866,
sb,2885,0.0506591796875,,0.06802666746079922,,0.006802666746079922,3.2234886475634994e-06,0.3,0.1,2.7435178756713867,0.3644955292136679,
sb,2886,0.0498046875,,0.05486849881708622,,0.005486849881708622,3.2196633128478425e-06,0.3,0.1,2.626744508743286,0.3806993777550258,
sb,2887,0.03887939453125,,0.05426152981817722,,0.005426152981817723,3.2158693556993967e-06,0.3,0.1,1.8041794300079346,0.5542685962202785,
sb,2888,0.0634765625,,0.05842926166951656,,0.0058429261669516565,3.2121081403602147e-06,0.3,0.1,3.4934725761413574,0.2862481322537042,
sb,2889,0.05950927734375,,0.06493759993463755,,0.006493759993463755,3.2083810310723493e-06,0.3,0.1,9.368247985839844,0.10674354495221575,
sb,2890,0.054443359375,,0.06198038533329964,,0.006198038533329964,3.2046850719780196e-06,0.3,0.1,2.2581660747528076,0.44283722582692064,
sb,2891,0.0703125,,0.060221667401492596,,0.00602216674014926,3.2010232189350063e-06,0.3,0.1,3.4738337993621826,0.2878663913580454,
sb,2892,0.0589599609375,,0.060685587115585804,,0.006068558711558581,3.1973943350749323e-06,0.3,0.1,2.926051378250122,0.3417574986663542,
sb,2893,0.05462646484375,,0.05630338750779629,,0.005630338750779629,3.1937972835294204e-06,0.3,0.1,1.345400094985962,0.7432733234721781,
sb,2894,0.0625,,0.05491708032786846,,0.005491708032786847,3.190233428540523e-06,0.3,0.1,2.4699478149414062,0.40486685344148565,
sb,2895,0.06207275390625,,0.05907745938748121,,0.005907745938748122,3.1867027701082407e-06,0.3,0.1,3.2009217739105225,0.3124100089388669,
sb,2896,0.04852294921875,,0.056544484570622444,,0.005654448457062245,3.1832046261115465e-06,0.3,0.1,2.6137590408325195,0.38259073785221065,
sb,2897,0.034576416015625,,0.06738905888050795,,0.006738905888050795,3.179738996550441e-06,0.3,0.1,1.481430172920227,0.6750233782728878,
sb,2898,0.070526123046875,,0.058567444793879986,,0.005856744479387999,3.1763065635459498e-06,0.3,0.1,2.3722870349884033,0.4215341504848246,
sb,2899,0.05377197265625,,0.06354323122650385,,0.006354323122650385,3.172907554471749e-06,0.3,0.1,2.658116579055786,0.3762062235642122,
sb,2900,0.060546875,,0.05634850822389126,,0.005634850822389126,3.169539922964759e-06,0.3,0.1,3.8814444541931152,0.25763604549839747,
sb,2901,0.05804443359375,,0.05581715423613787,,0.005581715423613787,3.1662070796301123e-06,0.3,0.1,2.6680192947387695,0.37480988311140073,
sb,2902,0.062255859375,,0.07307014800608158,,0.0073070148006081585,3.162905386489001e-06,0.3,0.1,1.9987599849700928,0.5003101960813784,
sb,2903,0.06793212890625,,0.06537310779094696,,0.006537310779094696,3.1596377993992064e-06,0.3,0.1,3.186166763305664,0.31385676717137523,
sb,2904,0.06207275390625,,0.06684879027307034,,0.006684879027307034,3.156403181492351e-06,0.3,0.1,2.140627384185791,0.46715276436602254,
sb,2905,0.04827880859375,,0.05937702767550945,,0.005937702767550946,3.153200623273733e-06,0.3,0.1,2.439197063446045,0.4099709756895253,
sb,2906,0.04229736328125,,0.060622263699769974,,0.006062226369976997,3.1500317163590807e-06,0.3,0.1,1.644048810005188,0.6082544471394644,
sb,2907,0.06231689453125,,0.05624401103705168,,0.005624401103705168,3.1468950965063414e-06,0.3,0.1,2.2187840938568115,0.4506972998268369,
sb,2908,0.0472412109375,,0.058702622540295124,,0.005870262254029513,3.143792355331243e-06,0.3,0.1,2.1153862476348877,0.47272690796683214,
sb,2909,0.0460205078125,,0.06113404594361782,,0.006113404594361782,3.1407219012180576e-06,0.3,0.1,2.396530866622925,0.41726981860623874,
sb,2910,0.05224609375,,0.0565138952806592,,0.005651389528065921,3.137684188914136e-06,0.3,0.1,2.5892772674560547,0.3862081564491903,
sb,2911,0.0599365234375,,0.06223108805716038,,0.006223108805716038,3.1346803552878555e-06,0.3,0.1,2.5391712188720703,0.3938292906628848,
sb,2912,0.07318115234375,,0.0575781874358654,,0.005757818743586541,3.131708808723488e-06,0.3,0.1,3.3515806198120117,0.29836668528537125,
sb,2913,0.05963134765625,,0.06521712336689234,,0.0065217123366892345,3.1287711408367613e-06,0.3,0.1,2.5557496547698975,0.39127462978764765,
sb,2914,0.0555419921875,,0.05984337069094181,,0.005984337069094181,3.125864395769895e-06,0.3,0.1,2.308237314224243,0.4332310173817989,
sb,2915,0.0775146484375,,0.0775157306343317,,0.0077515730634331705,3.122992666249047e-06,0.3,0.1,2.934169054031372,0.34081199194233885,
sb,2916,0.0462646484375,,0.06160484626889229,,0.006160484626889229,3.1201529964164365e-06,0.3,0.1,1.8019806146621704,0.5549449266342285,
sb,2917,0.07012939453125,,0.05859524291008711,,0.0058595242910087116,3.1173462957667653e-06,0.3,0.1,3.2611658573150635,0.30663880457257875,
sb,2918,0.08184814453125,,0.06083241757005453,,0.006083241757005454,3.114573473794735e-06,0.3,0.1,3.3145720958709717,0.3016980687328298,
sb,2919,0.04644775390625,,0.06406003702431917,,0.006406003702431918,3.1118329388846178e-06,0.3,0.1,1.470929741859436,0.6798421240268601,
sb,2920,0.06719970703125,,0.060023341327905655,,0.006002334132790566,3.1091258279047906e-06,0.3,0.1,2.8586690425872803,0.3498131420959928,
sb,2921,0.04925537109375,,0.057772221975028515,,0.005777222197502852,3.106451231360552e-06,0.3,0.1,2.4585983753204346,0.4067358093286252,
sb,2922,0.0594482421875,,0.058606100268661976,,0.005860610026866198,3.1038102861202788e-06,0.3,0.1,1.821284294128418,0.5490630997169794,
sb,2923,0.0709228515625,,0.05555719044059515,,0.005555719044059515,3.101201400568243e-06,0.3,0.1,2.924020290374756,0.3419948908329345,
sb,2924,0.06353759765625,,0.05520419683307409,,0.005520419683307409,3.098626621067524e-06,0.3,0.1,2.095172166824341,0.4772877455296207,
sb,2925,0.06243896484375,,0.06109053548425436,,0.006109053548425437,3.096084810749744e-06,0.3,0.1,2.645188093185425,0.37804494983786435,
sb,2926,0.05767822265625,,0.04857677035033703,,0.004857677035033703,3.0935750601202017e-06,0.3,0.1,2.9426920413970947,0.3398248902475138,
sb,2927,0.05377197265625,,0.05588383413851261,,0.005588383413851261,3.0910998702893266e-06,0.3,0.1,2.3595752716064453,0.42380508561576014,
sb,2928,0.0687255859375,,0.06634299922734499,,0.0066342999227345,3.088656740146689e-06,0.3,0.1,2.6275575160980225,0.380581583418589,
sb,2929,0.05975341796875,,0.07587576936930418,,0.007587576936930418,3.0862468065606663e-06,0.3,0.1,1.6620272397994995,0.601674855895043,
sb,2930,0.06121826171875,,0.07711379043757915,,0.007711379043757916,3.0838707516522845e-06,0.3,0.1,1.8252220153808594,0.5478785548131444,
sb,2931,0.07098388671875,,0.06991550885140896,,0.006991550885140896,3.0815267564321402e-06,0.3,0.1,1.5025842189788818,0.6655201002174604,
sb,2932,0.05877685546875,,0.0791294015944004,,0.007912940159440041,3.079216639889637e-06,0.3,0.1,1.183332920074463,0.845070717661665,
sb,2933,0.0489501953125,,0.06172135844826698,,0.006172135844826699,3.0769392651563976e-06,0.3,0.1,2.1199934482574463,0.4716995709689395,
sb,2934,0.046722412109375,,0.06020493246614933,,0.006020493246614933,3.0746944048587466e-06,0.3,0.1,2.435011386871338,0.4106756976134167,
sb,2935,0.04656982421875,,0.0624039676040411,,0.00624039676040411,3.0724838779860875e-06,0.3,0.1,1.5946673154830933,0.6270900458614197,
sb,2936,0.06048583984375,,0.06458044797182083,,0.006458044797182084,3.0703058655490167e-06,0.3,0.1,2.5211682319641113,0.39664152011821596,
sb,2937,0.05804443359375,,0.05558395478874445,,0.005558395478874445,3.068161277042236e-06,0.3,0.1,2.3432650566101074,0.42675496618664793,
sb,2938,0.05230712890625,,0.06994114257395267,,0.0069941142573952675,3.066049202971044e-06,0.3,0.1,3.3387930393218994,0.29950942997146585,
sb,2939,0.05621337890625,,0.061202130280435085,,0.006120213028043509,3.063970552830142e-06,0.3,0.1,3.0666885375976562,0.32608463094311085,
sb,2940,0.06805419921875,,0.06404595728963614,,0.006404595728963614,3.06192532661953e-06,0.3,0.1,2.0586342811584473,0.4857589369575998,
sb,2941,0.050445556640625,,0.05529339797794819,,0.005529339797794819,3.0599126148445066e-06,0.3,0.1,2.2504851818084717,0.4443486267243084,
sb,2942,0.0531005859375,,0.059851277619600296,,0.00598512776196003,3.0579340091207996e-06,0.3,0.1,1.5888493061065674,0.6293863087937982,
sb,2943,0.05224609375,,0.05873634200543165,,0.005873634200543165,3.055988372580032e-06,0.3,0.1,1.692689299583435,0.590775873780319,
sb,2944,0.0672607421875,,0.06641629338264465,,0.0066416293382644655,3.0540757052222034e-06,0.3,0.1,1.7628060579299927,0.5672773788707467,
sb,2945,0.051849365234375,,0.0573708638548851,,0.005737086385488511,3.052196007047314e-06,0.3,0.1,2.7456634044647217,0.36421070345837026,
sb,2946,0.048736572265625,,0.05897673685103655,,0.005897673685103655,3.0503492780553643e-06,0.3,0.1,2.545595407485962,0.39283540387417776,
sb,2947,0.06304931640625,,0.056335016153752804,,0.005633501615375281,3.0485364277410554e-06,0.3,0.1,2.861668586730957,0.34944647491216146,
sb,2948,0.07037353515625,,0.049668390303850174,,0.004966839030385018,3.0467565466096858e-06,0.3,0.1,1.823039174079895,0.5485345648179554,
sb,2949,0.044677734375,,0.06555512174963951,,0.006555512174963952,3.0450096346612554e-06,0.3,0.1,2.5284478664398193,0.3954995526200229,
sb,2950,0.0506591796875,,0.05814619455486536,,0.0058146194554865365,3.0432956918957643e-06,0.3,0.1,1.8175935745239258,0.5501780012959858,
sb,2951,0.06298828125,,0.05388847645372152,,0.005388847645372153,3.0416156278079143e-06,0.3,0.1,2.3116064071655273,0.432599596929735,
sb,2952,0.0577392578125,,0.061490971595048904,,0.006149097159504891,3.0399685329030035e-06,0.3,0.1,2.111785888671875,0.47353285452101906,
sb,2953,0.06256103515625,,0.05864639766514301,,0.005864639766514301,3.0383541798073566e-06,0.3,0.1,4.338205337524414,0.23051006630558604,
sb,2954,0.08233642578125,,0.06710407324135303,,0.0067104073241353035,3.036773932763026e-06,0.3,0.1,2.4426445960998535,0.4093923453279655,
sb,2955,0.0506591796875,,0.06372581981122494,,0.0063725819811224944,3.0352264275279595e-06,0.3,0.1,2.011820077896118,0.4970623421979964,
sb,2956,0.0758056640625,,0.06391347199678421,,0.006391347199678422,3.0337121188495075e-06,0.3,0.1,2.9709038734436035,0.3365978983496663,
sb,2957,0.05511474609375,,0.06353286933153868,,0.006353286933153868,3.032230779353995e-06,0.3,0.1,2.077108383178711,0.4814385267992834,
sb,2958,0.050537109375,,0.05394338443875313,,0.0053943384438753135,3.0307833185361233e-06,0.3,0.1,1.9205271005630493,0.5206903873977231,
sb,2959,0.0596923828125,,0.05770540703088045,,0.0057705407030880455,3.0293685995275155e-06,0.3,0.1,2.563406467437744,0.3901059050535794,
sb,2960,0.06768798828125,,0.06535273604094982,,0.006535273604094983,3.0279870770755224e-06,0.3,0.1,2.454021453857422,0.40749440002984577,
sb,2961,0.04803466796875,,0.05721289571374655,,0.005721289571374655,3.026639205927495e-06,0.3,0.1,5.526468276977539,0.18094738807528385,
sb,2962,0.05743408203125,,0.05649132002145052,,0.005649132002145053,3.0253236218413804e-06,0.3,0.1,2.210573434829712,0.4523713097443576,
sb,2963,0.0594482421875,,0.059856618754565716,,0.005985661875456572,3.0240423711802578e-06,0.3,0.1,2.5027003288269043,0.39956841355781975,
sb,2964,0.05328369140625,,0.06365463137626648,,0.006365463137626648,3.0227936349547235e-06,0.3,0.1,2.160764217376709,0.46279922258896766,
sb,2965,0.055419921875,,0.05293621215969324,,0.005293621215969324,3.021578550033155e-06,0.3,0.1,2.2082536220550537,0.45284653447975604,
sb,2966,0.072021484375,,0.06265599001199007,,0.006265599001199007,3.0203973437892273e-06,0.3,0.1,2.6245336532592773,0.3810200714165543,
sb,2967,0.04302978515625,,0.05416299216449261,,0.005416299216449261,3.0192484246072127e-06,0.3,0.1,1.7152953147888184,0.5829899909235844,
sb,2968,0.0511474609375,,0.0596700357273221,,0.005967003572732211,3.018132929355488e-06,0.3,0.1,2.4381377696990967,0.4101490951118054,
sb,2969,0.052978515625,,0.059932293370366096,,0.00599322933703661,3.017050858034054e-06,0.3,0.1,1.6548584699630737,0.6042812833548925,
sb,2970,0.0526123046875,,0.05915738455951214,,0.0059157384559512145,3.0160022106429096e-06,0.3,0.1,2.0237226486206055,0.49413885874213664,
sb,2971,0.05548095703125,,0.06048666127026081,,0.006048666127026082,3.01498675980838e-06,0.3,0.1,1.6897557973861694,0.5918014908111981,
sb,2972,0.0445556640625,,0.06399523373693228,,0.006399523373693228,3.01400427815679e-06,0.3,0.1,1.4338061809539795,0.6974443361198599,
sb,2973,0.06097412109375,,0.07045383006334305,,0.007045383006334305,3.0130556751828408e-06,0.3,0.1,2.886153221130371,0.34648195136651366,
sb,2974,0.037994384765625,,0.05603046342730522,,0.005603046342730522,3.012139131897129e-06,0.3,0.1,1.608164668083191,0.6218268687571177,
sb,2975,0.0592041015625,,0.07097261305898428,,0.007097261305898429,3.011257149410085e-06,0.3,0.1,1.8743312358856201,0.5335236274433108,
sb,2976,0.0592041015625,,0.06035152357071638,,0.006035152357071638,3.0104083634796552e-06,0.3,0.1,2.081665277481079,0.4803846280272546,
sb,2977,0.05426025390625,,0.05687097553163767,,0.005687097553163767,3.009592546732165e-06,0.3,0.1,2.4991016387939453,0.4001437894629189,
sb,2978,0.05908203125,,0.06644952669739723,,0.006644952669739724,3.0088094717939384e-06,0.3,0.1,1.849666714668274,0.5406379387539251,
sb,2979,0.04193115234375,,0.056764150969684124,,0.005676415096968413,3.008060275533353e-06,0.3,0.1,1.9782499074935913,0.5054973065900369,
sb,2980,0.044830322265625,,0.0627492405474186,,0.00627492405474186,3.007344048455707e-06,0.3,0.1,2.2290706634521484,0.4486174513872548,
sb,2981,0.06439208984375,,0.06519249361008406,,0.006519249361008406,3.0066617000557017e-06,0.3,0.1,2.794846534729004,0.3578013989583735,
sb,2982,0.05462646484375,,0.06465192325413227,,0.006465192325413227,3.0060116387176095e-06,0.3,0.1,2.1569149494171143,0.4636251421365689,
sb,2983,0.058349609375,,0.056333708576858044,,0.005633370857685805,3.0053961381781846e-06,0.3,0.1,2.538788080215454,0.39388872501525807,
sb,2984,0.06378173828125,,0.062339906580746174,,0.006233990658074617,3.0048126973269973e-06,0.3,0.1,2.1648807525634766,0.46191920678119613,
sb,2985,0.04736328125,,0.06761818286031485,,0.006761818286031485,3.004263135153451e-06,0.3,0.1,2.334721088409424,0.4283166862904684,
sb,2986,0.05914306640625,,0.060764907859265804,,0.006076490785926581,3.0037472242838703e-06,0.3,0.1,3.161217212677002,0.316333846339263,
sb,2987,0.0518798828125,,0.06376758962869644,,0.006376758962869645,3.0032645099709043e-06,0.3,0.1,1.9212881326675415,0.5204841392590017,
sb,2988,0.05712890625,,0.06457649450749159,,0.0064576494507491596,3.0028147648408776e-06,0.3,0.1,1.9246540069580078,0.5195739059513038,
sb,2989,0.04608154296875,,0.055144584737718105,,0.005514458473771811,3.0023977615201147e-06,0.3,0.1,2.785066604614258,0.3590578402481343,
sb,2990,0.059814453125,,0.0568050779402256,,0.005680507794022561,3.0020148642506683e-06,0.3,0.1,4.015213489532471,0.2490527596121519,
sb,2991,0.046661376953125,,0.06137148570269346,,0.006137148570269347,3.0016656182851875e-06,0.3,0.1,2.3964107036590576,0.41729074172182135,
sb,2992,0.05169677734375,,0.0619065947830677,,0.00619065947830677,3.0013486593816197e-06,0.3,0.1,1.5692232847213745,0.6372579413882176,
sb,2993,0.04278564453125,,0.06385438982397318,,0.006385438982397318,3.0010660339030437e-06,0.3,0.1,2.018650770187378,0.49538038712222454,
sb,2994,0.04840087890625,,0.06451447401195765,,0.006451447401195765,3.0008156954863807e-06,0.3,0.1,2.9887030124664307,0.33459329877502575,
sb,2995,0.065460205078125,,0.06040066294372082,,0.0060400662943720825,3.000599463121034e-06,0.3,0.1,1.931950569152832,0.5176115869457799,
sb,2996,0.0567626953125,,0.05183990020304918,,0.005183990020304919,3.0004159725649515e-06,0.3,0.1,2.946254014968872,0.3394140474376461,
sb,2997,0.06195068359375,,0.051666692830622196,,0.00516666928306222,3.00026636068651e-06,0.3,0.1,2.3793439865112305,0.4202839125696464,
sb,2998,0.05322265625,,0.06769977509975433,,0.006769977509975433,3.0001497179910075e-06,0.3,0.1,2.0443661212921143,0.4891491742036712,
sb,2999,0.06463623046875,,0.058117080479860306,,0.005811708047986031,3.0000667265994707e-06,0.3,0.1,3.8771374225616455,0.25792224804332436,
sb,3000,0.06134033203125,,0.05707548372447491,,0.005707548372447491,3.0000169317645486e-06,0.3,0.1,3.5533950328826904,0.28142100462969083,
